ticker,name,node,r2_adj,n_obs,dominant,dominant_t,beta_CL,t_CL,varshare_CL,beta_NG,t_NG,varshare_NG,beta_CRACK_321,t_CRACK_321,varshare_CRACK_321,beta_WTI_BRENT,t_WTI_BRENT,varshare_WTI_BRENT,beta_SPX,t_SPX,varshare_SPX,beta_TNX,t_TNX,varshare_TNX,beta_URA,t_URA,varshare_URA,beta_BDRY,t_BDRY,varshare_BDRY
XOM,ExxonMobil,iocs_integrated,0.3853903488834214,261,CL,1.315620436138831,0.3709412068838862,1.315620436138831,0.28976730851923577,0.004328594646169961,0.8093348040122572,0.0009297154831103264,-0.0011659149050016818,-0.07599753600006208,0.0009464164313722229,-0.0034648741168968747,-2.157615257807633,0.008358406423143004,0.20351783319701577,1.934132839678742,0.014533555968947552,0.0010362195609258803,0.5742242966855216,0.000747570466255986,0.09518306707446582,1.9764835176972984,0.02036731986425473,0.035008641421839855,1.6179713410527958,0.005626113205027968
CVX,Chevron,iocs_integrated,0.40146449466988987,261,CRACK_321,-0.6895256099887171,0.14787511920273852,0.5458427691774435,0.050053159480822895,-0.00023995650895177178,-0.030791774779136596,3.105441502909684e-06,-0.010628951191784908,-0.6895256099887171,0.08549317461396964,-0.004189743640819025,-2.9936130199421305,0.013283897607700358,0.31362094072730057,2.570744213746311,0.03751276780059819,0.0023241408771434236,1.158099743917519,0.00408766707358048,0.12639599645863311,2.6647495635790346,0.03903760682052369,0.04599204922901022,2.076122453269179,0.01055420506127076
COP,ConocoPhillips,upstream_oil_eandp,0.4637500879452492,261,CL,1.1137605795785968,0.3896115210809353,1.1137605795785968,0.21073953220501535,0.0013659101930323992,0.1856105807035433,6.103004976119864e-05,-0.0064495394554916225,-0.3320114521666199,0.019091901076937038,-0.0047537888327642734,-2.5811470692543566,0.01037221570085274,0.47831892552086863,4.290856401808451,0.05292310072588869,0.004458971904258028,2.113813640272758,0.009125596025167047,0.06656391183429007,1.3216710901497741,0.006566521521703516,0.07211688474282939,2.3430813484463,0.01573892523305645
EOG,EOG Resources,upstream_oil_eandp,0.47399869662515204,261,CL,1.239959687929108,0.4784741175427785,1.239959687929108,0.2943281846685666,0.01113160845078916,1.5542529371960077,0.003753598330610303,-0.002300063844038076,-0.10243134046214886,0.0022485578804451196,-0.0047167196836442205,-2.093911292305793,0.009455933787387202,0.49178728215162093,4.126895608556963,0.05180805164961949,0.004461053165586874,1.8740318559471603,0.008458611669763307,0.09678893625871475,1.863451625501715,0.012857059500958404,0.051663299128532444,1.84590787407234,0.007479937164823238
FANG,Diamondback Energy,upstream_oil_eandp,0.4837707856489085,261,CL,2.1691073657947397,0.8680426665445181,2.1691073657947397,0.7463882816141217,0.006224221206708306,0.8947924782019089,0.0009042108363580617,0.016846711649138157,0.7510861324620067,0.09294419920580092,-0.0054532130673865635,-2.1529876326291317,0.009738609200952023,0.6542388581149703,4.990070114976846,0.07064526513951458,0.007474663524164949,3.2454642619747047,0.018296806698758456,0.10348315666820156,2.0117312213042857,0.011323932504017215,0.07140401770057468,2.126883506993567,0.011008970081403826
OXY,Occidental Petroleum,upstream_oil_eandp,0.43629273095130694,261,CL,0.9733777282175126,0.49913298137733436,0.9733777282175126,0.2366658987349148,0.012029917572858106,2.032091962902664,0.003239257361894159,-0.007153831173472734,-0.23204007347068403,0.016072737810345353,-0.006060927211725431,-2.185416686019415,0.011536939719192214,0.35529132979962746,2.2331568732443943,0.01998021189065358,0.001121093961932238,0.34239913866868305,0.0003947267089355065,0.10415961434841679,1.6964529819657985,0.011002139421766503,0.09666101005040502,2.5365563704574092,0.01934748564121119
DVN,Devon Energy,upstream_oil_eandp,0.4020843645641341,261,CL,1.9051474779173019,0.8602871208151659,1.9051474779173019,0.653748892964223,0.0189159354460405,1.9419962537606947,0.007447264395137424,0.015435901836025856,0.6262102687611183,0.06958209132789847,-0.006320446620721765,-2.5688994681329547,0.011666188709726173,0.6142969725690267,5.124830295088426,0.055540347862214734,0.004689610032479665,1.665909703808356,0.006422541539576124,0.054177414360560235,0.7849734392985722,0.002767807878139789,0.0726674320950953,1.8042759750120247,0.010167694221027876
CTRA,Coterra Energy,upstream_oil_eandp,0.3669224280779748,261,CRACK_321,-1.864907801660332,-0.2714139357983304,-0.725508179287998,0.08620721181316877,0.029403357811984897,2.752754801591816,0.023839117446270756,-0.03948004838579162,-1.864907801660332,0.6030370607734348,-0.005725364294062941,-1.6795140788350222,0.012682208862373284,0.5276766033961813,3.5974502365650687,0.0542928590060091,0.006087557430637458,2.530267311218076,0.014337544989169986,0.08058787473227975,1.174826771329188,0.008113233724296965,0.0675062765613398,2.2130541451771792,0.011624822970895966
OVV,Ovintiv,upstream_oil_eandp,0.513164357349382,261,CL,2.060591578873398,0.8102591822931486,2.060591578873398,0.47499790967891664,0.011075629559395034,1.0679493557107604,0.002091209875397501,0.007614847095351018,0.35312401154004125,0.013869968908721043,-0.00918688364784226,-3.5313834747846427,0.020187825645437158,0.7091560795187085,4.933344852864112,0.06062547550736974,0.0061233006373661155,2.232385479341203,0.00896859222499035,0.20149518062039726,2.9307444991691214,0.03135800105335312,0.08971272126210447,2.537287466040229,0.012693183612572748
APA,APA Corporation,upstream_oil_eandp,0.4838090916163261,261,CL,2.1900905419553363,1.0224138536645342,2.1900905419553363,0.6968002933489134,0.011005323448983646,1.1458849233285677,0.0019022933864651028,0.016495850838730577,0.6338672324833453,0.059967183698161584,-0.008999807330110266,-2.8004567997361707,0.017849688248202215,0.5862340069286409,3.252697927610993,0.03817021542556862,0.0070274572792568685,2.7627432337417006,0.010883300973386882,0.1608882051467481,2.2470620516579998,0.01841953048504914,0.01866165598423057,0.46428605999623024,0.000506027312478509
PR,Permian Resources,upstream_oil_eandp,0.427657588688108,261,CL,2.9130487639768528,1.4243205273805473,2.9130487639768528,1.2629825700143087,0.007884271753680887,0.7357926391977972,0.0009118471864487121,0.042984120925743954,1.6053641469435669,0.38028336344604396,-0.006923156675094351,-2.441214351745545,0.009865055839198483,0.5982544624674385,3.3121454400576096,0.037126285943514394,0.008269511449936994,2.509178020460701,0.014075081991577615,0.2120320859638044,2.829917858752123,0.02987860594549105,0.06276016722126514,1.2114846853057695,0.005345259577758104
MTDR,Matador Resources,upstream_oil_eandp,0.5062708508795488,261,CL,2.182075439871658,0.9413600460864713,2.182075439871658,0.6011795598057201,0.0040654245138644724,0.42954483706484536,0.00026419311036156155,0.013011036770174865,0.532991050935365,0.03796870882009875,-0.009454392304405085,-3.9521598026169737,0.02004791712822584,0.7106286667941275,4.90282398053777,0.05708287653785628,0.006844507790612446,2.6921448067691243,0.01050718706889056,0.1845572043945575,3.0228292226490234,0.024667773793037397,0.04836354555594973,1.2219092468806816,0.003458976982724134
CHRD,Chord Energy,upstream_oil_eandp,0.46766653137037273,261,CL,1.2176196562138786,0.5220399656915586,1.2176196562138786,0.2836518735731826,0.011229160096222381,1.4954330874127801,0.0030923575367911797,-0.002074126647546531,-0.0846948308899193,0.0014803282646259409,-0.00948571996214773,-5.113288451345976,0.03096193450030499,0.6370551186057394,4.623904734924563,0.07038172261656873,0.006536337730074969,2.917259704116338,0.014701324267607275,0.07528099359919764,1.3675316033216547,0.006296860978780858,0.042239559170422686,1.1608729189578046,0.004047954588041226
SM,SM Energy,upstream_oil_eandp,0.49611724551064407,261,CL,2.9160715098324688,1.2561619439693903,2.9160715098324688,0.7649071832482187,0.01025770063633447,1.081012029232277,0.0012018064152242202,0.023559562617557137,0.9918967787976563,0.08895313521981225,-0.014410231190942058,-4.3042754961232825,0.03327888060879427,0.8819952736816322,5.534995250155099,0.06283154116871004,0.006793139728886863,2.1063966419410454,0.0073955062450971045,0.1799513481061213,2.417218384018079,0.0167572578643497,0.04347917479124875,0.8617025281175653,0.001997555188577666
MGY,Magnolia Oil & Gas,upstream_oil_eandp,0.5238575810646142,261,CL,2.3049916707740024,0.7118404010576803,2.3049916707740024,0.49822976244269057,0.016740958405766726,1.8513482314105203,0.0064929496896185875,0.006351639287070726,0.3812452297711239,0.013114308358324552,-0.008156432963281718,-3.898401707776921,0.021625904494459874,0.6445514107533159,5.396703883223565,0.06806239843915098,0.004035246867266283,1.4432499156701257,0.005293147014887118,0.14247921658415064,2.6310154533352734,0.021308000902240103,0.05006616983320627,1.5609035129612512,0.005372443581151277
NOG,Northern Oil & Gas,upstream_oil_eandp,0.461704469622952,261,CL,2.221667524823622,1.1085942235102353,2.221667524823622,0.7887872457504123,0.02221868347748231,2.0414910680645435,0.007465661649514806,0.02354339162944704,0.8344540741886186,0.11761482002222837,-0.008417117123455251,-3.1088393237433847,0.01503317577011581,0.7845762301788561,5.0899358496882945,0.06582830481366773,0.005115688869910536,1.651217454029337,0.005553058404779653,0.15361633104004388,2.1165820334929855,0.016168312777833503,0.036215713525076174,0.894251217020107,0.001834963691711109
CRGY,Crescent Energy,upstream_oil_eandp,0.39913709964313604,230,CL,2.4443602028832263,1.2856064417986657,2.4443602028832263,1.0157968353982756,0.020759598500456285,1.44491319196637,0.006876143756073614,0.037229685977915705,1.3836825674602227,0.2903033239181329,-0.0035390977885250896,-0.9821547049626487,0.0022186141758556923,0.9066033323656135,5.1400020786476395,0.08889803905660709,0.00831745579315048,2.383900564750247,0.015032090130862878,0.11139214421680872,1.4194315369416541,0.007332572427454089,0.0977642133295931,2.066662170236199,0.011546212603050167
MUR,Murphy Oil,upstream_oil_eandp,0.413310393289015,261,CL,1.0731830809732794,0.4790166020336689,1.0731830809732794,0.17948965162775038,0.0017984537603283942,0.15644308980583227,5.961476520187407e-05,-0.005632283821746496,-0.2312574549270941,0.008203830597694781,-0.009469506012315875,-3.699759172012484,0.02319008118031624,0.7179672673883088,4.511366461926957,0.0671854599297646,0.0065320523321273916,2.181367344516281,0.011034354480871048,0.14224977279150358,2.1473663841251316,0.016897276646500353,0.0668254048441211,1.5858326030235521,0.007614479226903127
CRC,California Resources,upstream_oil_eandp,0.38666359365164404,261,CL,2.051712130869303,0.6788619645623015,2.051712130869303,0.4502033977857783,0.005223204673898225,0.5966687891477644,0.0006279671211184614,0.01077036681329545,0.5899680839977138,0.037464172276952944,-0.0061848374887790766,-2.560037657053442,0.012354117798051635,0.541282497001175,4.476013093519537,0.04768936113301872,0.006733076077554685,2.4735580110611517,0.01464138618718533,0.16283661983392328,2.8721929554032117,0.027651916775218856,0.08322886930624962,2.1103107607809117,0.0147506966044118
TALO,Talos Energy,upstream_oil_eandp,0.3848481545629485,261,CL,1.7741350274646128,1.0127538883980434,1.7741350274646128,0.49726370311093326,0.011941581153244714,1.0556535050533091,0.0016289944027437597,0.011097040410826608,0.3486494011217908,0.019737974966144583,-0.009100835973509426,-2.3058808136108078,0.013275498341435791,0.44086023177667955,2.156225348002923,0.01570031955928224,0.0029349831269547284,0.7761319016666212,0.001380700481850945,0.18350563750295626,2.0247054779923745,0.01742821911190333,0.05323227428651542,1.0676366589567454,0.002994661159008401
KOS,Kosmos Energy,upstream_oil_eandp,0.4498089252662346,261,CL,3.668255843957154,2.0546917957500046,3.668255843957154,1.483309163081813,-0.018291454441322512,-1.566679089725755,0.0027698215339956294,0.06719834927585802,2.0703332044441383,0.5245233821842753,-0.015684344665988784,-3.4840987078935504,0.028574615697879,0.4895271771692205,2.036888277742148,0.01402877153643161,0.008954711979401451,1.8196687934558367,0.009314314262043554,0.4461780151587648,4.7625576883898635,0.0746672074059215,0.1455168384868116,2.626171635740922,0.016217486055616844
HPK,HighPeak Energy,upstream_oil_eandp,0.26232927648063165,261,CL,2.150384814343314,1.2359864748085907,2.150384814343314,0.5744597045304287,-0.026712411278832483,-1.125144005253987,0.006322303225581702,0.026511922175548625,0.835679551082775,0.08738238693398531,-0.010432112163787994,-2.458234111325964,0.013529631464702638,0.4676445143848003,1.6595543699322726,0.013702239172859367,0.005021535654892611,1.0319132624028038,0.0031348341749375484,0.13576634969103554,1.315504290208739,0.00739931787625877,-0.020984156229413322,-0.3805111453151086,0.00036093905895284495
REPX,Riley Exploration Permian,upstream_oil_eandp,0.22958811992275074,261,CL,4.096519574032393,1.5371067593376158,4.096519574032393,0.9661801705890084,-0.0008671005941898298,-0.06893884311380884,7.244460103199911e-06,0.05154682614050732,2.4645640767024095,0.3592222697067052,-0.012143321085257258,-2.8207446768567834,0.01993583129066621,0.7741582312228316,3.2839467634928203,0.040835440834641176,-0.002265751898315635,-0.5395085717049791,0.000694039355504532,0.13487678625851737,1.5304497707217068,0.007941448841154634,0.005906553076440656,0.08787474200649824,3.1098325367743245e-05
VTS,Vitesse Energy,upstream_oil_eandp,0.27357540209054865,173,CL,3.8403168165670616,1.3032364568122201,3.8403168165670616,2.0481989814239694,0.0012398962690441545,0.18021806960508363,6.751772929486478e-05,0.056685472258238515,3.297045462285462,1.1421664629964425,-0.0015673858932233533,-0.5072264789652334,0.0009127937885333498,0.7616294835731301,3.963150993419757,0.1033913680097074,0.0050128017815329155,1.1053323141267044,0.010436344126144139,-0.034040359109167376,-0.483786399364844,0.0014182455984088967,0.03908850024697906,0.9561483922120549,0.0035165333519829906
GRNT,Granite Ridge Resources,upstream_oil_eandp,0.08759593776468166,261,CL,2.2799018146330736,0.7321361093860057,2.2799018146330736,0.7118732526699443,-0.005302029578159891,-0.57130867939011,0.0008796710828330935,0.02944590142897989,1.6659924571560014,0.3806957835036715,-0.004164484907643247,-1.6269163331129222,0.007614667491992864,0.41112518299055056,2.5445293632268453,0.03740200659115127,0.0031460920819301403,1.2937204009260868,0.004345814836016781,-0.030074214685484463,-0.5780201528288768,0.0012822800370614015,0.011237300277177079,0.34173665921865454,0.0003655625678748923
GFR,Greenfire Resources,upstream_oil_eandp,0.09181814606866934,229,CL,4.367505698762006,1.5313358011727558,4.367505698762006,1.9054386140131325,0.018696232922496777,2.1858503135243073,0.007375169636437562,0.07012487994338862,3.8607652249542364,1.361777583375554,-0.003384216974812587,-0.6583165055371756,0.002677645252651571,0.27143448726386,1.3461727647087187,0.010498450234937354,0.0004942449111146795,0.1668514483534566,7.00331239677411e-05,0.034331359267072745,0.4294077348070891,0.0009194142611169128,-0.0005995036333235962,-0.01964261034847507,5.638570216581865e-07
EGY,VAALCO Energy,upstream_oil_eandp,0.4021095591431344,261,CL,2.310837321327839,0.829463479430359,2.310837321327839,0.3194801863452136,0.0005733902685962958,0.07327210455148024,3.597220243300271e-06,0.0034388904118427526,0.17089376171776866,0.0018154964361363824,-0.009023065749393835,-1.9829286748166137,0.012498761248043359,0.32755766558797555,2.0629200216438908,0.00830142496868628,0.0073723342673950336,2.147851251851716,0.00834389374043636,0.3478690571517463,4.757603336254937,0.05998687795229657,0.024483207681593226,0.3825156868332164,0.0006067429654196894
GPRK,GeoPark,upstream_oil_eandp,0.38505853568926596,261,CL,2.583705788134203,1.1649045436497316,2.583705788134203,1.0428928694132698,0.018754195828144905,1.932655907671774,0.006369024430317217,0.034534917808131546,1.347357403683203,0.30302971026686465,-0.0073492382771062955,-1.8166867067249062,0.013723124826547091,0.37481590224190037,3.0510135198960695,0.017989651815916642,0.009314621283495386,2.9235010897989344,0.02204442427179631,0.20537985997641156,3.355316725160076,0.03460588777024589,0.10611321045952847,2.7599122521264,0.018863255806181894
WTI,W&T Offshore,upstream_oil_eandp,0.4321707369719088,261,CL,1.8743257661258097,1.4768351212128086,1.8743257661258097,0.7273568424933031,0.0173275326447263,1.4494384548112909,0.0023592499710215647,0.022809620020040947,0.5036516895094164,0.05736261526896349,-0.004145019190102747,-0.818141687007183,0.0018942876743008946,0.14408652581910247,0.691480019141341,0.0011536072217046024,0.0011319932764896963,0.2291670622798919,0.0001412799514716185,0.28256108136745517,2.8661181786189824,0.02842388656471839,0.0195989118724614,0.3424716089458948,0.0002792326198510396
SD,SandRidge Energy,upstream_oil_eandp,0.28032010708326827,261,CRACK_321,-0.48962221048515103,0.2515869978824299,0.39128541585764587,0.03865746303281481,0.020400313245491117,1.699112568686593,0.005988907946305345,-0.018194282366475235,-0.48962221048515103,0.06683995702456423,-0.0017652528226016805,-0.3933243681787622,0.0006291875641605007,0.42682794376153443,2.052994982152459,0.018539173703147806,0.006119787839567262,2.111916461890819,0.007562041104085869,0.1570442345347828,1.6649324635905025,0.016079636478297174,0.034428196045034914,0.6717835992240093,0.0015779899182678876
EQT,EQT Corp,upstream_gas_eandp,0.25887542733417,261,SPX,4.052965105198844,0.08492393922124591,0.1634808049201447,0.006151540072180284,0.04366895813802396,3.092780146790707,0.03832536140936096,-0.012668381145352422,-0.4148818774605857,0.04525589683223716,-0.0019673742054640013,-0.6584179966034467,0.0010914576249623747,0.6448368826883183,4.052965105198844,0.059095043527573096,0.005287879680835302,1.6543786535207705,0.007884897693620996,0.17242169809613656,2.4138546237057157,0.02706965371254282,0.04716955158700017,1.1905096934027006,0.004136812310057641
EXE,Expand Energy,upstream_gas_eandp,0.31434286815935364,261,CRACK_321,-0.8226344484484513,-0.004755172036246286,-0.01296430180385909,3.0390856524469886e-05,0.041589591973943754,4.945641366586982,0.05477681719261653,-0.01769178663997749,-0.8226344484484513,0.1390795242917392,-0.0020617096042137005,-0.8393803674624937,0.0018887513954195317,0.44442898123106256,3.374062556432949,0.04423264778984516,0.0031203943912451507,1.3050351523584491,0.0043265207142671345,0.1404594582142181,2.453756119654474,0.028306600718642813,0.014898785550595131,0.5078069002941867,0.0006503257295094618
AR,Antero Resources,upstream_gas_eandp,0.3309534343772176,261,CL,1.790226541165477,0.8176345616101653,1.790226541165477,0.42661170510127755,0.05225572756995838,2.6391138737412314,0.04105812241601789,0.015056420349532543,0.5786904649888035,0.04782633316195668,-0.004140674584827999,-1.1478754217737086,0.003617144213658031,0.5988112363363939,3.2072193555796766,0.03812605665447468,0.004351152672170347,1.307154835268977,0.003994222619574516,0.14849150531149088,1.8032792716263635,0.015020789970177898,0.017867638190399847,0.3973325600998479,0.00044408623376614425
RRC,Range Resources,upstream_gas_eandp,0.3317818389437448,261,CL,1.9725568054499383,0.8847356563066536,1.9725568054499383,0.5705752060588265,0.040552984665271505,2.4963221630382932,0.028245449068435898,0.022305082833672524,0.8735942209557008,0.1198954917395758,-0.004431754144027608,-1.2063946724089034,0.004733108839892588,0.5193494300852226,2.5931434441277963,0.03275916890162932,0.0026798854423502627,0.9151577646873259,0.0017307232644543247,0.22434909424096003,3.026182665327646,0.039166047336262784,0.046513491627918374,0.9854373250740176,0.0034376562320346258
CRK,Comstock Resources,upstream_gas_eandp,0.2883867015219441,261,CL,1.2854584530187791,0.7103308585611505,1.2854584530187791,0.20739479252455867,0.08366156515417038,3.9646439787106984,0.0677868504658345,0.01180938067177401,0.36439885759729745,0.018951346207213393,-0.006721171746899657,-1.6894262492772825,0.00613869148444195,0.7237417922458844,3.0044893384837694,0.035873314767299075,0.012610359575096272,2.9529330435618846,0.02160930313346636,0.19269379569933437,1.7087158891541738,0.016292480704107836,-0.03982893539980218,-0.6824611933898522,0.001421322417696434
CNX,CNX Resources,upstream_gas_eandp,0.23653695110672213,261,CRACK_321,-0.5558153169666002,0.016282770880881384,0.036327277910001246,0.00032485447121258085,0.010122636452440641,0.9535385404750255,0.002958261125609819,-0.014589008525359118,-0.5558153169666002,0.08621704198513114,-0.0009926053833381472,-0.44007686328249274,0.0003991120267562867,0.4311000122788318,3.1721664465009423,0.037941632825182516,0.005847504343243685,2.5931142557807116,0.013851049092448988,0.17795012177275188,3.0091326215265086,0.04141942566439793,0.038573230715538635,1.2293667397447767,0.003973955327244478
BKV,BKV Corporation,upstream_gas_eandp,0.14433005117749198,84,CL,2.9166690532431914,1.656294851659545,2.9166690532431914,2.7078659715297446,0.010843695461758951,0.8443025472093774,0.004130094666014449,0.08547187330439152,2.576121671862949,2.1820193352221278,-0.0011626323531612678,-0.3131500980073467,0.000495319011271361,0.7993656966575338,3.4713054204080156,0.08342873710468675,0.007140225936221106,0.7953540366211778,0.01003684408280827,-0.021801018802450653,-0.18071020728136436,0.0004292411681807225,0.016308622518315122,0.19732166413058602,0.0002896534136135913
GPOR,Gulfport Energy,upstream_gas_eandp,0.20809800094283004,259,CL,1.2066293243974333,0.4522684982811721,1.2066293243974333,0.21955214226952388,0.03335024398025734,2.677150045124952,0.02815643950142205,0.006556069220548119,0.31149878664434016,0.015258852294103483,-0.000340334699609557,-0.08031665113766463,4.1118383629591454e-05,0.31905596780090945,2.081162848244567,0.01818278060857084,0.0023414802364829916,0.9335520762954227,0.0019465342493336483,0.12519299632274222,1.9341155970667272,0.017923982685061294,0.039600463248361216,0.8018048873257438,0.0035881477257252003
DEC,Diversified Energy,upstream_gas_eandp,-0.015385749668658466,127,BDRY,-1.0958237511401414,0.1876151593925804,0.156199018067664,0.001383229483546471,-0.01346080692853302,-0.41866535665405463,0.00032098845237233916,0.01969309262878539,0.34309349637145065,0.0045475900587703556,-0.0016759403105523832,-0.23612310237933293,4.050641895034961e-05,0.7699550625370447,1.274863156681377,0.003327866973215084,0.017584871376218877,1.4500911203840277,0.0034562050042588766,-0.29696563927539393,-1.0438193115765444,0.003847518217481351,-0.9005989116193048,-1.0958237511401414,0.04656425161270241
TXO,TXO Partners,upstream_gas_eandp,0.11095873563553216,171,CL,1.6950605626563993,0.4840418693142667,1.6950605626563993,0.4719984835643627,0.01030785569503619,1.0731056613668113,0.007798077309593989,0.014890421461442318,0.9345261281901972,0.13167311882093777,-0.004142280715391657,-1.6191357514086124,0.010581634200873699,0.21172987769132107,1.2706100098532398,0.013262189330132056,0.0014142800385307662,0.6248760131598263,0.001388820967175659,0.013908798623086777,0.2652224781507937,0.00039531875980301144,-0.009985425139095953,-0.26671860929289254,0.00038012544566059305
TPL,Texas Pacific Land,minerals_royalty,0.20483632081852732,261,CL,1.6315081839872998,0.7224524556904879,1.6315081839872998,0.3867889773603824,0.00906600756611591,0.9961520889256299,0.0014351744769581349,0.01650143129445973,0.632198191946584,0.06671263803220179,-0.004465108427755873,-1.659177854501984,0.0048845988438020495,0.6558775843830946,3.1353080105948106,0.05311642587897235,0.002425194388620577,0.631153361327497,0.0014409801316868092,0.07101362745310628,0.7781450836196865,0.003989460866135143,0.03167815401434967,0.7569075704107905,0.001621041016647173
VNOM,Viper Energy,minerals_royalty,0.3479115855556013,261,CL,1.3582331547135973,0.4644822571957224,1.3582331547135973,0.2620935282357692,0.012336569581999163,1.63391256351967,0.0043563610521487744,0.0028478277515098186,0.15662654342252935,0.0032572778975885125,-0.007397891315513159,-3.5670116252300046,0.02198078863261204,0.39495972410235863,3.2491407579956166,0.03157558332421234,0.005017779435973865,1.9075730329981226,0.010112313181810892,0.1670396652691407,2.7680608911672357,0.0361853293510826,0.05562007303876341,1.7465962762267642,0.00819218733361435
BSM,Black Stone Minerals,minerals_royalty,0.2870688247916505,261,CL,0.4713431138344062,0.13436481447408505,0.4713431138344062,0.04096061972830557,0.01710395377107002,2.7047374187577278,0.015638872370725067,-0.007252722113064103,-0.4419584152639936,0.039455433411220056,-0.00099736398538958,-0.5602031100695427,0.0007461258840021152,0.25758950019285254,2.667750455649691,0.025082997771072674,0.004799091398733088,2.1522606786796974,0.01727518810509168,0.10165559610443141,2.3847705313253305,0.02502840975682347,-0.003617154950704594,-0.15483380606137856,6.470656683820245e-05
NRP,Natural Resource Partners,minerals_royalty,0.12975322476083218,261,CRACK_321,-0.9220832216412826,-0.11422291454847822,-0.35975844097450277,0.017640325604475413,0.0035103266695381344,0.3646915648878414,0.000392565555646642,-0.015596314401147435,-0.9220832216412826,0.10873101000474168,0.0016002373169761123,0.3721304165784598,0.0011446645867747892,0.2061918078434911,1.379699247222683,0.009577907893267805,0.005294632238631042,1.7755845380814186,0.012530865220312137,0.18651244880935142,3.684655712549323,0.05021009450379354,0.03404533994008031,0.9160412100873133,0.0034161284935226286
SBR,Sabine Royalty Trust,minerals_royalty,0.298323180282388,261,CRACK_321,-1.1059011412656694,-0.20330168409490323,-0.4024970545989097,0.061355823598040156,0.009632689064703027,1.517173576887237,0.0032455322088397885,-0.03234066438570189,-1.1059011412656694,0.5133115663287595,-0.004059453213588231,-2.0149521060269864,0.008087573786695612,0.3542773955345024,3.15997218355789,0.03104476993863896,0.0011057585411937557,0.5015472224399201,0.0006000725774404841,0.10502470046880819,1.7190332757833322,0.01747962090100677,0.010495359487637268,0.3736335804470214,0.00035644062867742346
PBT,Permian Basin Royalty Trust,minerals_royalty,0.1517728171424395,261,CRACK_321,-1.3127911100564915,-0.2117438445891925,-0.4879023444944039,0.0335767014996677,0.014619048170921209,1.648197146900525,0.003771131162291568,-0.0329201031888771,-1.3127911100564915,0.2683169783782397,-0.00010269961288513624,-0.03768659268048328,2.6113398241208004e-06,0.3133922332002302,1.7377341226638263,0.012255206150946458,0.004342531753094498,1.151036764527233,0.004668870029151739,0.12158424398775282,1.737841843412121,0.011818063174809339,0.036981407736738706,0.9395379352731679,0.0022325543762047252
DMLP,Dorchester Minerals,minerals_royalty,0.2559917626711372,261,CL,0.8344510320669271,0.32693593531496423,0.8344510320669271,0.21180109679891493,0.008758016482814759,1.5284890682787942,0.0035812233334009376,0.0019817430334846163,0.08641687957016739,0.002572805199763509,-0.0005137864318620985,-0.29976830161338347,0.0001729328451953843,0.28284569543327764,2.5945755034004265,0.026413731317687424,0.0015267967214379187,0.6465895423233947,0.0015271252636000312,0.10244917094400827,2.291032390671178,0.022202151000888612,-0.002183185830338587,-0.08062879455381163,2.0587471968724033e-05
MNR,Mach Natural Resources,minerals_royalty,0.24150712299969068,132,CL,2.7129842896864846,0.8404789600446801,2.7129842896864846,1.15128157339811,0.0069217447810103,1.1218385292024733,0.0034421640691388354,0.029723601726237267,1.7980954275111802,0.43012138957277296,0.0010708586909278068,0.41862664999757293,0.0006826548108096482,0.23494419024748064,1.1675946769237096,0.01333597595788437,0.006034755018070138,1.3195699371462792,0.018141934218665896,0.085147325796771,1.2666092486053846,0.013038832543191445,0.029248724463268785,0.813301312111754,0.0024685473888022788
NE,Noble Corp,upstream_offshore_drillers,0.35989948313635145,256,CL,1.7719506373627232,0.5853994170849389,1.7719506373627232,0.2816819074024099,-0.003402876815660258,-0.34196377343671314,0.00022555841042693045,0.009476667129062076,0.5694144253959805,0.0244619714994236,-0.00830920075069249,-2.54621667362013,0.018825222409571005,0.8012881818072639,4.140448654631185,0.08820549217166772,0.007934262308988166,2.9499252513054346,0.01714148100919491,0.2074503728141185,2.580822879619107,0.037710615419125154,0.0613875969483485,1.3411940401400457,0.006426007280099755
RIG,Transocean,upstream_offshore_drillers,0.39016782424001195,261,CL,0.8995203524184591,0.49671543937313556,0.8995203524184591,0.0985692519838192,0.002997824396044464,0.17750637278587228,8.459710927801737e-05,-0.010779901793841288,-0.38408204446448835,0.015348469954544298,-0.003888842587680531,-1.0700787863916885,0.0019974513384583064,0.8645814532128206,3.4932212894509207,0.04975831824527009,0.007821947130255132,2.150654916209576,0.008081002328764093,0.38303461789568943,3.7291058005555224,0.0625716292596544,0.050624515617851806,0.9032050760381144,0.002231858361157397
VAL,Valaris,upstream_offshore_drillers,0.2726421471599726,261,CL,1.7482053873706453,0.7997871704486674,1.7482053873706453,0.40473865076772236,-0.004436346793803174,-0.31960285020956386,0.0002934227555584821,0.01872375125292971,0.8060942638584114,0.07333661768844738,-0.005129841071011516,-1.5275750758245277,0.005504818079925199,0.635632902360524,3.027652984512264,0.04259575042000015,0.005617211827101225,1.4059512915873493,0.006600498759229751,0.23288009927627043,2.861539540597725,0.03663243913851449,0.06760964727098678,1.4559420583830347,0.006304663029347959
SDRL,Seadrill,upstream_offshore_drillers,0.3267973203719583,186,CL,3.364879941144853,1.4360612917577082,3.364879941144853,1.873099472253117,0.00783175410701549,0.6089837509921238,0.0019154561315308353,0.06346394101817994,2.8866771970822707,1.0786292622896416,-0.0043550180542222625,-1.5760450171510778,0.004909942756447256,0.9319237404032081,5.127493102640497,0.12011171521878657,0.003999936789899923,1.2396234276023188,0.005234974496461046,0.12539756426051013,1.5268018853898746,0.01364677033321538,0.04598981959997278,0.9570965369179449,0.0036572652871358605
SOC,Sable Offshore,upstream_offshore_drillers,0.018677748357988078,261,CL,1.332854877348713,1.0866065941025238,1.332854877348713,0.36672550971319673,-0.0003111690484216432,-0.020808074185314492,7.086082984322675e-07,0.04492830448787357,1.2565206604999322,0.20727448498598292,-0.0008313487799405544,-0.20726623728569418,7.096959280303591e-05,-0.058378829486831305,-0.17736550208113858,0.00017637415086525866,0.0027002141616163265,0.6992338594018286,0.000748690301235736,0.13375936234411295,0.7987143620980498,0.005932258897452552,-0.08428225003008119,-1.3483136101713358,0.004809361437037722
TDW,Tidewater,ofs_offshore,0.27376115058469175,261,CL,2.184502780712437,0.8480354411510188,2.184502780712437,0.4719781102119938,-0.008227440881711396,-0.8413870908946245,0.0010467437933196146,0.022458827087112637,1.0780697150270084,0.10944031441238034,-0.0021212309925379867,-0.6778034028486067,0.0009762906200485723,0.5816410177597842,2.844815858422371,0.03699402830658248,0.0072002703057405405,2.155056261516699,0.01124866000694107,0.23088079553997,2.4198502480644177,0.03734605569255939,0.09849978547311006,2.320808181244454,0.013879798039660775
OII,Oceaneering International,ofs_offshore,0.40816513822280853,261,CL,2.8539090729872534,1.148772496304232,2.8539090729872534,0.7926028498311188,-0.005327356131236867,-0.4646650612033642,0.0004016317461597634,0.034386144520539993,1.572708994741028,0.2347815020763319,-0.0060786848796222,-2.264813257714395,0.0073369602916852775,0.8854742316492649,4.8338425592028615,0.0784634043047336,0.003997796735068264,1.2583723780334148,0.0031734987127572142,0.3030727149236728,3.847218237579637,0.05889202914847241,0.03214362104624579,0.7650620008146855,0.0013526825757209364
HLX,Helix Energy Solutions,ofs_offshore,0.3131373989620647,261,CL,2.6810555054564817,1.1894630357222467,2.6810555054564817,0.7471662126658685,-0.0012273989987643967,-0.12134300991128175,1.87457946607388e-05,0.033264207141213774,1.3878969396173277,0.19318749643026412,-0.008491764826552643,-3.292358518694344,0.012589850641244071,0.48204195655047716,2.1206065195390487,0.020446205742891962,0.001129163652685282,0.3222596281447063,0.00022260680757616615,0.311872120371032,3.205124253562223,0.054833213512672466,0.012539164010237022,0.20809933518479679,0.0001809969330471593
VTOL,Bristow Group,ofs_offshore,0.3063255655858842,261,CL,2.2824628559705102,0.8131534525350095,2.2824628559705102,0.5785341770347205,0.006468596340755471,0.54712350330752,0.0008626231381734461,0.02779683563217768,1.4263634702698216,0.22350335928665596,-0.004655767942518582,-1.775613051976431,0.006270121958404967,0.8038911901966698,5.126035325854572,0.09421200783902928,-0.0009220575549396563,-0.2730367383786132,0.000245928804265986,0.2215971114981907,3.454661341956618,0.04586564002666708,0.008315584651655649,0.21597364466429114,0.000131882843847653
INVX,Innovex International,ofs_offshore,0.30091207113363017,261,CL,2.051059936459779,0.9329764562717697,2.051059936459779,0.5928125747073395,0.0036011494773220986,0.31373048815762655,0.00020810156083334917,0.024287241803018028,0.9157462123770818,0.1328133616289803,-0.00609694465362969,-2.510912063676834,0.008369699799165341,0.6022028203587368,2.2208989020995134,0.041151846811149397,0.003484395518063695,1.1141386133868765,0.0027336333791335527,0.2124050187700299,2.098491428763346,0.032800529551527714,0.10012348411923681,2.541694274359385,0.014882184082978181
FRO,Frontline,tanker_shipping,0.14620513779455868,261,CL,1.6465200315526993,0.670683525645331,1.6465200315526993,0.31548097033736855,-0.011856028005804374,-0.9628456999161427,0.002322915038939349,0.026147121749014696,1.1999763191967614,0.15852399416790147,-0.004567662440894782,-1.0974573152860805,0.004837658757612203,0.6152693276689082,2.715999343697149,0.04423806705219493,0.008832197517981272,1.9288157572161981,0.018087759449877918,0.180110399883376,2.350815425707712,0.024287943280158243,0.08447803026417734,1.5499239370243845,0.010910487968302306
INSW,International Seaways,tanker_shipping,0.12384919217779011,261,CL,1.293779667788985,0.4033593034709066,1.293779667788985,0.16758539469634182,0.0026157749450665775,0.3182783696840692,0.00016606180842025306,0.012415271358365582,0.7220473960933848,0.05248966244237353,-0.0031946686427210794,-1.282190491818324,0.0034754655275770698,0.32192625772346795,2.186229626907753,0.017786583416941688,0.010351315404253937,2.3657869326533474,0.036488199245764935,0.14059472956060315,2.2436851290734303,0.021735286027355548,0.06201290471661295,1.3097106742892743,0.00863445408843522
DHT,DHT Holdings,tanker_shipping,0.13453580395627174,261,CL,2.6189961742557935,0.7599808131020919,2.6189961742557935,0.6630711638386217,-0.0035081218267424188,-0.5414038381483697,0.0003329056921405683,0.034790095958002074,2.1329563319846496,0.45938358870584434,0.0033179395681567454,1.429494604968702,0.004178314886683644,0.389649574141262,2.467895427567656,0.029042300768335954,0.007282171161391319,1.9295917110100977,0.020127321686627085,0.13472079411134774,2.286836731662743,0.022243310388809147,0.047668672007582846,1.2690117287906975,0.005686430267177725
TNK,Teekay Tankers,tanker_shipping,0.11168058798681346,261,CL,1.1877247434412848,0.45860259457892916,1.1877247434412848,0.16326502634626397,-0.0006496058971138394,-0.07273519785973284,7.718573915322933e-06,0.015562288694910754,0.7649225669121451,0.062155050056776524,-0.0016177717680854525,-0.5065986244934222,0.0006716824325888901,0.2914077359978499,1.8500211278186753,0.01098373440828235,0.011136175131751472,2.512723283229865,0.031827431324256056,0.19909572979514786,2.6761536460854822,0.03284878473092836,0.05288550677944948,0.9514963858630713,0.004732735292743813
NAT,Nordic American Tankers,tanker_shipping,0.06487237803039125,261,CL,1.337403552265037,0.7575896620002095,1.337403552265037,0.4079436359489642,-0.00768368339783368,-0.9158710062037836,0.0009887534421801564,0.03578216710652989,1.0145542739824505,0.30086709977273723,0.006340273025718934,1.2683896977146023,0.009446204434801356,0.08689377833483146,0.3842135138494646,0.0008942051523937811,0.006171771142106683,1.1057497390438564,0.008950783391794405,0.20395485498720056,3.1300967923918868,0.031562794458471315,0.06131216928364946,1.198343082887083,0.005824305855726726
TEN,Tsakos Energy Navigation,tanker_shipping,0.1939220710820876,261,CL,0.7138246171073471,0.3504393938606548,0.7138246171073471,0.08454003148626314,0.007456959529379937,0.8149452754953926,0.0009019389422841164,-0.0020869403826799643,-0.06999817109906661,0.000991210713319088,-0.00437953096114713,-1.3801088619479902,0.004365169415192662,0.481892640066741,2.255323197548276,0.026635746475251076,0.009906836026210815,1.840160633244324,0.022336537475939732,0.14618875128461883,1.8042835655415752,0.015705065271336305,0.09649138184390484,1.8430477642614898,0.013971156006096015
STNG,Scorpio Tankers,tanker_shipping,0.1344867394099195,261,CL,1.969151120461108,0.7798328389665871,1.969151120461108,0.4846706092064369,-0.0005442589543753058,-0.041329042076374944,5.56252292150949e-06,0.025469197510196294,1.2290063320775273,0.170916309082635,-0.0029359354820898856,-0.8324267514235852,0.002271150940257765,0.2184236482931157,1.1297408456835512,0.006335350990551928,0.00760763820128734,1.869942304142809,0.015249397465324837,0.1305025074252972,1.6819372220212219,0.014489607668147627,0.07270117348500946,1.3206857588459495,0.009182167555819768
ASC,Ardmore Shipping,tanker_shipping,0.10732001299773963,261,CL,2.404583373042204,0.6751104109293088,2.404583373042204,0.3936734812301679,-0.0021739937831873066,-0.22386452945595722,9.618783456360959e-05,0.025736330641957808,1.7295848575735848,0.1891425075440808,0.00010904283259952617,0.04115488572116478,3.395393686134345e-06,0.39997071735985,2.4682453226410113,0.02302346396383009,0.011753483680267612,3.052055314644459,0.03944837380030308,0.033835716165433447,0.47818145500258263,0.0010556320440006514,0.05330955124178175,1.018436709407623,0.005350758244672401
NVGS,Navigator Holdings,tanker_shipping,0.25590044014814894,261,CRACK_321,-1.9208212866315213,-0.40731989151555476,-1.3171516667930392,0.2473448132380675,-0.0019843996402929788,-0.36392042054495477,0.00013832696562204392,-0.032353834700656406,-1.9208212866315213,0.51593195928361,-0.006409851274447538,-1.5238103719162295,0.020250549488387143,0.47087934792795627,2.691842553959642,0.055078052676886514,0.0098138182780673,3.093794272770996,0.04746974843531493,0.1713223148376321,3.20011703160124,0.04671267145917069,0.09681432895677725,2.5399931853290116,0.03045997721198767
LPG,Dorian LPG,tanker_shipping,0.19524094463943487,261,SPX,4.5225703482960204,0.13074955157305254,0.3660442225279991,0.01399660869763505,-0.01836408735062086,-1.6761872973463257,0.006505761033013544,-0.004834725743008939,-0.2631653530462966,0.0063269649537407895,-0.005658954128766349,-2.0300864375518204,0.008668103528867155,0.8899714149746993,4.5225703482960204,0.10804937077009781,0.012335027103987964,3.094176612207217,0.04118432560697444,0.05610371157747544,0.8500070601985941,0.002751065053292349,0.057614198879169104,1.1440509636385752,0.005924070059712936
GLNG,Golar LNG,tanker_shipping,0.3373668350783928,261,CL,2.0103577432404105,0.43061872664172934,2.0103577432404105,0.181597449391753,0.009357364142978523,1.4566218631457348,0.0020204494189080585,0.004583630444470157,0.40839762001001567,0.006802247783152916,-0.008053692832467698,-1.652097277094587,0.021000197556132662,0.842138944211474,5.293062068004095,0.11572285620386574,0.009214156314356422,2.637578809910153,0.02748808013892782,0.12296811892821219,2.4208349080472384,0.015808266446110743,-0.002756721126834175,-0.07973681317194874,1.622289341153966e-05
FLNG,FLEX LNG,tanker_shipping,0.16463374152969412,261,CL,1.0905760794573243,0.4326041147976068,1.0905760794573243,0.1882024531376332,0.008103965232741633,0.8507276879594441,0.0015561667381546217,0.012463812005862784,0.5205449462683284,0.05164818985052559,0.0026793847636675744,0.7333723164506579,0.002386841016282436,0.6237161829882484,2.9032330907895645,0.06518470948893512,0.008885008883064375,2.1989404648048265,0.026246358593885986,0.0760841701424523,1.2530392522747427,0.006214524044022943,0.03177873361446237,0.6948054222847697,0.00221378727642813
TK,Teekay Corporation,tanker_shipping,0.16227320330328487,261,CL,1.822870848279596,0.48820646458914735,1.822870848279596,0.2681889580442414,-0.002577160474384497,-0.2434448257880283,0.0001760896245145872,0.021321761595723694,1.4965051490727692,0.16911780956107023,-0.0014809646636695039,-0.7094134922296285,0.0008158918054689896,0.3863648976147395,2.8234406556813316,0.027987034813320318,0.010372199965821604,3.7325817293243437,0.04002072396875986,0.2067183992794171,2.9799746396478586,0.05132954050922312,0.050257470304529636,1.157883309972221,0.006195178395029585
SFL,SFL Corporation,tanker_shipping,0.16019834097696328,261,SPX,3.8083550569183733,0.01756651132672899,0.08285203501780808,0.0005811517635114534,-0.0029671634362829708,-0.40975482493650717,0.00039067755333326856,-0.006598298102286114,-0.550097701909922,0.02710764080855303,-0.0004355638999694384,-0.2054652245680238,0.00011812222335573238,0.45429271031821483,3.8083550569183733,0.06476163096525842,0.005488126943347855,2.3502994091415768,0.01875323318878186,0.08759801569950235,1.7131737313156685,0.015427030046308314,0.07144092516886466,2.941307263326736,0.02095228467066993
LNG,Cheniere Energy,lng_terminals,0.2794492077444496,261,CL,0.9476206537466,0.21660870216534472,0.9476206537466,0.08226217527557363,0.016742197743498496,1.5218043038609257,0.011579513816851858,-0.0064099557763416925,-0.5213490997958063,0.023815943587596686,-0.006656371582654074,-2.2164741705864537,0.025682236570928395,0.47378850585760224,3.3964487138019592,0.0655760346364307,0.0037628173215398762,1.2599286471783666,0.008206991726045675,0.0016636064661506925,0.038038736490539266,5.179941522518533e-06,0.01357186729076881,0.4486738398868898,0.0007039573109715355
CQP,Cheniere Energy Partners,lng_terminals,0.19677121205826997,261,CRACK_321,-1.7437211325416584,-0.20330171848089146,-0.707687571340143,0.06541765502918341,0.01612827457927319,1.7140135498827715,0.009700758480944054,-0.027580845229296366,-1.7437211325416584,0.3980497475707473,-0.0009020147696514306,-0.29264973806924177,0.000425744952622607,0.39258248128069984,2.6248593809016745,0.04064455992382726,0.00010454958399614339,0.03638426650222723,5.719615423206995e-06,0.0015616665372488372,0.03524149425048616,4.1206407251832245e-06,-0.0539898711621212,-1.858152319827726,0.010056715889137544
NEXT,NextDecade,lng_terminals,0.13820540851236218,261,CRACK_321,-1.6675521291443762,-0.7122042261297618,-0.9210420842359582,0.11646057766136216,0.02409771334090029,1.6429190452531697,0.003141510509293391,-0.06997463658354913,-1.6675521291443762,0.371672550466539,-0.009974412833765251,-1.2302038038168146,0.007551858838511739,1.1004333448104138,4.12283604210498,0.04632602658287905,0.012995499095853631,1.5725068699956046,0.012819323621230111,0.13367143098766338,1.4843926251246338,0.004379477609168543,0.06987162386526607,0.7340263156831188,0.0024433756781025214
EE,Excelerate Energy,lng_terminals,0.15441072992006255,212,CL,1.4703335223095897,0.6896019008365144,1.4703335223095897,0.43054286435286476,0.012642382646073409,1.1887915377502796,0.00440413691060403,0.03106722722508244,1.228159303881906,0.27226749647973714,-0.00329974545822881,-1.036043529669979,0.003219902044520448,0.43065653487345235,2.681723239278989,0.03190648382940648,0.0014829183899992867,0.3546662383352419,0.0007406247537122562,0.2556398830094513,3.258270200347347,0.06296467710918763,0.047299050563051774,0.9406901572493082,0.004216212533499116
WMB,Williams Companies,midstream_gpt,0.30255976543459984,261,CRACK_321,-1.3398433628695514,-0.15487104896909562,-0.5776924637401981,0.06604097558373936,0.007519996192749155,1.3713548131427757,0.0036688101921580236,-0.02013705910889128,-1.3398433628695514,0.36912582241725084,9.439703078111537e-05,0.04973381526950139,8.111459531051302e-06,0.38698424212781285,4.634377777986509,0.06870483231175095,-0.0009603480158052355,-0.5217927826850829,0.0008395365816620722,0.11914266091217515,3.6687476689891922,0.041723704366283726,0.007072755641349107,0.3632299908209673,0.00030024033358143717
KMI,Kinder Morgan,midstream_gpt,0.30814765954514456,261,CRACK_321,-0.7270083944613971,0.006461438401208261,0.022059850555887495,0.00011500237444673929,0.012145964471322932,2.4741899074050866,0.00957479325872657,-0.012178270501733873,-0.7270083944613971,0.13506068888438813,-0.0002502098538067299,-0.16723530721791502,5.701203541345231e-05,0.41397506215306534,4.1597800036071355,0.07865466251776589,-0.0013885948743352803,-0.7990650344506416,0.001755936650164094,0.09000667608517707,2.438891587516544,0.0238217194849817,0.001356830808963028,0.06781610148324456,1.1053975792221221e-05
OKE,ONEOK,midstream_gpt,0.4156176086373121,261,CL,1.7587430822665444,0.507961711071135,1.7587430822665444,0.48067242806571103,0.011468789840266379,1.9002660256616022,0.005773503687764265,0.00929098410171358,0.5753272360723389,0.053164291142023326,-0.003472124713017246,-1.5153016986463794,0.00742484215909713,0.7283008812900322,7.175746538508649,0.16464048954255991,-0.0009436193392608462,-0.5071215349487587,0.000548390925800552,0.031721918790026504,0.7767251544510175,0.0020011581997536583,0.034386568086255134,1.6986726773499217,0.004801574257272502
TRGP,Targa Resources,midstream_gpt,0.3807606683946587,261,CL,2.069097559158454,0.6947951035946826,2.069097559158454,0.7205341548877107,0.007854597944957086,0.9482277091662891,0.00216973150481997,0.016478830219544997,0.9154120098232386,0.13399949749143697,-0.0024734612720213023,-1.569756995738974,0.003018982814965447,0.6107895797217805,5.473384129923903,0.09277950127818992,-0.00021788646695608375,-0.09669633389455208,2.3426689687347782e-05,0.06982378400648265,1.2299079901078123,0.007768248404193041,0.05186097539843385,1.9925364471400657,0.008750667075045727
AM,Antero Midstream,midstream_gpt,0.3676345279358927,261,CRACK_321,-1.1156192219494656,-0.02218386555825408,-0.0813791954138943,0.0011535648932484265,0.008739926148438994,1.3069030239815596,0.00421890852685478,-0.01656120130823507,-1.1156192219494656,0.2125497464823012,-0.00020754306006088978,-0.13585546872327675,3.338053941420418e-05,0.4558454067879388,4.76551713458191,0.08115783798078721,-0.0012764553897603996,-0.5558393956472307,0.001262665172651144,0.11446977143729112,3.2505703591683304,0.032788721366057115,0.0036257386104180437,0.15882070415484906,6.717060966564603e-05
DTM,DT Midstream,midstream_gpt,0.28407174185894435,253,SPX,4.495585094909052,0.03965300353516303,0.16845806219005724,0.004333291173949097,0.0060747232923847785,0.9205684186833838,0.0024132035989263313,-0.008697639444522029,-0.6569595679402,0.06911960225359191,-0.0003052007234224482,-0.24819833427080587,8.524561416913124e-05,0.41400052269282284,4.495585094909052,0.07830600701412457,0.000953338362781195,0.5243268535155359,0.0008276114079584026,0.11215664432327217,3.051685058425076,0.03618367792408458,0.00013703293946289163,0.006506849791577396,1.0604436523168101e-07
HESM,Hess Midstream,midstream_gpt,0.3335429942184289,261,CRACK_321,-0.7154585267436402,0.06358966501685767,0.2146108182100689,0.00918283699891602,0.006616486180809398,1.301451959824518,0.0023424785493765298,-0.011964153139794875,-0.7154585267436402,0.10746747997479253,-0.0038931044137136476,-1.8525141852932232,0.011379029988313853,0.45794304643794165,4.3784719796275,0.07935137569010856,-0.004543607543539388,-2.1334363044651705,0.015499395570728242,0.09495348116456098,1.9231703089997685,0.02185751838172299,0.027543173832949425,1.494052294103621,0.003755350636010251
KNTK,Kinetik Holdings,midstream_gpt,0.2290937384963958,261,CL,0.8882318936683485,0.3871726323884431,0.8882318936683485,0.17719538056173853,0.004762812867771854,0.9701484375043494,0.000631810925908043,0.0006611211550965688,0.027340943899546916,0.00017081049029613111,-0.0010563088953086538,-0.38315955260455575,0.0004360480059596307,0.48099194597931905,3.216679095079371,0.04556657890593033,-0.002222545098834498,-0.8302461973779598,0.0019304279420732486,0.07291537517413671,1.2233025058323528,0.00670898145163837,0.04205549239844606,1.210576382483401,0.004557296276310709
AROC,Archrock,midstream_gpt,0.31518355133746334,261,CL,1.0209776996367859,0.36954789533814736,1.0209776996367859,0.16524277807467214,-0.005221900453137336,-0.4646034595454,0.0007774190891707636,0.002324215836630876,0.11689216055858503,0.002160942797961859,-0.0031967089163996176,-1.481431988316714,0.004087864987184596,0.6613372051125774,4.587389933012111,0.08817686502127682,0.0015517489432492271,0.5378748946742289,0.0009632372639222712,0.16630922675028575,2.8388001664970237,0.03572637714006438,0.04846681418425198,1.5666707098108725,0.006195675945672096
KGS,Kodiak Gas Services,midstream_gpt,0.19273872255666158,149,CL,2.9438463647471638,1.2622974720544475,2.9438463647471638,1.742569190508335,-0.0006794781713772588,-0.07656112572150152,2.109436040022785e-05,0.059570227734547,2.8083725085094255,1.1675848741082009,0.0010140388214904268,0.33566515369612676,0.00039322374468006474,0.8035830670339511,3.773205061369661,0.1085726964594014,0.003434847989052031,1.0250157119811512,0.0043704024599675985,0.02277734267211215,0.2802423871540601,0.0006122546270680686,-0.06813967813800464,-1.3376998191872467,0.00924734700364752
USAC,USA Compression Partners,midstream_gpt,0.2000998002951645,261,CRACK_321,-0.4873867516987446,-0.026229959383713863,-0.060615863244271366,0.0014833732003221576,-0.010069609578087767,-1.4822521253352006,0.005151070085249441,-0.01214594537853612,-0.4873867516987446,0.10515433402519953,-0.0020196541283259294,-0.875640084974519,0.0029074920304317017,0.4538698301411651,4.079284464060447,0.07400235555447644,0.002815068144153838,1.4773475129252887,0.0056486199330909835,0.07991250012540045,1.7453205162092227,0.014698055976368012,0.00739631126553053,0.27611277990437993,0.00025710130296363587
KRP,Kimbell Royalty Partners,midstream_gpt,0.3421848011083698,261,CL,1.286485749734849,0.41593432108248973,1.286485749734849,0.3828106343724589,0.006898419761711375,1.1638166572290527,0.002481136824455104,0.0048262255775986165,0.26676805191039105,0.01703958641606114,-0.0013029656830867162,-0.8784188958014522,0.0012419661828110794,0.26996846472734215,3.0274436012956576,0.02687127496983535,0.0016879562161332966,0.846097718919456,0.0020843285151383117,0.10743520117349387,2.3981603509630536,0.0272648397390922,0.017229158484523294,0.8242431262422567,0.0014317966298705003
EPD,Enterprise Products,midstream_pipelines,0.299043440565968,261,CRACK_321,-0.513976829895401,0.07032845320736016,0.2628925733121619,0.020944421583589418,0.0036798315178992987,0.681603536309863,0.001351073921788625,-0.007960151169668472,-0.513976829895401,0.08870706453438071,-0.0011031800832265659,-0.6901474566566148,0.0017037599381469883,0.24531452562469758,2.872009366600669,0.04246004891689991,-0.001075546967752182,-0.6865722310371283,0.0016194753333840875,0.07371571913627782,2.3080059037867158,0.024564148911521394,-0.00551256452767237,-0.38241919491625803,0.00028049965921826805
ET,Energy Transfer,midstream_pipelines,0.3317528128319692,261,CL,1.4884694899918143,0.49177118843415235,1.4884694899918143,0.5891690280568466,0.0038923880990411027,0.9431104056343301,0.0008696870845737644,0.01353055381921224,0.7274650976207616,0.14745320953604946,-0.0006256697772964228,-0.32499950444881,0.00031529235331090387,0.4199436548816393,4.625609617871533,0.07158524493985023,-0.00038300754646466664,-0.20467315982100082,0.0001181510936482539,0.11726281141670668,3.1948239583023677,0.03576099711332606,-0.008287663918967753,-0.3121392801508146,0.00036475120469351167
MPLX,MPLX,midstream_pipelines,0.24097389758399823,261,SPX,3.6572863966779114,0.046094509296409444,0.16153335029912785,0.008261648981835668,0.0007946223860470542,0.14056567086743404,5.785047650711195e-05,-0.00601131293791862,-0.3641000030658131,0.04645327724689364,-0.0011972909143480412,-0.7716233304660939,0.001842795139350526,0.3611441030133812,3.6572863966779114,0.0845000807523198,-0.0006738011035953327,-0.41538136513083007,0.0005836347205390468,0.07302301562433533,1.8575587557367836,0.02213416501349403,-0.010149477987584905,-0.6059124123796592,0.0008731211025214832
PAA,Plains All American,midstream_pipelines,0.3622150990547175,261,CL,1.6430986083040744,0.44156813255929483,1.6430986083040744,0.38538893954319536,0.005875432048785358,0.8186838934468873,0.0016076829932093915,0.005396747804432552,0.36871065844217277,0.01903169128259688,-0.002798773854255948,-2.2694138943599644,0.005118571256552792,0.48610425171745547,4.149387907156125,0.07781984484594856,0.0017484339316190733,0.7592039932467386,0.001997614076410213,0.06028845327221771,1.3144524630940213,0.00766915212080971,-0.006086810208623479,-0.26332564089215665,0.00015962541760272363
PAGP,Plains GP Holdings,midstream_pipelines,0.37960334977605537,261,CL,1.549306616914094,0.433868693575156,1.549306616914094,0.38336060695522994,0.004440124679482778,0.6420347406523313,0.0009460153613689503,0.004413725332836278,0.284866192393166,0.013116283650061225,-0.002595342525767937,-1.6957266405114009,0.004535128102942947,0.4367659996423524,3.793965596911981,0.0647315823429927,0.0010339222901552632,0.4375054840726242,0.0007197405805319125,0.07567472692631422,1.6216519048761515,0.012449956935068422,-0.01126196303425448,-0.4819062298885743,0.0005630380906544102
WES,Western Midstream,midstream_pipelines,0.296351830014673,261,CL,1.1766317112708362,0.32538879718160574,1.1766317112708362,0.22939689670334185,0.0002917371630787879,0.04363749107603803,4.344930743719527e-06,0.0032130156820138543,0.2133395293710985,0.007394645749603204,-0.003303244668208972,-2.1674592926631786,0.00781579515156791,0.5169032585838618,5.596827885959806,0.0964558576258213,-0.002958134853227753,-1.6993459910312079,0.0062679802544822975,0.07145053076718744,1.5792229923147578,0.011807787601181957,0.017893024737508374,0.6968841993376229,0.0015120585076344437
SUN,Sunoco LP,midstream_pipelines,0.20696117961797977,261,SPX,5.258674509944062,0.04787572078488983,0.19318985258659796,0.007284695432540159,0.004306117460374848,0.6706831013334389,0.0013885754874471846,-0.0050536862686613275,-0.366402103328329,0.026835311482989815,-0.0033140895929265057,-1.4928643028564046,0.011540339235714882,0.46770763774992624,5.258674509944062,0.11583969187351358,-0.0016703587495473353,-0.88201718966869,0.002931632975830928,0.04604164488024333,1.3824017606335932,0.007192132473003566,0.004285990141776132,0.20979869417851507,0.00012726289826996107
DKL,Delek Logistics,midstream_pipelines,0.08966036123353871,261,CL,0.6821947231062838,0.23874540744430583,0.6821947231062838,0.08603991433302186,0.008732432839792713,1.0333241887872437,0.0027121732452884597,0.004596938380467895,0.22630308442298863,0.010545729297624453,0.00034076347131850896,0.13696392787122824,5.7948916729122086e-05,0.35170236261776844,2.350628706826705,0.03111058732131672,-0.004189703575786881,-1.230049413482906,0.008760035161075694,0.060782677205382316,1.1831598120854148,0.005953396876671738,-0.041060427379845804,-1.2534917423481282,0.0055474778116679484
GEL,Genesis Energy,midstream_pipelines,0.23121956223402074,261,CRACK_321,-0.7554204263047698,0.00282641050361623,0.005951181248568838,6.571963677698194e-06,0.016531822954757868,1.1428467780879443,0.005297648886145393,-0.020033305501881465,-0.7554204263047698,0.10915389640634825,-0.005983269272371877,-2.067720939252836,0.009736684819747517,0.44876050222214847,3.104101983091985,0.02760461217522382,-0.00140526155147604,-0.4188598446314571,0.0005370915789347592,0.24019332236843435,3.365290975988309,0.05066660504285694,0.06520392819193038,1.2535534268955646,0.007624141090749134
NGL,NGL Energy Partners,midstream_pipelines,0.09626389822575676,261,CL,1.1645921591549717,0.49220541591687117,1.1645921591549717,0.1404464439530946,-0.006223807467661874,-0.5440183730549037,0.0005291115868755718,0.009495944878840767,0.4492799541887249,0.0172823851240415,-0.007572613632210557,-3.14901954608579,0.010990536848573507,0.4675912298378593,2.137705950433268,0.02111924588869225,0.0012479455798946816,0.2630883553465099,0.000298482314118202,0.14082487540253902,1.1841497980798248,0.012273035520294124,0.05392069703254967,1.1638377448859123,0.003674072252626414
GLP,Global Partners,midstream_pipelines,0.21977951590814326,261,SPX,4.085773057975706,0.21922981782529688,0.5423511132335325,0.0695589715695564,-0.0039275062406142645,-0.42022345444108383,0.0005260229300226863,-0.0008947140710964252,-0.03848872823034969,0.00038302910781644865,-0.0010451446795758479,-0.5162960224815759,0.0005226561584118155,0.6291082364773871,4.085773057975706,0.09544042622051116,-0.0033480499862197453,-0.9778868879534429,0.00536348549670926,0.09469638478666642,2.01478601938192,0.013854663223613908,0.01748438769892474,0.5325629247215843,0.0009644361669555977
VLO,Valero Energy,downstream_refiners,0.35481838819178424,261,CL,1.7725366105732336,0.7600222960406481,1.7725366105732336,0.653476504703912,0.01608552124290359,1.8350615175128906,0.006897069316350591,0.02017274016305789,0.8115689725270303,0.1522006258286647,-0.007696616896807291,-3.885529145397125,0.022155746567294268,0.5370446166788285,3.8445927247001617,0.05436579813347348,0.009666593811335934,3.9974479040024504,0.03494890627120168,0.1152153332605622,1.8897653989608836,0.016031462400231074,0.057320102989505156,1.6961854447435645,0.00810233063475867
MPC,Marathon Petroleum,downstream_refiners,0.3504851567712082,261,CL,1.505643030070355,0.6068790431152915,1.505643030070355,0.5150382580435032,0.009111731963139628,0.9476060131184085,0.0027356093717095854,0.012238141716210103,0.5201877491636371,0.06924294052791245,-0.003943051596070012,-2.1850173030508144,0.007188023143465202,0.47560586914380226,4.218546907583614,0.05270567035570646,0.005465330541192958,2.7550804273468428,0.01380948278132445,0.11090997635717449,2.1121871085630106,0.01836334117961554,0.030006561299773887,0.9530680395712394,0.0027446463490864268
PSX,Phillips 66,downstream_refiners,0.33300610242781525,261,CL,2.3965127470755427,0.801298027315552,2.3965127470755427,0.8093830436096084,0.00700977235728978,1.074686569833666,0.0014594552583875556,0.022035456339051875,1.1451819585919008,0.20235753939071494,-0.00508780948390394,-2.889897479469209,0.010787901518383327,0.5489820014071147,3.6542528175426185,0.06330090053714835,0.0034539674812251553,1.486550542733836,0.004971778602928544,0.08539574333887852,1.3606920901984298,0.009813268227926664,0.06496181055432015,1.843776896678238,0.011595805493026001
DINO,HF Sinclair,downstream_refiners,0.22359265611743973,261,CL,1.304468182090738,0.6178083583483134,1.304468182090738,0.3757714766789304,0.00812994134771042,0.9169928934986625,0.0015332327217065565,0.013908863087025103,0.49708012309412736,0.06296639856050319,-0.005924877785867051,-2.282087872862683,0.011425741196392704,0.492722019436329,3.524744761969636,0.03982427845173648,0.006989914411890702,2.5761593825645774,0.015902642865106,0.08889235337080188,1.2229771464678107,0.008304630782847261,0.03639486447311948,1.053792646084051,0.002842596331691426
PBF,PBF Energy,downstream_refiners,0.2914174486164721,261,CL,2.456142667672028,1.2693756099475029,2.456142667672028,0.6414286539698915,0.030821028449741286,2.7111587147361904,0.00891003300534133,0.033564177189420105,1.143868681963631,0.1482618468644743,-0.012095568314270848,-3.177689984123391,0.019254398358365826,0.22200678598434193,0.7276277240265776,0.0032691005492676453,0.013985937346008954,3.4938923818267047,0.02574308272042832,0.2681650099386501,2.0775509046657983,0.030559591726325688,0.12066645098079222,2.2994040451718423,0.012634552462337587
PARR,Par Pacific,downstream_refiners,0.2298855206493432,261,CL,2.6684659395491477,1.5201552693571507,2.6684659395491477,1.50013483663904,-0.010001246544879109,-0.7422869574195466,0.0015299585566136867,0.060347523440753434,1.7613889222800208,0.7815965607230269,-0.008841258271169205,-2.4569704486803765,0.01677613414820058,0.3397645933391601,1.8620404369238375,0.012486432050968334,0.006341188805673873,2.062656374718628,0.008629886899738093,0.1992883400377106,2.4187966505186465,0.027522852710486947,0.02594562381708899,0.5415637368163018,0.0009525797785159172
CVI,CVR Energy,downstream_refiners,0.25142315164227247,261,CL,1.4474601148626713,0.829449628271297,1.4474601148626713,0.32194789078800956,0.034068930175772845,2.8100013726311732,0.012797924533866224,0.020891990380296203,0.6311925807826332,0.06752654387780409,-0.010515032027487485,-2.440791267924607,0.017105512381195585,0.6401650857498418,2.51210478467149,0.03195341210292287,0.01623812865886871,3.7757774811480562,0.04079311260343469,0.21935017429651807,1.9743729400981722,0.0240357006591754,0.1016786879670627,1.867089338105615,0.010545912013957456
DK,Delek US,downstream_refiners,0.24101601360946368,261,CL,1.4544187565487472,0.7927375941252,1.4544187565487472,0.3308473989238501,0.006477253056462699,0.47556287103285383,0.000520436260094388,0.014468427880362192,0.45174080345485984,0.03643517343754422,-0.007661925509732717,-2.266051309361296,0.010217720163010242,0.3968326732576184,1.5428496068294026,0.01381374334799792,0.007582677778439285,2.0422110563161735,0.01000744832122303,0.2428190914797801,2.3437341667832228,0.03313673725483123,0.0843034434381609,1.6256306345583202,0.008156017898462747
CLMT,Calumet,downstream_refiners,0.14641846271039394,261,SPX,2.7677383477585193,0.1501051064568783,0.2583285290646553,0.011558029362876476,-0.01723230136151689,-1.0336013117368696,0.0035891897919132095,-0.007621458056679482,-0.23227240234083776,0.00985095477015925,0.004641088417758071,1.1382664248579881,0.0036529344725972,0.7350363630345362,2.7677383477585193,0.04617833079921369,0.007051775869643443,1.5642329028552366,0.008433332005802659,0.18468286684065494,2.4274738006283667,0.018677611738923093,0.05854153172268372,0.9533087959538049,0.003832125721237321
WKC,World Kinect,downstream_refiners,0.22802773772602336,261,SPX,4.708205422036031,0.18202645294613495,0.4786902347875101,0.040896986517919766,-0.016699420498702378,-2.7647643794540877,0.008110396733065125,-0.0015722434263003258,-0.07471759339793699,0.0010087213393421203,-0.0013740804570550882,-0.7271574950783347,0.0007704704006145091,0.6506726300547874,4.708205422036031,0.0870713133127357,-0.0012921021959531455,-0.4426276704595581,0.0006812795648309242,0.1656560741808885,2.749806980336282,0.03615865721368575,0.03584322821704744,0.9911057423150432,0.0034566487976315746
CAPL,CrossAmerica Partners,downstream_refiners,0.13390466841833093,261,CL,1.007112630466456,0.29427955008467904,1.007112630466456,0.22040980030235743,0.0068193667266654955,1.6462976827524918,0.002788790104940224,0.004610919168764676,0.2766285683613415,0.017889371775846097,-0.001674243771884212,-0.7712054391582376,0.0023586171707642607,0.2707836044161151,2.1732774669825217,0.031094471916847718,-0.0009182212918805028,-0.4199669644532787,0.0007094385599208345,-4.5323261215354576e-05,-0.0013306147892557306,5.58120926326965e-09,-0.02278963141934075,-0.9642996446406742,0.0028814033909047394
WLK,Westlake Corp,petrochem,0.21091350410662535,261,SPX,5.833652861414313,-0.10076359249055725,-0.24991694922466626,0.011531098622911249,-0.0099300189519506,-1.2922495664282023,0.0026386425269380276,-0.016217614657950796,-0.7407542142463619,0.09875218018276184,-0.001746821673127829,-0.6073496683764819,0.0011456972789670122,0.8244092839326465,5.833652861414313,0.12861063131613656,0.00014560053976707486,0.04940171247998203,7.959736816546933e-06,0.10462499916126468,1.5634756860174008,0.013271181978836586,0.007144499341019956,0.21070672850973227,0.00012636468755276959
LYB,LyondellBasell,petrochem,0.3086908202893083,261,SPX,5.020307709268823,0.07481547672490635,0.23960586316523502,0.008547193316788415,-0.00016826429640218716,-0.03705110031119149,1.0186889172282392e-06,-0.014450927501610722,-0.796729721246803,0.10542446687675765,-0.004909119636633849,-2.491008964762339,0.012166263022205527,0.6779129768912103,5.020307709268823,0.1169273879076304,0.0041307330179793005,1.8042303264282036,0.008613987182420357,0.030664956226339482,0.5621241663812607,0.0015328533176983752,0.030442745176136356,1.1437900197188537,0.0030847997875562273
DOW,Dow Inc,petrochem,0.2601784016045977,261,SPX,5.187063636092938,0.2593395348723383,0.864481800041084,0.10347375872084666,0.004355595695149003,0.8278038378853936,0.0006877092913434702,-6.178921573821335e-05,-0.003436413601643914,1.9419027352377353e-06,-0.002121578124704288,-0.9293988716814948,0.0022893920224185344,0.747233434736239,5.187063636092938,0.14313079503866288,0.0018614871765649486,0.824802669061883,0.0017624719146087388,0.03262965803427684,0.5966135126591943,0.0017486105052620462,0.025467910975320723,0.8684387765901856,0.00217519472932298
OLN,Olin,petrochem,0.2564619552008248,261,SPX,7.5518842940866975,-0.09229136936935946,-0.18149955156576364,0.007045171587480278,0.009243313017738371,0.9032213841856797,0.0016651053568039404,-0.013208151815732629,-0.45791693702865066,0.04770488320651168,-7.098053639829796e-05,-0.019369023739548123,1.3777083375893933e-06,1.1722855819784659,7.5518842940866975,0.18939301769107075,0.00228595774635497,0.8159399689482637,0.0014289437392899617,0.11570269420616106,1.6222752508602913,0.011820384601881265,-0.012530997943898482,-0.3478762699671499,0.0002831127567765375
SLB,Schlumberger,ofs_onshore,0.32472400441682425,261,CL,1.7566724670099345,0.8805308653037176,1.7566724670099345,0.7388093048284717,0.014235229161257322,1.463485852351621,0.0045497665817398536,0.026923617906020547,0.9665175432784531,0.2283596470698423,-0.006015939765952649,-2.335780372537852,0.011401434185456638,0.5821049955941021,3.4149141430208494,0.05379892068045023,0.006500170266729957,2.1774837919505523,0.013310733602522181,0.17957344306902473,2.1707196603226886,0.032802177666806244,0.05189608415885875,1.6461374536642202,0.005594111174009247
HAL,Halliburton,ofs_onshore,0.4517040159389494,261,CL,2.6890438798192626,1.2513658680231228,2.6890438798192626,1.3393351804583051,0.01602436538513982,1.5871199265329143,0.005174868839405894,0.03865450805888907,1.567987642926414,0.4225034942238896,-0.007722177153816858,-2.8806380826743148,0.016862017084315613,0.6302052129996724,4.058962124899909,0.05659947079558976,0.00655526512601486,2.990813348232623,0.012150958191753105,0.16318506538415575,2.1040766998100158,0.024314019161503785,0.06832172998673607,2.1860416023423297,0.008702761900797062
BKR,Baker Hughes,ofs_onshore,0.31226057322162004,261,URA,3.1060868416182443,0.1920134280773873,0.6103780412412487,0.044665663482809224,-0.004015796746441452,-0.4954674415386798,0.0004603318623893617,-0.007762516163941818,-0.47172490690210495,0.024133758331115186,-0.009784912567216437,-3.2399079543456057,0.0383472145435738,0.4725138873639363,2.7957258599305175,0.04506791460171134,0.0044931736459345095,1.834538526800627,0.008085862098566099,0.20381119879944704,3.1060868416182443,0.05372073456046579,0.07523058448561333,2.6238192112121084,0.014945766225231244
LBRT,Liberty Energy,ofs_onshore,0.3819940012657368,261,CL,1.7953919032258485,0.925505735194799,1.7953919032258485,0.4177635987952877,-0.004811846119345973,-0.3496255853949508,0.00026608036631796324,0.01309062081813115,0.505253744389472,0.02763135554127717,-0.006080723340720998,-2.2424841591596483,0.0059620030429924425,0.610234897757315,2.9163740372323197,0.030261759041420165,0.009945827645780657,2.9286841102171737,0.01595010558744556,0.27773072057097264,2.9208693320443593,0.040160163974977375,0.06899604192835188,1.4197653046647833,0.0050610362486431795
PTEN,Patterson-UTI,ofs_onshore,0.4551069879572852,261,CL,3.5610849715630475,1.4075112019112272,3.5610849715630475,1.0349514570892946,0.0026792110924790955,0.2578568522417022,8.835825446400073e-05,0.03683274889861453,1.8025095613456477,0.2343116393131873,-0.009916736435907021,-2.7292996752851426,0.01698490568294204,0.7775885897424085,3.4065962207856373,0.052631256733213325,0.0018240631043565593,0.6259400166062831,0.0005746525201782298,0.250036454883881,3.1177421001789734,0.03486568436956308,0.022643698792868247,0.515808847873089,0.0005838882354867197
HP,Helmerich & Payne,ofs_onshore,0.4335472872746007,261,CL,2.275882855114232,0.9847962197959937,2.275882855114232,0.594411847365733,-0.005622437774396386,-0.6711919680527999,0.00045652128232869877,0.01921314368941508,0.8477654966772198,0.07479988154055568,-0.0051735310302079875,-2.3566975301773665,0.005423481526252173,0.7933636872084083,4.088292760652022,0.06427869779425664,0.004831954651486147,1.603588957974439,0.004730965141085997,0.22847587515199547,2.447100716373339,0.034154716016280305,-0.014648048142935265,-0.3834704853154951,0.0002866638666128929
AESI,Atlas Energy Solutions,ofs_onshore,0.34142685046719956,165,CL,2.2656163473926725,1.5211025496534278,2.2656163473926725,1.2992613351009434,0.01842474701219971,1.8938762072827047,0.007223549213637621,0.055791925493089076,1.3777576111979408,0.517256780242525,0.003289140340223533,0.6004029202223767,0.0019391457800274697,0.8529645067844938,3.2347219967770515,0.058814163317848375,0.009701974468740342,2.2273467263868403,0.018075472134751237,0.1726149975661277,1.314598036938944,0.016990066427403697,0.022767959369593915,0.4096568650182969,0.0005093745896255383
WTTR,Select Water Solutions,ofs_onshore,0.34910858406352596,261,CL,1.7015371858855894,0.6246121212605595,1.7015371858855894,0.2715277667966512,-0.005226646211699617,-0.729777458237104,0.0004479779540073414,0.0038240542646210407,0.20041086153139287,0.0033647349730588968,-0.0047695019939132935,-1.7308495941649076,0.005234182230558855,0.5742413093664541,2.685422130964145,0.03823930724749767,0.00024071649320294716,0.0632817556928968,1.3332588193872268e-05,0.23891206091685405,2.7605956920159525,0.04240771276613852,-0.018095585419993798,-0.4206740006024866,0.0004967723707055879
NESR,National Energy Services Reunited,ofs_onshore,0.17575122874765958,95,CL,1.1493281927011505,0.8480180553192744,1.1493281927011505,0.6569873136330537,0.032271155031349294,4.237639805573503,0.031870856958028645,0.04782178135902168,1.109965223130095,0.6263087480109721,-0.005099775141201509,-1.0670921713028905,0.008384859438647184,1.11265539717192,4.100582309996384,0.1614971026413329,-0.009127852010660529,-1.5308945316311613,0.01775962053618883,0.0015905852172668766,0.014044080267828713,2.410670396065445e-06,0.16381938247658318,1.5904571027523993,0.026318056878139907
XPRO,Expro Group,ofs_onshore,0.30459968560789186,261,CL,3.359599844351578,1.2572916253611022,3.359599844351578,0.9803036749494072,-0.005376324706915123,-0.5139938933739857,0.00042235395750438496,0.04311188447076255,2.3866493184352797,0.3810587479786855,-0.00796669593680812,-3.02568914753351,0.01301231015401519,0.8162351176054865,5.412262878950901,0.06884095054646325,0.0023282846301323425,0.6821756972954096,0.0011113991622052652,0.19884350881476445,2.3144958159803797,0.026174999974429482,0.049095713762677864,1.1436649255747255,0.0032583255029615937
SEI,Solaris Energy Infrastructure,ofs_onshore,0.2776617288112456,261,CL,1.0686831692227385,0.6323951623728183,1.0686831692227385,0.16606966459899616,-0.0185067241753921,-1.4618473432393357,0.0033511150410255133,0.011105172253428679,0.3551087706634699,0.01693063186199308,-0.009384506626683515,-1.7383358390886592,0.012090533328391488,0.9328520561061784,3.9691314232034105,0.06020970482833682,0.008120742912212204,2.6938566718006913,0.009053449665850104,0.37739689392081277,3.827785932073124,0.06313717440645555,0.01669366553108291,0.3421851051243252,0.0002522524378917813
NBR,Nabors Industries,ofs_onshore,0.4353469230655288,261,CL,4.2375049053256575,2.3357646456293124,4.2375049053256575,1.6949572492403833,-0.0006990023028736151,-0.0628177291764865,3.5766364867587926e-06,0.07903173483951528,2.631471596615748,0.6415240698025679,-0.008956976116034486,-2.5359834065208178,0.008240105219212599,0.8615792169077576,3.2916729576143524,0.038425430130365326,0.004509360076358149,1.2226229754206215,0.0020885253738932076,0.36540326469132045,3.088064973710393,0.044281334683932645,0.049218242523746646,0.9246541902652637,0.00164048218080405
ACDC,ProFrac Holding,ofs_onshore,0.246548360610384,208,CL,2.083656563509994,1.6449153628378494,2.083656563509994,0.6426207987799923,0.03694932146677436,1.8350575893092615,0.009908950362193556,0.04956326702276467,1.1530161121105522,0.1808350115267885,0.0008000068432438381,0.1607778589751322,4.9245900862931467e-05,0.680252587856483,1.6021970299006532,0.020471644069019208,0.005902952458170623,0.9541121917190241,0.003022962573747482,0.354306574156612,2.3039510429552603,0.03020947560895077,-0.041410368444819434,-0.6187711824221043,0.0008449295512483396
RES,RPC Inc,ofs_onshore,0.35978148064084636,261,CL,2.700573968985851,0.9292375364043385,2.700573968985851,0.4694824527899764,0.013722336028166568,1.148877661000369,0.0024123425513356217,0.01647483576702284,0.8910648464913863,0.048788492671914825,-0.006330502183143685,-2.1091338899020187,0.007203632332147101,0.3327507009749302,1.3236427370482757,0.01003070723614659,0.007310669988068463,1.9869080066298788,0.009607039414448846,0.32642351948391657,3.2929902054398323,0.061844919694114084,0.006710101739154057,0.14348623566516147,5.336331632012265e-05
PUMP,ProPetro,ofs_onshore,0.35169888729524623,261,CL,2.8278540200888904,1.4272912209389803,2.8278540200888904,0.8475798598840528,0.017996528494271517,1.3614659191120553,0.003175045243677063,0.03883457982062068,1.4794522150275948,0.20744453499256243,-0.0043937469112789425,-1.4229378082209074,0.0026554299610362575,0.43788646910423684,1.9381321547595636,0.013292486011199011,0.007164842524256271,1.68134630263837,0.007061192901280831,0.32799150192112575,3.9342451501317535,0.04778107219871507,0.05174886497353759,1.0102055486784705,0.0024287109051341713
TTI,TETRA Technologies,ofs_onshore,0.33627725068831793,261,CL,1.3745124869558616,0.8304894816401889,1.3745124869558616,0.2750089647975407,-1.336680728816498e-05,-0.0007141106799430678,1.6786144378573205e-09,0.008770089622836692,0.2855768444196996,0.010139019983500216,-0.0032397465962063048,-1.0145438411561774,0.0013835982387761614,0.7793483982226869,3.51330353838829,0.04035242084864705,0.006122414541011988,1.3120344241199082,0.004941210772806983,0.3324164095362088,3.586516115854258,0.04703474086949978,0.010187007116806524,0.2026789061942041,9.019667408590611e-05
CLB,Core Laboratories,ofs_onshore,0.2855294640213768,261,CL,2.2357011434390817,1.4689926717753432,2.2357011434390817,1.0804880638617806,-0.0003506218831513463,-0.027018850359841022,1.4503597974945907e-06,0.05545963250143626,1.592061791560403,0.5091479827239102,-0.003456417780678494,-1.0196904522109018,0.0019776184890464847,0.7412565537882221,3.019744502275922,0.04584009710187061,0.00561599937813892,1.62728383199608,0.005220885329997294,0.29511202366895173,2.567867625905213,0.046551083296735504,0.023271135887990735,0.5221900804260482,0.0005910641317974826
CLNE,Clean Energy Fuels,ofs_onshore,0.26173146762344535,261,CL,2.0208834230440957,0.7915166561171132,2.0208834230440957,0.28077434077752383,-0.009254595474010675,-0.5960089465485227,0.0009044179683635174,0.0293443181435214,1.4073666371221845,0.12758355000873198,0.001158131700766139,0.4199057026711161,0.00019872958976142196,1.2584599739759164,5.036231510493438,0.11826162314909311,-7.876304541909896e-06,-0.0016850488970618868,9.191611022028601e-09,0.28880415260067716,3.3963118008529376,0.039904275957997386,-0.015161986497845158,-0.27317145101295115,0.00022457853103110834
NGS,Natural Gas Services Group,ofs_onshore,0.1995217177414218,261,CL,1.18799992972221,0.44157953781069287,1.18799992972221,0.16489271540906217,1.9013640284152943e-05,0.0013455652133085544,7.2032939456096134e-09,0.004759609356333056,0.2333181138802189,0.006333379986962818,-0.0041570587315074995,-0.9928624513253705,0.004831313805503389,0.47868099729245883,2.4359023700556044,0.03228521512664567,0.007057663648662815,2.5105827375369216,0.013925629630793801,0.14009605427104632,2.1836640121334727,0.017717835485615945,0.08652236721991448,1.8256707906005922,0.013799364961140054
NOV,NOV Inc,ofs_equipment,0.3442475679445557,261,CL,2.296198360770467,1.061364515186097,2.296198360770467,0.9479179481005131,0.00466681665198141,0.5468244303070797,0.0004318173608134252,0.03366605301390184,1.3592154061373396,0.3153082705316143,-0.003578852945135621,-1.3569880017676503,0.0035631873981797667,0.5267330276870799,2.7538172733756876,0.03890007529720956,0.0039033762303054003,1.212000869211996,0.004238691244773499,0.23183939338472884,2.628867903439885,0.048282678092906414,0.006699119202994914,0.17814510779775156,8.231817930879494e-05
FTI,TechnipFMC,ofs_equipment,0.3142943157076359,261,CL,2.022865965988462,0.7498020440316346,2.022865965988462,0.46359590140983176,-0.008144270336382911,-0.8510563490433218,0.0012887471317775865,0.017735184898848542,0.9478006665639895,0.08574861742464267,-0.006831588297099083,-3.0671501550097067,0.01272327918647134,0.6995407961286542,4.5763950549477235,0.06723573597590025,0.005258852251611371,1.5785351975726705,0.007539414561185014,0.17748260829394025,2.17974543218868,0.02772893701337263,0.0517529371810241,1.2412131945336773,0.004814321390692982
WFRD,Weatherford International,ofs_equipment,0.2871419356520809,261,CL,2.2943029424143417,1.212459909292668,2.2943029424143417,0.7588832681790766,0.006814682235733494,0.6648436124559991,0.0005648698887499538,0.03884196401334571,1.4816616182827391,0.25748498201203496,-0.005549628725165542,-2.079011769598814,0.00525626677723797,0.5967427146728177,2.2068972223625254,0.03062965998267956,0.006455088405155617,1.942469387936776,0.007111380711914999,0.29918477742042837,2.596216810056807,0.04932810786524406,0.06822728190593591,1.1310977279776462,0.005238115480094299
WHD,Cactus Inc,ofs_equipment,0.3688848385323794,261,CL,1.781385729709726,0.8538279164776411,1.781385729709726,0.5683410413295265,-0.007427848723188264,-0.9575514898044781,0.001013471220883639,0.023639201470676593,0.9073993092401079,0.144026782797626,-0.005435630045559248,-1.9538547469138008,0.007615132017246484,0.8561412446356051,5.268599776589765,0.09521094574022064,0.0015223261356678568,0.5014917720185714,0.0005973007535923679,0.2347961553572136,3.1479935623334896,0.04588022608605873,0.018898722247711677,0.5345220775105589,0.0006069486206026942
FET,Forum Energy Technologies,ofs_equipment,0.2558919261645024,261,CL,4.127366292331158,1.7536460970217393,4.127366292331158,2.037767918235416,0.015559874892055,1.2451703971143175,0.0037800715315818405,0.07279985345820027,3.3531796939325793,1.1610239064605916,-0.00475595649998822,-1.4052990098251763,0.0049551396602710174,0.628704830705869,2.9920317975790263,0.043640742469100824,0.0008785761813364185,0.2110677199795974,0.00016909820689034217,0.1364449968805777,1.438396333340946,0.013169258259322225,0.02872480443459116,0.655167941220397,0.0011918008801066165
OIS,Oil States International,ofs_equipment,0.2595007704526554,261,CL,2.2762059469326568,1.3305530058594872,2.2762059469326568,0.7250977071754339,-0.0014449959052849379,-0.10237907596837949,2.0150341274224306e-05,0.03951943416164809,1.2324684655806704,0.21147690410303344,-0.007561347942557464,-1.7157169168025408,0.007741764469147205,0.5773589274180488,1.9972126127931495,0.022748442288101363,0.0010023986456083906,0.20388392837084474,0.0001360574887664738,0.29398176462612313,2.382952569156935,0.037787505583521674,0.00511497925018148,0.09234409337445598,2.3358161105153465e-05
GPRE,Green Plains,downstream_biofuels,0.1293253565955661,261,SPX,3.116677566488267,0.33769178781687387,0.6857897310273303,0.057316824575526296,0.002810842738916477,0.22307417634829557,9.3568834963617e-05,-0.002324654293985382,-0.08828693822221358,0.0008979811379355863,-0.0032907915854423703,-1.1428157868986897,0.0017994973731215926,0.8403449327467974,3.116677566488267,0.059140367102961576,-0.0020258760419334396,-0.48514837650594195,0.0006819871593431349,0.06930797175143061,0.7209793186804405,0.0025774056201103832,0.06794150940368396,1.1382566186745746,0.0050574340860749184
REX,REX American Resources,downstream_biofuels,0.10268573247155843,261,SPX,3.6908125556097238,0.21301153450013627,0.7274556014056368,0.04444403131486874,-0.00558794622180432,-0.7477588376057751,0.0007206570518735936,-0.003075401661187505,-0.20004479980827783,0.0030628112221989367,-0.0071113947910404155,-1.8414641730263175,0.01637668965462025,0.5375488501377542,3.6908125556097238,0.047159674497982966,-0.0009678849826331689,-0.2724892991155284,0.0003033640010338133,0.010174829836707502,0.20991086847690044,0.00010825221244352525,0.01851615793705239,0.2931635090615631,0.000732027981327347
CNR,Core Natural Resources,coal,0.20078739086009723,261,CRACK_321,-2.328937517565248,-0.5610040277373055,-1.3353003563122388,0.1735879085133051,0.001505144809540773,0.10854421882274001,2.9441578078226894e-05,-0.05547834718770437,-2.328937517565248,0.561233876665118,-0.0060874941969271765,-1.4532675175956273,0.006757311971539716,0.26033091076783527,1.0551174752813632,0.0062282596412916195,0.009606094840915758,2.459085022582984,0.016826376011611122,0.25194746094346654,2.782123971070046,0.037375133492926704,0.13023245597763075,2.1858883573464976,0.020391289921696462
ARLP,Alliance Resource Partners,coal,0.1828293873584439,261,CRACK_321,-2.8748275460378188,-0.4738546733240082,-1.9247780601617313,0.3103132408431862,0.011668222613174245,1.387581773782344,0.004433394572752245,-0.04033189085433779,-2.8748275460378188,0.743218437024193,-0.0033287737152146017,-1.4519403127313593,0.0050627660041464165,0.04668126501096093,0.30475142625357576,0.0005017910663495368,0.0037275269145126085,1.5645368832305382,0.006348350316234212,0.20035219148761982,4.2320755616943275,0.059220685962657504,-0.012511009094317113,-0.31730406177171,0.0004715343943741484
BTU,Peabody Energy,coal,0.1903497637814936,261,CRACK_321,-2.0366702812687443,-1.186375106479446,-1.531098242426486,0.47082726395898317,-0.002438194103559846,-0.11393314740421999,4.6856636226717164e-05,-0.09553782377275888,-2.0366702812687443,1.0094331870074824,-0.008162312078002327,-1.4741920202070131,0.007368062162530254,0.2224351294971244,0.6723303811803084,0.002757731807312096,0.002632979971740716,0.4356272950361112,0.0007666938881985689,0.4203390695351668,3.445063177028022,0.06309462132424844,0.03285899629977507,0.44006377422887144,0.0007873083646408196
VST,Vistra,power_ipps_merchant,0.2294126915836222,261,URA,3.874630702966529,0.2075110345990376,0.7212167900185379,0.036833590563381785,-0.012751371292274175,-1.8755218319085785,0.003277120798041768,0.00867768225295375,0.5854849052140182,0.021295041450036648,0.002539247271895714,1.1186062045990197,0.0018233959733268649,0.7166992287720448,3.5736695675498984,0.07320879535218296,-0.004468698174947623,-1.1938998956342979,0.005647198419721155,0.3014068394019965,3.874630702966529,0.08295510917276445,0.05940648592390001,1.6477932403444187,0.006580336721715584
NRG,NRG Energy,power_ipps_merchant,0.22860547319656443,261,SPX,5.739156173605659,0.15475042215665483,0.3759779434899151,0.02529150385390876,-0.006570169904816386,-0.9597170164229204,0.0010741901654636773,0.005173698009367567,0.2367627482480517,0.009345928552207772,0.0033636753044582524,1.4350890998499837,0.003950467012177355,1.0264983092732711,5.739156173605659,0.18541939812105784,-0.0001443482415678904,-0.048045310016320085,7.275172607778992e-06,0.08431741534165317,1.3462622581555421,0.008015318931903338,0.05232253647216784,1.2050747455577875,0.0063024190111863766
TLN,Talen Energy,power_ipps_merchant,0.240225538398668,153,URA,3.5667526799931424,-0.16201403756775828,-0.3942574179008132,0.019720938489017178,-0.0028961816712757,-0.4008305117919907,0.00026155305672290495,-0.008723354774009724,-0.41140507711314184,0.01716513239228317,0.005753074867169664,1.7279333340434313,0.008634624671803709,0.8196166714010066,3.537272393313916,0.07840226635896173,-0.004898842393315809,-1.1028773595277845,0.006079105271533152,0.32703092047227195,3.5667526799931424,0.08697065911993361,0.02449503553965108,0.4926252374165446,0.000829365176883622
CEG,Constellation Energy,power_ipps_merchant,0.22944945503468028,224,SPX,4.0976957206344204,0.20626623169246466,0.3869560740131534,0.03208674485374707,-0.007789856572288201,-0.7814481129630477,0.0011992617411387037,0.0060009267261769104,0.19267455918481644,0.009272705065751796,0.0016251327654442545,0.43611980181770066,0.0005764004897735418,0.7863415471898709,4.0976957206344204,0.07958830736518499,0.005428830806461008,1.2518298417843678,0.007802543737506403,0.32569602851925117,4.07412978781344,0.07535474092282693,-0.018975709500066412,-0.35064633999950534,0.0005022096660052863
NEE,NextEra Energy,power_utilities_regulated_gas,0.18855172072172166,261,CRACK_321,-2.118285828669741,-0.34549380834422744,-1.7828308375065645,0.2622313830196151,-0.0014111159650518922,-0.22116023316836037,0.00010307338549636422,-0.021071773857493117,-2.118285828669741,0.32248955952533964,-0.0007456578475903841,-0.41334273481254197,0.0004038244881797766,0.4980687342298267,4.656943758674923,0.09080513530474141,-0.0102433096475275,-3.769399304137638,0.07620686011272691,0.0268376599101275,0.6353069413982835,0.0016891518253944018,-0.018806061544879966,-0.7548202963974062,0.001693630086549904
SO,Southern Company,power_utilities_regulated_gas,0.13808761080471088,261,CL,-2.3974997554981408,-0.3641895387787885,-2.3974997554981408,0.6635358198022868,0.0006094922510985895,0.11286108574691946,4.378877724668776e-05,-0.01938218038408408,-2.226209600306598,0.6213324541523704,0.0021490035584529367,1.1969610702487605,0.00763823552688856,0.22419704440278918,2.379987149889676,0.041898350598110985,-0.006284732794864535,-3.6257947663893333,0.06532695447953647,0.013997051958943647,0.4730132692834577,0.0010463039313535695,-0.00787778769163417,-0.5992595874771766,0.0006767631600919576
DUK,Duke Energy,power_utilities_regulated_gas,0.1771575395042988,261,CRACK_321,-2.911146975812063,-0.4112092192281562,-2.908956983523111,0.8536279204331407,-0.001960626059813815,-0.38195312114644364,0.0004572455309333081,-0.02306600389505316,-2.911146975812063,0.8879673253698226,0.002638648028821307,1.5571152097195105,0.01162024245589925,0.17523264085564078,1.889890224482215,0.025828587680331118,-0.00811276762331544,-5.387808667385246,0.10984754019784752,0.013049057236852618,0.4963027998862778,0.000917648726842551,-0.00542401027588688,-0.3453312730159235,0.0003237446937964755
AEP,American Electric Power,power_utilities_regulated_gas,0.18055233971066653,261,CRACK_321,-2.1722537149144627,-0.3995684688570518,-2.255450052806389,0.6817007148159137,-0.004564293453390641,-0.7822624618440907,0.002095923612052075,-0.022543742227797044,-2.1722537149144627,0.7174186920922231,0.002048864419981616,1.0689939743129004,0.005925801633486739,0.2463557464664786,2.702382220319932,0.04317819129559269,-0.008644326596670209,-5.527401805215876,0.10548312845055217,0.01028022390523052,0.3735045744906718,0.0004817167488401078,0.00668174892351301,0.43714308714127087,0.00041553763264712924
SRE,Sempra,power_utilities_regulated_gas,0.1821725983151995,261,CRACK_321,-2.838695438871288,-0.4605401557234768,-2.675274699318369,0.6341207541927052,-0.0047828999794362,-0.4579053397029889,0.0016115231939224839,-0.027833199952409893,-2.838695438871288,0.7657245602962852,-0.0007161820907700196,-0.42164010510201666,0.0005069827832000906,0.47110767035944223,5.519451752451192,0.11056178267867295,-0.0048066067797519155,-2.2777975367742296,0.022836181569030257,0.05154755279604015,1.6378161533913904,0.008480634245168671,-0.006266161407179429,-0.3362279957724963,0.0002558932566849111
D,Dominion Energy,power_utilities_regulated_gas,0.11143413545679959,261,CRACK_321,-3.2070295839631364,-0.437154611702062,-3.1006380489968475,0.6610071750099855,-0.004325285385439213,-0.7616213636814264,0.001524693619095424,-0.024813597226366724,-3.2070295839631364,0.7040845905428956,0.0012541625231521935,0.642701697931841,0.0017986763347582868,0.3564451295424391,3.709842347548461,0.07322327281406316,-0.005322377624932293,-2.6289499379115013,0.03239341626940194,-0.010595002106829595,-0.2862715341302411,0.00041448938076853463,-0.00961032936018259,-0.539848364047444,0.0006963559884399838
ETR,Entergy,power_utilities_regulated_gas,0.18634014345516092,261,CRACK_321,-3.168055491690918,-0.6117977048837422,-3.2444640276911327,1.3226421062369464,-0.004766893309732018,-0.6270091889403154,0.001891971209126275,-0.034302453015646356,-3.168055491690918,1.3746316886669738,0.001617613411714278,0.9337752768032581,0.0030569298519743503,0.4313554086569006,4.388537965509832,0.10955315135712472,-0.005167695841194515,-2.635113603785796,0.03119822481370913,0.014286688201973773,0.4608533008799578,0.0007699544958788938,-0.007168339756630584,-0.43134867956769,0.00039580615744522077
XEL,Xcel Energy,power_utilities_regulated_gas,0.12243333871171835,261,CL,-2.837435714524305,-0.4875913216068198,-2.837435714524305,0.8454712725405034,-0.0010929979880509632,-0.2496094225142801,0.00010010197551168122,-0.026428278820906096,-2.762702035824351,0.8211717848327883,0.0011164355050132637,0.5508817597966914,0.0014654248025694641,0.35337693384958463,3.9110728022245036,0.07399306869771753,-0.005762572735352211,-3.1317875966955135,0.0390417340691808,-0.025255350396449768,-0.8423066620401058,0.002421413651004567,-0.01982902470957515,-0.9630647591177931,0.003047953627071696
EXC,Exelon,power_utilities_regulated_gas,0.15781282676969932,261,CRACK_321,-2.58856051331547,-0.44752809264287163,-2.5823107654852193,0.7142162274826883,0.0020555342271363786,0.37567154996053576,0.00035502222055142855,-0.02664689317108668,-2.58856051331547,0.8371274975915346,0.0027620559127044947,1.3871556272787016,0.008994217336795498,0.313604611787404,2.993441604690454,0.05843616563631669,-0.007182856072686061,-3.3008593428085873,0.06082649258506532,0.007409563772037232,0.269808208820408,0.00020900162247151826,-0.013659634784799167,-0.6787909678561069,0.0014503940525930927
ED,Consolidated Edison,power_utilities_regulated_gas,0.11445241768079695,261,CRACK_321,-2.9626063783209124,-0.4591973864906527,-2.9848212607467155,0.9910381299712022,0.00047415909457210003,0.08663629918140547,2.4897556172236045e-05,-0.02560671994028046,-2.9626063783209124,1.0188465746639852,0.001779274285558124,1.0697078502204838,0.004919111775249385,0.1400120614322943,1.4767984118310984,0.015351477138568338,-0.0069254619295294195,-4.367665441786579,0.07452438124009061,-0.012628108666069383,-0.4488384063698514,0.0008000984668423939,-0.00938711156686508,-0.5593801295458982,0.0009027640038418977
PEG,Public Service Enterprise Group,power_utilities_regulated_gas,0.20424793587282752,261,CRACK_321,-1.597278503269487,-0.25957689582748245,-1.502983342482475,0.27166942812531797,-0.003270159201266881,-0.5413475282132049,0.001015929317637361,-0.01579792621997309,-1.597278503269487,0.33267349386106604,0.002980099687982497,1.79304088182383,0.011838035032933271,0.4243665132197052,4.793309890856978,0.12098140773809106,-0.004713922237082571,-2.7378231749236783,0.029619850674486987,0.03711519609404861,1.289387373989457,0.005929082410057596,-0.009449681310950543,-0.5739951377688524,0.0007848049793779985
WEC,WEC Energy Group,power_utilities_regulated_gas,0.1793778416670695,261,CL,-3.208196730742536,-0.44768725211242827,-3.208196730742536,0.9531629914116433,0.0023786789871373224,0.4798925407369341,0.000634025010337993,-0.023941669357038762,-3.0711620196901697,0.9012305612954004,0.0017502117780527938,1.0273360857562799,0.004816241518365485,0.3073336729748267,3.5091496160853772,0.07484550613141436,-0.006852942033553727,-3.855259226767534,0.07383821165113279,-0.015544468210280448,-0.6148563561090583,0.0012267179555492651,-0.007640276584045666,-0.5137524715741492,0.000605138247017476
PCG,PG&E Corporation,power_utilities_regulated_gas,0.10040629247735511,261,CRACK_321,-1.3277614812727103,-0.32497009202253435,-1.2443946657553597,0.22390122122928355,-0.00891284995963949,-1.0868638112154059,0.003968440460526182,-0.0189616872028799,-1.3277614812727103,0.25201881733353226,0.002339307052966787,0.9594732910120992,0.003835778084400946,0.5424333764885236,4.407932330893477,0.10394179335296999,-0.002661841930550746,-1.2176466193675433,0.004966421062028126,-0.018391505554206593,-0.43465841815403566,0.0007655604858471538,-0.031786972988716466,-1.3149240153338526,0.0046696759862961314
AEE,Ameren,power_utilities_regulated_gas,0.18324153544671773,261,CRACK_321,-1.8976692112002769,-0.28007419144125334,-1.9712688693259277,0.34189106088854687,-0.0008100625270540257,-0.16615045386674854,6.739003022031909e-05,-0.01563971451316684,-1.8976692112002769,0.35245895073210515,0.0024247184649676835,1.477716574727036,0.008471757993771638,0.4077445622191621,4.93997704806427,0.12073846255846593,-0.0063115823980153946,-3.281663365990188,0.05740205153434782,-0.02495652600321612,-0.941348366750668,0.0028979113363554604,-0.011501977467868303,-0.719655800836743,0.0012569132807716376
DTE,DTE Energy,power_utilities_regulated_gas,0.17982304700759155,261,CRACK_321,-1.5192545913759798,-0.18835749034475605,-1.345742087739924,0.17412980627507907,0.00394970477660244,0.7110269171674799,0.001804070889099677,-0.012058128049177195,-1.5192545913759798,0.23592634881674254,0.0010227728424314702,0.6571827873401945,0.0016973642045710112,0.2980352181230267,3.739471592365482,0.07263906093221166,-0.0073241011032726,-4.909923824066454,0.08704129126721837,0.012795208905760743,0.4707332892170614,0.0008577828453875573,0.0004118225587714142,0.028538194751454075,1.814455483594886e-06
CNP,CenterPoint Energy,power_utilities_regulated_gas,0.17678156565500358,261,CRACK_321,-3.4673855391696358,-0.4400362282681289,-3.3439912749241962,0.8110598987708889,4.9920767719519504e-05,0.007867425086923193,2.459549545334454e-07,-0.025691061963648936,-3.4673855391696358,0.9140069809444115,0.0010711443967648918,0.6393147388064673,0.0015888446655513207,0.4134364762468773,5.081430470874639,0.11929475910308185,-0.004061031880877626,-2.214130559667342,0.022838006771373195,0.020226486267704916,0.6721297451274503,0.0018293306819514815,0.00710807604473173,0.45705233355905267,0.00046131642617143974
PPL,PPL Corporation,power_utilities_regulated_gas,0.17849743834024578,261,CL,-1.4214709892921342,-0.23960459227670672,-1.4214709892921342,0.24232197183639295,-0.0001064508808204786,-0.023226406533517503,1.1269847517071315e-06,-0.012471728357960557,-1.2911696286656604,0.217052675188146,0.001174827503641728,0.700980943092458,0.0019260167824480463,0.37493564434047916,4.158122521391138,0.09886525718479776,-0.005834222809819439,-4.011350749466974,0.04749827947433381,0.034659568293701294,1.1870842668622945,0.005412826239948273,0.016148239722748568,0.9950998667780103,0.0023992285523402814
FE,FirstEnergy,power_utilities_regulated_gas,0.1361267101816952,261,CRACK_321,-1.843557438187313,-0.32524069093377694,-1.8383989403403884,0.4558486100411317,0.0005266172915202205,0.1005818712595891,2.8159057664969868e-05,-0.019271292710804196,-1.843557438187313,0.5291050641512833,0.0011159323856711036,0.6397108334801258,0.0017741730803695441,0.2532567578839664,2.942862088097484,0.04605329328003495,-0.006485243747769931,-3.5944596755301794,0.05992014142643549,0.034372084529612185,1.0962633570451434,0.005434979317307064,0.007145114204131655,0.4341973623359244,0.0004795655309438505
EIX,Edison International,power_utilities_regulated_gas,0.18320893350477296,261,CRACK_321,-2.616224724239831,-0.6049800143046759,-2.4792934636508415,0.8791927891022139,-0.004389846873596473,-0.5917738200595025,0.0010907313773890152,-0.034287974894118695,-2.616224724239831,0.9336735818157912,0.0004083824857039058,0.16673080307566499,0.00013244806434951296,0.5857381798158565,5.764118412558532,0.13732096600626637,-0.00669245900996426,-3.1359365411411235,0.03556991595676493,-0.01770062625100765,-0.4496137908433138,0.0008034421176558112,0.012440035208995965,0.5823246572352142,0.0008103338981825156
ES,Eversource Energy,power_utilities_regulated_gas,0.17370752457888294,261,CRACK_321,-1.5841575640650603,-0.30586196802397253,-1.5329583876832387,0.2826590222264705,0.0013390828318416365,0.2079512406426318,0.0001276567493287835,-0.0178028768557892,-1.5841575640650603,0.3165932186685626,0.004906797141670382,2.373398292890564,0.024050130640647302,0.36939169979094605,4.218397299448465,0.06869322117616909,-0.008288812931853877,-4.660780740005022,0.06862872161235224,0.004664905723646528,0.1355825187359791,7.01896223973292e-05,0.014619483691700259,0.752334979480701,0.001407650021838004
CMS,CMS Energy,power_utilities_regulated_gas,0.18880190764320026,261,CL,-2.6257833869078104,-0.4059375881741524,-2.6257833869078104,0.7934395670182762,0.0020681507502038165,0.3450397323460788,0.00048526247125602615,-0.021538839708694118,-2.4376600040022667,0.738497901884656,0.0019584537099598047,1.1981239365059104,0.006105641200413454,0.2962533518250576,3.379861422125268,0.07041247120119183,-0.007336176556937219,-4.439688277377069,0.08567304577211414,-0.007009642888488438,-0.27263554272281193,0.0002525587238348959,-0.002239556091041981,-0.16475289667211296,5.264267311028929e-05
NI,NiSource,power_utilities_regulated_gas,0.23806533443229827,261,CRACK_321,-2.037661368857862,-0.318742199752565,-1.843456389370477,0.423619113724216,0.0041552850979230055,0.6789920498935627,0.0016963484693365385,-0.020197975590689466,-2.037661368857862,0.5623690868591384,0.0015443317726740874,1.072441040635048,0.003287660523337032,0.4761090364245887,5.0741377531696985,0.15748419919187745,-0.006355868232965993,-3.8448012850843214,0.05568721820812679,-0.009904168013753812,-0.33545365445998054,0.0004366240793223628,0.0017946671808801444,0.12166271014492704,2.9274061714657474e-05
LNT,Alliant Energy,power_utilities_regulated_gas,0.1927687348447631,261,CL,-2.915111654851934,-0.39088839958730554,-2.915111654851934,0.671827443910125,0.005233816571127572,0.8484124032797206,0.0028379593759044327,-0.02114558148469345,-2.861554710963972,0.6499811751803691,0.0015408608089642112,0.8911760424518934,0.0034513446703392098,0.37661714348049047,4.231060979169848,0.1039154369655497,-0.006723965593730608,-4.301452080805388,0.06572225846783414,-0.012394216494228154,-0.4374137905609552,0.000721050364565205,7.647742464165683e-05,0.004970567401431033,5.605797583899155e-08
EVRG,Evergy,power_utilities_regulated_gas,0.17535159863701721,261,CL,-2.763680172005441,-0.45206829251015285,-2.763680172005441,0.8466040134681723,0.002706727699156447,0.4312817050064706,0.0007151190793565473,-0.023548323932817243,-2.5930139042402316,0.7594541659046473,0.001588719821531949,0.9695035665173236,0.0034568154472216605,0.333537867714215,3.5493533451050165,0.07678745008461794,-0.006706680574661324,-3.3244303112337805,0.06160228342442069,0.009064437831285398,0.36416285945629184,0.0003633534150778745,0.000734353896554895,0.04237164999910047,4.869695005767518e-06
PNW,Pinnacle West Capital,power_utilities_regulated_gas,0.15185545803358313,261,CRACK_321,-1.9596492590092034,-0.35604658238355347,-1.9921745072173203,0.4726123896953064,-0.004080449963083015,-0.8000403731225482,0.0014625966526157046,-0.019749596403773103,-1.9596492590092034,0.4807477354278116,0.0013397994968030625,0.7675454995981361,0.0022124854225895585,0.36777347964773,3.7140053809846605,0.08401948184626605,-0.006952715093212029,-4.255425816081763,0.059581257345870504,-0.006785209046012233,-0.1936708537202717,0.00018322857038886257,-0.005868031817693926,-0.33444637854304465,0.00027983053693611196
AES,AES Corp,power_utilities_regulated_gas,0.20615039613121156,261,SPX,4.855718337911233,0.08445084488095615,0.2620953288150413,0.0077680914826298506,-0.0039972591393635844,-0.430713637660714,0.00041006050699101944,0.0027750391566201352,0.180997105907521,0.0027730257502408535,0.0024551231730617377,0.949015013391318,0.0021705122554058045,0.8023474272811171,4.855718337911233,0.11683123947324077,-0.009566286036679144,-2.7940753587264036,0.03295356435848975,0.12319946273977132,1.7141338209328125,0.01764815178262826,0.025644473334665217,0.6387655834430553,0.0015613944399146917
OGE,OGE Energy,power_utilities_regulated_gas,0.2269160465609692,261,CRACK_321,-2.312913559585568,-0.36337771034704597,-2.173030963104253,0.5473329382763318,-0.005484301345007072,-1.1381555783299366,0.0029376133843028855,-0.022246540579213332,-2.312913559585568,0.6782180224053563,0.0002421167750486546,0.12200318018009308,8.033302390005875e-05,0.4071291960208618,5.075204164325405,0.11447937061447025,-0.007660237646466083,-4.5417184950179825,0.08041347684356774,0.010689155622543139,0.41332043528207574,0.0005055883810753381,-0.006307159428578588,-0.3651843127638825,0.0003594358243742984
IDA,IDACORP,power_utilities_regulated_gas,0.1853654313326487,261,CL,-3.844593954829606,-0.5498081688270168,-3.844593954829606,1.4265326310376687,-0.004761205814675771,-1.1694905615759357,0.0025206366509488405,-0.02871402571848526,-3.4698353948436274,1.2863431602196116,0.0016815436904358072,1.234071977159299,0.00441148679021149,0.32625982774183193,4.276316774772149,0.0836978420062534,-0.0060608220499601,-3.5133401504701824,0.057310175388742314,-0.01152491288796382,-0.4118959992369832,0.0006691290814042042,-0.004830607916318126,-0.2840862192649194,0.00024003890532525336
MDU,MDU Resources,power_utilities_regulated_gas,0.1780114332452487,261,SPX,6.626757320576242,0.0379167589289504,0.23602071858329615,0.004332498426361161,-0.00198594874277076,-0.3898614321787343,0.00028004580492581196,0.001053764132019836,0.11872712850035866,0.001106298084302608,0.0020133268101798357,1.0569185781360335,0.004038442372217195,0.5947775784974637,6.626757320576242,0.17762860179058274,-0.002136912740039598,-1.3702112416378767,0.004549450173907843,0.0051397150421545025,0.13220018606646913,8.498247009565548e-05,0.0016728567569898145,0.08302921347351423,1.8382824230103885e-05
NWE,NorthWestern Energy,power_utilities_regulated_gas,0.13227545072738967,261,CL,-1.268299680463084,-0.21098740296566415,-1.268299680463084,0.16351184910064673,-0.0015770439985858325,-0.2410461516557367,0.00021524882981725538,-0.011202130601439165,-1.1946623242977867,0.15238659942949012,0.0030726608522261695,1.8847403640462719,0.011465018739534132,0.34778977819053103,4.2561648870074995,0.07402825727822332,-0.006873277150607676,-3.9133687263506074,0.05736846464471558,-0.021040235362357183,-0.5571731910312688,0.001735851754603807,0.0017307784073944095,0.10109524317253249,2.3984896008741706e-05
POR,Portland General Electric,power_utilities_regulated_gas,0.15249090551362232,261,CL,-2.443210600323282,-0.3980797894643449,-2.443210600323282,0.6426645161462602,-0.0010599265357782292,-0.2503773394407221,0.00010735260707662986,-0.021043332009666398,-2.3170626289382343,0.5937210074037765,0.002668917026772366,1.6341883592089836,0.009550443634262164,0.3420207360993509,3.8829894657232766,0.07904541061080882,-0.006501517278794553,-4.4495089788319895,0.05667386655924428,-0.023078059009706522,-0.6441263615575938,0.0023057801234065032,0.003987865299256143,0.23504915745029833,0.00014058654256335768
BKH,Black Hills Corporation,power_utilities_regulated_gas,0.22414278310945557,261,CL,-1.3944963651648998,-0.281542817693978,-1.3944963651648998,0.23933346514068396,0.0009889275762977891,0.14387184784607052,6.957616709371424e-05,-0.015417629617263317,-1.3516526560729814,0.237278876443517,0.002113144675217277,1.3174084677890776,0.004457407344075702,0.49830709636847137,6.104752298849237,0.12492126939223015,-0.009464230690136112,-4.964609289332669,0.0894117295927568,-0.016382614617762845,-0.39906505458820085,0.0008650799010963478,0.00582949148531038,0.34374617676174996,0.00022366323072263553
TXNM,TXNM Energy,power_utilities_regulated_gas,0.062319678441519866,261,CL,1.0223213517170753,0.11472215297957514,1.0223213517170753,0.09140757831883355,-0.0014321451852056357,-0.2910980309584751,0.0003356438718532092,0.004046568221055022,0.7371394034257995,0.037598515349200175,0.0030030981733667845,1.890256790903884,0.020707898271619014,0.1181644846804914,1.68633516529128,0.016158062284301312,-0.003708927517424093,-3.108541336848302,0.03158592904325364,0.014465417876160201,0.48413352235698226,0.001551403840798838,0.0004775777433398868,0.03429953011885867,3.4529835537185865e-06
OTTR,Otter Tail,power_utilities_regulated_gas,0.11789798661720885,261,SPX,5.591660370501753,-0.19742060313457255,-0.9401681041287915,0.07463329678720688,-0.00196830618146225,-0.2513000195432564,0.00017480344696487517,-0.010658107417773625,-0.9437916158199694,0.07191462180304525,-0.0008441869709082334,-0.45150375833895867,0.0004511638613300222,0.6674735261835673,5.591660370501753,0.14214889534432484,-0.0025437124340621006,-1.0613558725285377,0.004096312122298626,-0.013031538937337231,-0.26984880560739233,0.00034714775254860987,-0.0065088062347261316,-0.2759221266254091,0.00017683535119430952
AVA,Avista,power_utilities_regulated_gas,0.1363106007053544,261,CRACK_321,-2.055557722048786,-0.3214869785356156,-2.116519979625176,0.3567733107958165,0.005731637076218557,0.8582112719727087,0.002672021530678042,-0.017762491901996597,-2.055557722048786,0.3600664922932642,0.002426880219030823,1.6666073990510981,0.006721583617949471,0.3186862328490483,3.2352718072832274,0.05841439876079234,-0.008008308128015253,-4.099377405964195,0.0731907961763782,-0.04643491733037748,-1.1790810623667085,0.007945664190995036,0.0038247797456603624,0.23803505770026231,0.00011007714886408678
MGEE,MGE Energy,power_utilities_regulated_gas,0.1330090398050403,261,CL,-2.2391251227475095,-0.3452723151011785,-2.2391251227475095,0.3248054377572917,0.0068221751542190835,0.8372985242613653,0.0029878755929533376,-0.016602633787004932,-1.9051529042094053,0.24829220903173616,-0.00014780918878370443,-0.07167598166308059,1.967940584677838e-05,0.43903975197783174,4.774717511191165,0.08750546722130657,-0.007199557154480692,-4.436163644674177,0.04668965692910288,-0.04129347484512842,-1.1328277130764162,0.004959500140225043,0.013695577412997153,0.6329033048934345,0.001113984627826336
HE,Hawaiian Electric Industries,power_utilities_regulated_gas,0.02367996158936625,261,SPX,2.4316029835985487,0.03240057058793566,0.11471333271319892,0.00043028848266450957,-0.007905030726817634,-0.8218857505469418,0.0006035017471385514,-0.002869212489663096,-0.1850273756994897,0.001115550326566302,0.004956920356362809,1.70046472818856,0.003329565972944505,0.629208593285836,2.4316029835985487,0.02703780409195574,-0.012023261993990326,-3.0339731532513947,0.019588823983271133,-0.05526895275767426,-0.6879264853446694,0.001336571340800835,-0.028199451665971004,-0.9367834131890738,0.000710484255201213
ATO,Atmos Energy,power_utilities_regulated_ldc,0.21228970334308195,261,CRACK_321,-3.300775498573707,-0.43103106184839973,-3.1629115138009976,0.9002668892223822,0.0014349103559723971,0.19151425169130484,0.0002350827069828378,-0.02531593382554089,-3.300775498573707,1.026718487108705,0.0010419558359195027,0.7124898053714922,0.0017392503577199246,0.3932973880846381,4.978468094457913,0.12488894212816262,-0.005819132720482633,-4.2646205917852,0.054247534350065324,-0.002570954838630556,-0.09065585083322489,3.419151191210111e-05,-0.007562224270223346,-0.573895950829533,0.0006040487261867867
NJR,New Jersey Resources,power_utilities_regulated_ldc,0.1386165778489279,261,CRACK_321,-2.4109775501931034,-0.4081877331278707,-2.2748961731261366,0.6367938547326918,-0.005364307320366828,-1.0533945934073297,0.0025913332557199673,-0.023866692611997926,-2.4109775501931034,0.7197352647650668,0.0012135723780032923,0.695417627375098,0.0018608855723987326,0.3725178886837961,4.782430861874147,0.08836920593751511,-0.0059292038086690025,-4.433895581827266,0.04442025636405858,-0.02128248966665452,-0.5841750615599098,0.0018479877851226457,-0.0010285764742372285,-0.057040684894999506,8.813955734564938e-06
NFG,National Fuel Gas,power_utilities_regulated_ldc,0.18025480727190402,261,SPX,3.273216229225243,0.05561841424930693,0.2677504544615027,0.010513122269875162,0.009369005269563845,1.312702522609632,0.007029079884446953,-0.003911605963666595,-0.3360187101367862,0.017191510909435832,-0.0002802788989248832,-0.1403722746701646,8.826421303943032e-05,0.288845283544908,3.273216229225243,0.04724466708179725,-0.002145825776009635,-1.247930760366981,0.005173598995476284,0.09694897109782177,2.5965592449416124,0.03410014201913809,0.010921264464362201,0.5425110282416193,0.000883606871040098
SR,Spire,power_utilities_regulated_ldc,0.1167081257960606,261,CRACK_321,-2.0170021338474777,-0.40616502179050534,-2.0348722217118755,0.5566598657223703,-0.000849200947782735,-0.1353420590437133,5.7335395545230595e-05,-0.023237972436910555,-2.0170021338474777,0.6024079192302018,0.0020073720011850047,1.0543156223109096,0.004495209455384906,0.34032413100671616,3.4946764416763143,0.06511755424279833,-0.005760079328817472,-3.036410269136332,0.037012731542823876,0.006633799398111787,0.18029296889054316,0.0001585202717495983,0.000993364752608355,0.05093696132642259,7.258068929337612e-06
OGS,ONE Gas,power_utilities_regulated_ldc,0.07129349635261417,261,CRACK_321,-2.553169686708762,-0.4796282833390258,-2.3469321267343664,0.6272976020305233,0.0006811764451857047,0.07029421336848739,2.9812630856143415e-05,-0.028203135338457017,-2.553169686708762,0.7170809370346016,0.0008514604303320154,0.4401329830315221,0.0006535853880174528,0.3525619992546829,3.525596410343717,0.05647585036718001,-0.00431753784208742,-1.6763731832676902,0.016805277950579244,-0.01739752931756689,-0.47385500201539466,0.0008810782478559656,0.012991982970337396,0.6386876574493935,0.001003306597755004
SWX,Southwest Gas Holdings,power_utilities_regulated_ldc,0.12153905633788242,261,CRACK_321,-1.5991103303720005,-0.29253548007435404,-1.4111902351017054,0.237186984462396,-0.007550622436724529,-1.636876479448755,0.003723199180867852,-0.017867207535794655,-1.5991103303720005,0.2925206038434277,0.0021333817210405816,1.0325750804879368,0.00417042424516332,0.3438270338714963,2.9899177692654835,0.054593573515335836,-0.005294103731802412,-2.6637084181460873,0.025681949662979594,0.06887446828036155,1.7088495580723524,0.014035424309882132,0.0019650210201184277,0.07930384778436866,2.3328503854701957e-05
UGI,UGI Corporation,power_utilities_regulated_ldc,0.16981765548668648,261,CL,0.9617709046639888,0.2446002528067689,0.9617709046639888,0.11689907975785187,0.013957493428763543,1.66778869579444,0.008968692940549274,0.010111031586831768,0.700853755530959,0.06603855486772531,0.001615307928981977,0.8212640734203989,0.0016854554450995035,0.5922871340037473,5.081878985712924,0.11420618074936524,-0.007730287948454758,-3.4028731982755627,0.038600947903731926,-0.010841863535174814,-0.20783431498515828,0.0002451773975553093,-0.0334733119514728,-1.2430723414586495,0.004772142296218381
CPK,Chesapeake Utilities,power_utilities_regulated_ldc,0.15718078878990138,261,CL,-1.832660918940257,-0.29592391663780815,-1.832660918940257,0.26593978456583367,0.004380584069590168,0.7284647301904829,0.001373106493349633,-0.01623646469571336,-1.6853061188214513,0.26467654840687593,0.0020273098765815744,1.0366778417124995,0.00412641391861633,0.26041171974927063,2.498642925371137,0.03431404785676256,-0.009972552368443579,-5.258968273918371,0.09984933309796017,0.022086611194237844,0.5518535139831671,0.0015814542056169438,0.025175531313399932,1.4239157415631158,0.004195649451592118
CWEN,Clearway Energy,power_renewables,0.16662465531394965,261,TNX,-4.859760784877503,-0.06666142051991261,-0.2940966231928306,0.008455329119852894,0.0022689623215688334,0.36815620594156495,0.00023080911677811404,-0.008015135249734295,-0.623293678099312,0.040412194706836116,-0.0008687263104147885,-0.4221877586349013,0.00047474092987965827,0.47573219293125624,3.742992545702316,0.07175203005693007,-0.011184958672545096,-4.859760784877503,0.07869723864284939,0.03675474865932412,0.6981551836661823,0.002743996619254622,0.009972610855223385,0.3315737250938651,0.00041249421308210465
ORA,Ormat Technologies,power_renewables,0.1724383940124402,261,CL,0.7781078445763598,0.19027704501566095,0.7781078445763598,0.07686882084198424,-0.0009725920623634678,-0.11950015446132232,4.73212127625384e-05,0.006520150244304969,0.4531007657105296,0.029840216292489816,-0.003523526716360117,-1.9133994490585993,0.00871448843033452,0.3443956926921306,3.2791539184196394,0.04195855917171618,-0.0058818373573812175,-2.5904434299429866,0.02428358391138777,0.16300335256944448,3.292953012611326,0.06022069519955019,0.02699881382189173,1.1043236868001924,0.0033735373031890665
XIFR,XPLR Infrastructure (ex-NEP),power_renewables,0.11220089117720244,261,CRACK_321,-0.9332646508679795,-0.16033010007939044,-0.5311035696332919,0.016952772536372167,-0.002035555068340844,-0.17873483371651916,6.438627817018489e-05,-0.014584589125371306,-0.9332646508679795,0.0463776076955992,0.004219992047803162,1.5212257110280578,0.0038827838112347204,0.5864926953395242,3.3951145907693125,0.03779754075093107,-0.01360724226236891,-2.7405095776609367,0.040370132895913624,0.13290321893712495,2.122082682114206,0.012435317425425934,-0.05153643933344777,-1.1400148536803416,0.0038181954260203916
UEC,Uranium Energy,uranium_nuclear_fuel,0.7215590870846726,261,URA,15.40620786109512,-0.7101368029265165,-1.9044201835513563,0.16384639197848558,-0.009884583770128396,-1.5634938410479806,0.0007479741964523379,-0.040448709377799485,-2.1208191523221545,0.175740361875869,0.0007424155610405853,0.20942872672257393,5.920471718355251e-05,-0.11816749890980452,-0.5719496585135646,0.0007559214162314603,0.010476987186690002,3.1220276951763473,0.011790575515111488,1.4556370225797695,15.40620786109512,0.734910234322682,-0.039166124984520795,-0.9358392181557884,0.001086407557498066
LEU,Centrus Energy,uranium_nuclear_fuel,0.43106634102318697,261,URA,10.65460093376338,0.38359128284866273,0.7314215355443539,0.03747017954293098,-0.033961226836655915,-2.0945749263143707,0.006920413726263844,0.019921616967614082,0.7784149453714564,0.033412334796681556,0.002625100330887836,0.8183448049354659,0.00058016224977731,-0.16499597567930507,-0.6199426887486568,0.001155108395950842,0.005342968930575074,0.9789129562607639,0.0024033828102074523,1.2821198869330699,10.65460093376338,0.44686964746842345,-0.12715295127050794,-1.6701488177558261,0.008974699813368221
OKLO,Oklo Inc,nuclear_smr_developers,0.19908546373978642,252,URA,4.292256498147134,0.12842938549393895,0.18629289845001076,0.004070981009972349,-0.0671550400621758,-2.3378885604380804,0.026417015270573222,0.01993349940511988,0.5666335601038455,0.032514928173079154,0.013393821641861998,2.7220000419846633,0.014703743543121789,-0.24360354617017085,-0.7939623228362288,0.00242849808085889,0.001561761108779789,0.3375332239547572,0.000198622512846953,0.913222230031958,4.292256498147134,0.21425298139943616,-0.05999406642520887,-0.7667955893847472,0.0018207203493654507
MUSA,Murphy USA,downstream_retail,0.0699172009784832,261,CRACK_321,-1.0824736403108735,-0.2611928529777986,-0.9321542916526566,0.126412508500735,0.008083007470818217,1.172998555437984,0.002852531399157328,-0.016891633344623222,-1.0824736403108735,0.17479141592017444,-0.003223909458135012,-1.9017253551770452,0.006367111882601622,0.5519428896715831,4.582830267056694,0.09405534452121764,0.005546026296187699,2.357749564548193,0.018842592566296123,-0.10891718224921637,-2.261489969340271,0.023465809159192157,-0.04595530541941926,-1.7012263644622898,0.008530166547963776
CASY,Casey's General Stores,downstream_retail,0.12745023408205014,261,SPX,4.908851237562782,-0.17771403181431,-0.6929356977747068,0.08062048729487387,-0.0026183744839012903,-0.45996530397168106,0.00041236566894604487,-0.01088991290741138,-0.8415871381066182,0.10008295728163084,0.0017496051264122054,1.1512520544332636,0.0025833984914802773,0.5772695158392425,4.908851237562782,0.141738211630549,-0.000455869716346979,-0.21286295158922117,0.00017538514336716985,-0.025872277506379663,-0.5594577251960248,0.0018240912886346723,-0.047932892006352826,-2.0781417711014782,0.012784624315615995
