ticker,name,node,window,n_weeks,actual,factor,idio,idio_share
XOM,ExxonMobil,iocs_integrated,1m,4,-0.025366513521135753,0.05522062387752225,-0.080587137398658,3.1769102731249057
XOM,ExxonMobil,iocs_integrated,3m,13,0.004225013961836055,0.24045720915634475,-0.2362321951945087,-55.912760840167685
XOM,ExxonMobil,iocs_integrated,ytd,19,0.22845945370974863,0.3101708973610333,-0.08171144365128469,-0.3576627814014508
XOM,ExxonMobil,iocs_integrated,1y,52,0.35992402302841886,0.38253489317279316,-0.022610870144374295,-0.0628212308645733
CVX,Chevron,iocs_integrated,1m,4,-0.01814290394861936,0.06247402535578653,-0.0806169293044059,4.443441332915214
CVX,Chevron,iocs_integrated,3m,13,0.03323194689983954,0.22310652660539754,-0.189874579705558,-5.713615885275587
CVX,Chevron,iocs_integrated,ytd,19,0.22018655150386138,0.2848794799366984,-0.064692928432837,-0.29380962638720687
CVX,Chevron,iocs_integrated,1y,52,0.33444078515259623,0.3954493246990356,-0.061008539546439366,-0.18241955603172869
COP,ConocoPhillips,upstream_oil_eandp,1m,4,-0.030236318346233675,0.0837117230654123,-0.11394804141164598,3.7685818791440155
COP,ConocoPhillips,upstream_oil_eandp,3m,13,0.10742830650782649,0.32147822660697095,-0.21404992009914448,-1.9924908718871992
COP,ConocoPhillips,upstream_oil_eandp,ytd,19,0.2692587309195992,0.4017243159449007,-0.13246558502530154,-0.49196393585044357
COP,ConocoPhillips,upstream_oil_eandp,1y,52,0.32794213721660015,0.505305991387256,-0.1773638541706558,-0.5408388677222958
EOG,EOG Resources,upstream_oil_eandp,1m,4,-0.0033408335828553,0.08662885973537789,-0.08996969331823318,26.930312775812993
EOG,EOG Resources,upstream_oil_eandp,3m,13,0.1771467995269429,0.3272589763449987,-0.15011217681805578,-0.84738859081236
EOG,EOG Resources,upstream_oil_eandp,ytd,19,0.28062613358922384,0.4166577900904865,-0.13603165650126264,-0.48474336570657267
EOG,EOG Resources,upstream_oil_eandp,1y,52,0.22738401389588342,0.5307474592661798,-0.3033634453702964,-1.3341458802341448
FANG,Diamondback Energy,upstream_oil_eandp,1m,4,0.035851343853340115,0.09577627580633243,-0.05992493195299231,-1.6714835627398488
FANG,Diamondback Energy,upstream_oil_eandp,3m,13,0.16179485059702484,0.37446389514327505,-0.2126690445462502,-1.3144364221821585
FANG,Diamondback Energy,upstream_oil_eandp,ytd,19,0.2936417915205164,0.48890837152828664,-0.19526658000777025,-0.6649822526849937
FANG,Diamondback Energy,upstream_oil_eandp,1y,52,0.3738766243161614,0.6459293233978594,-0.27205269908169794,-0.7276536733990674
OXY,Occidental Petroleum,upstream_oil_eandp,1m,4,-0.05041304908173336,0.08819968446595794,-0.1386127335476913,2.7495407651888324
OXY,Occidental Petroleum,upstream_oil_eandp,3m,13,0.1788914366556554,0.38293722902530214,-0.20404579236964673,-1.1406124081971036
OXY,Occidental Petroleum,upstream_oil_eandp,ytd,19,0.3291269752148313,0.49099369739453996,-0.16186672217970866,-0.4918063068943324
OXY,Occidental Petroleum,upstream_oil_eandp,1y,52,0.28946724817165315,0.6068842843111841,-0.317417036139531,-1.0965559597654506
DVN,Devon Energy,upstream_oil_eandp,1m,4,-0.025215923359949016,0.0836366534823767,-0.10885257684232572,4.316818991257666
DVN,Devon Energy,upstream_oil_eandp,3m,13,0.06694786774005133,0.3700420768265336,-0.30309420908648227,-4.527316840968741
DVN,Devon Energy,upstream_oil_eandp,ytd,19,0.2724999869057056,0.48019211721402383,-0.20769213030831823,-0.762172991884168
DVN,Devon Energy,upstream_oil_eandp,1y,52,0.38500646407591727,0.6159196318112972,-0.2309131677353799,-0.5997643917216087
CTRA,Coterra Energy,upstream_oil_eandp,1m,4,-0.025770668489951847,0.08808368480906725,-0.1138543532990191,4.417982146773246
CTRA,Coterra Energy,upstream_oil_eandp,3m,13,0.0673864355388629,0.2653185742196889,-0.19793213868082601,-2.9372697501810316
CTRA,Coterra Energy,upstream_oil_eandp,ytd,19,0.24035848794729936,0.319209706014403,-0.07885121806710366,-0.32805672369012595
CTRA,Coterra Energy,upstream_oil_eandp,1y,52,0.3644629252186696,0.4170893935235479,-0.05262646830487833,-0.14439457257086885
OVV,Ovintiv,upstream_oil_eandp,1m,4,0.0657189843545175,0.10807439439363097,-0.04235541003911346,-0.6444927665136986
OVV,Ovintiv,upstream_oil_eandp,3m,13,0.25805576163796806,0.44715781712847297,-0.1891020554905049,-0.7327953241199094
OVV,Ovintiv,upstream_oil_eandp,ytd,19,0.461356630085977,0.5878848616182711,-0.12652823153229414,-0.2742525484216293
OVV,Ovintiv,upstream_oil_eandp,1y,52,0.5328395056401443,0.8138644108801958,-0.2810249052400515,-0.5274100404819515
APA,APA Corporation,upstream_oil_eandp,1m,4,-0.0019082160801144124,0.08791515818980607,-0.08982337426992049,47.071909311515114
APA,APA Corporation,upstream_oil_eandp,3m,13,0.33939069085682,0.45744344518153507,-0.11805275432471507,-0.34783733763198127
APA,APA Corporation,upstream_oil_eandp,ytd,19,0.47605960958083704,0.5907933738501542,-0.11473376426931714,-0.24100713851851116
APA,APA Corporation,upstream_oil_eandp,1y,52,0.8696454142702238,0.733359890852909,0.1362855234173148,0.15671389876951272
PR,Permian Resources,upstream_oil_eandp,1m,4,0.026273269105874138,0.09572495902692087,-0.06945168992104672,-2.643435411146412
PR,Permian Resources,upstream_oil_eandp,3m,13,0.23374066204046615,0.4377506144974349,-0.20400995245696876,-0.8728047173137967
PR,Permian Resources,upstream_oil_eandp,ytd,19,0.4417890487797583,0.6016520481163529,-0.1598629993365946,-0.3618536941514136
PR,Permian Resources,upstream_oil_eandp,1y,52,0.5293733226134665,0.8098883763000696,-0.2805150536866031,-0.5299002456370989
MTDR,Matador Resources,upstream_oil_eandp,1m,4,-0.03571204709562821,0.10081316488207494,-0.13652521197770315,3.8229455626590574
MTDR,Matador Resources,upstream_oil_eandp,3m,13,0.2063158316317333,0.46404765799293707,-0.25773182636120373,-1.2492101276127283
MTDR,Matador Resources,upstream_oil_eandp,ytd,19,0.33698508033771857,0.6002634121602063,-0.2632783318224877,-0.7812759293635088
MTDR,Matador Resources,upstream_oil_eandp,1y,52,0.32466417342938014,0.7956036674162561,-0.47093949398687596,-1.4505434616096105
CHRD,Chord Energy,upstream_oil_eandp,1m,4,0.04851682932983209,0.06896694073364341,-0.020450111403811325,-0.42150552058514124
CHRD,Chord Energy,upstream_oil_eandp,3m,13,0.32443530676908083,0.35786694909670697,-0.03343164232762613,-0.10304563538585935
CHRD,Chord Energy,upstream_oil_eandp,ytd,19,0.45784177494712214,0.4454754121778584,0.012366362769263728,0.02701012324769177
CHRD,Chord Energy,upstream_oil_eandp,1y,52,0.46586891409771697,0.5711745012180525,-0.1053055871203355,-0.2260412402151551
SM,SM Energy,upstream_oil_eandp,1m,4,0.005972267218496183,0.09255685727198389,-0.0865845900534877,-14.497775616156993
SM,SM Energy,upstream_oil_eandp,3m,13,0.3118395992398137,0.5455054087025638,-0.23366580946275012,-0.7493141026103434
SM,SM Energy,upstream_oil_eandp,ytd,19,0.44185312129282345,0.7041493093088343,-0.2622961880160109,-0.5936275548955166
SM,SM Energy,upstream_oil_eandp,1y,52,0.24511863517758659,0.9363839977841534,-0.6912653626065668,-2.8201256999727917
MGY,Magnolia Oil & Gas,upstream_oil_eandp,1m,4,-0.04270503779253189,0.08881863569130001,-0.1315236734838319,3.079816346792516
MGY,Magnolia Oil & Gas,upstream_oil_eandp,3m,13,0.06575597506602297,0.38632195309504874,-0.32056597802902576,-4.87508515700905
MGY,Magnolia Oil & Gas,upstream_oil_eandp,ytd,19,0.2834494940533052,0.5005782846566089,-0.2171287906033037,-0.7660228547187694
MGY,Magnolia Oil & Gas,upstream_oil_eandp,1y,52,0.2907338887480869,0.6771915261842519,-0.386457637436165,-1.3292486785777495
NOG,Northern Oil & Gas,upstream_oil_eandp,1m,4,-0.08559512778331811,0.10111390119724059,-0.1867090289805587,2.1813044014982705
NOG,Northern Oil & Gas,upstream_oil_eandp,3m,13,-0.02142793967007793,0.4450391501720438,-0.46646708984212176,21.769105990787274
NOG,Northern Oil & Gas,upstream_oil_eandp,ytd,19,0.1800967315816157,0.5848510336640215,-0.40475430208240576,-2.247427249388923
NOG,Northern Oil & Gas,upstream_oil_eandp,1y,52,-0.0037147739494256954,0.788491435325373,-0.7922062092747987,213.25825475794397
CRGY,Crescent Energy,upstream_oil_eandp,1m,4,0.027865627148522015,0.12946178741042375,-0.10159616026190173,-3.6459312299127764
CRGY,Crescent Energy,upstream_oil_eandp,3m,13,0.2682941260683723,0.419784861381654,-0.15149073531328172,-0.56464424895637
CRGY,Crescent Energy,upstream_oil_eandp,ytd,19,0.47259459973601414,0.5685322340034755,-0.09593763426746138,-0.20300196896251255
CRGY,Crescent Energy,upstream_oil_eandp,1y,52,0.4747040281892341,0.7949385638967907,-0.32023453570755667,-0.6745983111394616
MUR,Murphy Oil,upstream_oil_eandp,1m,4,0.003602664407430317,0.09085050720800285,-0.08724784280057253,-24.217588133001833
MUR,Murphy Oil,upstream_oil_eandp,3m,13,0.20306267455296326,0.3881860461339841,-0.18512337158102085,-0.9116563247704913
MUR,Murphy Oil,upstream_oil_eandp,ytd,19,0.23309499678862688,0.48928589738345324,-0.25619090059482635,-1.099083653121663
MUR,Murphy Oil,upstream_oil_eandp,1y,52,0.6270595634561372,0.6734055614150374,-0.046345997958900154,-0.07391004086351369
CRC,California Resources,upstream_oil_eandp,1m,4,-0.07956704889170965,0.08547597705065187,-0.16504302594236153,2.0742635078370726
CRC,California Resources,upstream_oil_eandp,3m,13,0.10998698919926986,0.33133071312165263,-0.22134372392238277,-2.012453705059254
CRC,California Resources,upstream_oil_eandp,ytd,19,0.3393751317822186,0.44334241566284643,-0.10396728388062781,-0.30634915214513997
CRC,California Resources,upstream_oil_eandp,1y,52,0.4471387467537561,0.6227118861437597,-0.17557313939000363,-0.3926591928448857
TALO,Talos Energy,upstream_oil_eandp,1m,4,0.03516254466386312,0.0950923453909499,-0.059929800727086785,-1.7043647238840824
TALO,Talos Energy,upstream_oil_eandp,3m,13,0.1689889156655996,0.500551538451719,-0.33156262278611937,-1.9620376962606563
TALO,Talos Energy,upstream_oil_eandp,ytd,19,0.3226152496304231,0.650573879944685,-0.32795863031426187,-1.0165627033748714
TALO,Talos Energy,upstream_oil_eandp,1y,52,0.6195138950948782,0.7982872687725662,-0.17877337367768797,-0.2885704018798625
KOS,Kosmos Energy,upstream_oil_eandp,1m,4,0.11735066549179966,0.08764470399176212,0.029705961500037542,0.2531384153259307
KOS,Kosmos Energy,upstream_oil_eandp,3m,13,0.6692144377598483,0.6012867808699142,0.06792765688993418,0.10150357352916291
KOS,Kosmos Energy,upstream_oil_eandp,ytd,19,1.2005186002759838,0.8562693183328802,0.34424928194310356,0.2867504775552541
KOS,Kosmos Energy,upstream_oil_eandp,1y,52,0.479040939881857,1.2189792959410084,-0.7399383560591515,-1.5446244662129256
HPK,HighPeak Energy,upstream_oil_eandp,1m,4,-0.025560548823947857,0.0613314711781816,-0.08689202000212945,3.399458305868601
HPK,HighPeak Energy,upstream_oil_eandp,3m,13,0.25478784023373036,0.4833603910295585,-0.22857255079582817,-0.8971093384446702
HPK,HighPeak Energy,upstream_oil_eandp,ytd,19,0.36970442091900224,0.6058780331317943,-0.2361736122127921,-0.6388173872135948
HPK,HighPeak Energy,upstream_oil_eandp,1y,52,-0.37610213559939065,0.7072717664724947,-1.0833739020718853,2.880531109841538
REPX,Riley Exploration Permian,upstream_oil_eandp,1m,4,-0.15691917710151917,0.0526446053710034,-0.20956378247252258,1.3354886658432121
REPX,Riley Exploration Permian,upstream_oil_eandp,3m,13,0.1701387682425302,0.42048159866568346,-0.2503428304231533,-1.4714038017854547
REPX,Riley Exploration Permian,upstream_oil_eandp,ytd,19,0.27768147272389865,0.5577146092805213,-0.28003313655662265,-1.0084689259591413
REPX,Riley Exploration Permian,upstream_oil_eandp,1y,52,0.28934806162087645,0.8025790683682397,-0.5132310067473632,-1.7737495937326633
VTS,Vitesse Energy,upstream_oil_eandp,1m,4,0.008686256936009955,0.05967298074048834,-0.050986723804478384,-5.869815293294699
VTS,Vitesse Energy,upstream_oil_eandp,3m,13,-0.13068798199655085,0.22110964764583355,-0.35179762964238437,2.691889676983987
VTS,Vitesse Energy,upstream_oil_eandp,ytd,19,-0.009012878622068595,0.3043691483488502,-0.3133820269709188,34.77047013632065
VTS,Vitesse Energy,upstream_oil_eandp,1y,52,-0.05231718121219407,0.45271705901905923,-0.5050342402312533,9.653315192630066
GRNT,Granite Ridge Resources,upstream_oil_eandp,1m,4,0.023071056620136414,0.014981561805277878,0.008089494814858536,0.3506339110536457
GRNT,Granite Ridge Resources,upstream_oil_eandp,3m,13,0.1330735664444419,0.14881613787637843,-0.015742571431936525,-0.11829976345083555
GRNT,Granite Ridge Resources,upstream_oil_eandp,ytd,19,0.2254468156741092,0.19219659839807154,0.033250217276037664,0.14748585903338704
GRNT,Granite Ridge Resources,upstream_oil_eandp,1y,52,0.1775224230449755,0.26128856588856153,-0.08376614284358602,-0.47186232255495847
GFR,Greenfire Resources,upstream_oil_eandp,1m,4,-0.01020416065777259,0.00876690756553532,-0.01897106822330791,1.8591502877659514
GFR,Greenfire Resources,upstream_oil_eandp,3m,13,0.018982474485050138,0.183332667035447,-0.16435019255039687,-8.657996231199084
GFR,Greenfire Resources,upstream_oil_eandp,ytd,19,0.23172730747813264,0.28433393964245207,-0.05260663216431943,-0.2270195633688263
GFR,Greenfire Resources,upstream_oil_eandp,1y,52,0.3313571650653808,0.38582784973443207,-0.05447068466905125,-0.16438662087872316
EGY,VAALCO Energy,upstream_oil_eandp,1m,4,0.0405460551933053,0.10283385987895476,-0.062287804685649456,-1.5362235460068632
EGY,VAALCO Energy,upstream_oil_eandp,3m,13,0.2339684030832791,0.4868519842643409,-0.2528835811810618,-1.0808450109011087
EGY,VAALCO Energy,upstream_oil_eandp,ytd,19,0.5696145024508324,0.6451841995146864,-0.07556969706385397,-0.13266814088950787
EGY,VAALCO Energy,upstream_oil_eandp,1y,52,0.6321989395472144,0.8212302286449741,-0.18903128909775968,-0.2990060205307293
GPRK,GeoPark,upstream_oil_eandp,1m,4,0.001063288687712687,0.07174443535104305,-0.07068114666333036,-66.47408881531263
GPRK,GeoPark,upstream_oil_eandp,3m,13,0.12670571711673664,0.3630009684172827,-0.23629525130054604,-1.8649138861101449
GPRK,GeoPark,upstream_oil_eandp,ytd,19,0.26161158087436326,0.5172765929836999,-0.2556650121093366,-0.9772694742902746
GPRK,GeoPark,upstream_oil_eandp,1y,52,0.378769663088257,0.6986195855604822,-0.3198499224722252,-0.8444444041910957
WTI,W&T Offshore,upstream_oil_eandp,1m,4,0.32501972886905933,0.1350343700749643,0.18998535879409503,0.5845348510232572
WTI,W&T Offshore,upstream_oil_eandp,3m,13,0.4764887894025253,0.6239700915996299,-0.1474813021971046,-0.3095168353950847
WTI,W&T Offshore,upstream_oil_eandp,ytd,19,0.8550092869324912,0.8273131797466567,0.027696107185834484,0.0323927559725106
WTI,W&T Offshore,upstream_oil_eandp,1y,52,1.0467246941467307,0.931278635153082,0.11544605899364879,0.11029266782299249
SD,SandRidge Energy,upstream_oil_eandp,1m,4,-0.0635453308090931,0.11795229644486595,-0.18149762725395904,2.8561913982197322
SD,SandRidge Energy,upstream_oil_eandp,3m,13,-0.142113294444228,0.3478468084720279,-0.4899601029162559,3.4476725406470647
SD,SandRidge Energy,upstream_oil_eandp,ytd,19,0.018901942500017033,0.4415818464897504,-0.4226799039897334,-22.361717796430312
SD,SandRidge Energy,upstream_oil_eandp,1y,52,0.4033747103845335,0.5351815109547939,-0.13180680057026045,-0.3267601988349994
EQT,EQT Corp,upstream_gas_eandp,1m,4,-0.022751751543376504,0.10622677630272573,-0.12897852784610223,5.668949381774103
EQT,EQT Corp,upstream_gas_eandp,3m,13,0.012801773874457887,0.21035512152520192,-0.19755334765074403,-15.431716697082322
EQT,EQT Corp,upstream_gas_eandp,ytd,19,0.06447515767234434,0.2886061285300675,-0.22413097085772316,-3.4762376541478517
EQT,EQT Corp,upstream_gas_eandp,1y,52,0.03963938532940291,0.4749788746969908,-0.4353394893675879,-10.982498486036576
EXE,Expand Energy,upstream_gas_eandp,1m,4,-0.021029741698519618,0.08384819246006213,-0.10487793415858175,4.987124219693321
EXE,Expand Energy,upstream_gas_eandp,3m,13,-0.1244037952291561,0.19016055398879603,-0.3145643492179521,2.5285751824412888
EXE,Expand Energy,upstream_gas_eandp,ytd,19,-0.11639865593654178,0.2515997693373734,-0.36799842527391513,3.161535004962089
EXE,Expand Energy,upstream_gas_eandp,1y,52,-0.1172347727268706,0.3714844577582972,-0.4887192304851678,4.168722462777903
AR,Antero Resources,upstream_gas_eandp,1m,4,-0.02810299339298218,0.09815161271628892,-0.12625460610927108,4.492567903488855
AR,Antero Resources,upstream_gas_eandp,3m,13,0.06940015574423539,0.3347499691668234,-0.265349813422588,-3.8234757627994065
AR,Antero Resources,upstream_gas_eandp,ytd,19,0.07846049997471297,0.45585126925341923,-0.3773907692787063,-4.80994601615253
AR,Antero Resources,upstream_gas_eandp,1y,52,-0.04951372540961649,0.6124065677883753,-0.6619202931979918,13.368420326325003
RRC,Range Resources,upstream_gas_eandp,1m,4,-0.03976245783500445,0.09420682383673708,-0.13396928167174152,3.3692404586167988
RRC,Range Resources,upstream_gas_eandp,3m,13,0.12081639903217972,0.31587837830833193,-0.1950619792761522,-1.6145323055374048
RRC,Range Resources,upstream_gas_eandp,ytd,19,0.15559527579462987,0.45094406445316054,-0.29534878865853065,-1.8981860930556875
RRC,Range Resources,upstream_gas_eandp,1y,52,0.09343854256126274,0.6638456149461749,-0.5704070723849122,-6.104622961246706
CRK,Comstock Resources,upstream_gas_eandp,1m,4,-0.15824026094812824,0.08683222310495367,-0.2450724840530819,1.5487366020801596
CRK,Comstock Resources,upstream_gas_eandp,3m,13,-0.3639201494073684,0.29944460800930955,-0.6633647574166779,1.8228305261386182
CRK,Comstock Resources,upstream_gas_eandp,ytd,19,-0.4517424912203084,0.41687238275863414,-0.8686148739789425,1.9228097663173584
CRK,Comstock Resources,upstream_gas_eandp,1y,52,-0.44278533655048546,0.566813223226921,-1.0095985597774064,2.28010838760532
CNX,CNX Resources,upstream_gas_eandp,1m,4,-0.07203428708737038,0.0918802179252003,-0.16391450501257068,2.2755067293684577
CNX,CNX Resources,upstream_gas_eandp,3m,13,-0.09692562090879384,0.1935834373369898,-0.29050905824578366,2.9972370104200845
CNX,CNX Resources,upstream_gas_eandp,ytd,19,-0.0016402784819307958,0.25633234838796637,-0.2579726268698972,157.2736762151716
CNX,CNX Resources,upstream_gas_eandp,1y,52,0.1541050627930027,0.3945565669830058,-0.24045150419000308,-1.5603089206289271
BKV,BKV Corporation,upstream_gas_eandp,1m,4,0.057572335318115626,0.035159040379784755,0.02241329493833087,0.3893066837481289
BKV,BKV Corporation,upstream_gas_eandp,3m,13,-0.015292820831696231,0.13698388044762444,-0.15227670127932066,9.95739785061162
BKV,BKV Corporation,upstream_gas_eandp,ytd,19,0.09039763897432315,0.22515476755963215,-0.134757128585309,-1.4907151349780923
BKV,BKV Corporation,upstream_gas_eandp,1y,52,0.37722448648896073,0.4026586178497783,-0.02543413136081757,-0.0674243912359647
GPOR,Gulfport Energy,upstream_gas_eandp,1m,4,-0.12070982349842817,0.07888441610045421,-0.1995942395988824,1.653504526924285
GPOR,Gulfport Energy,upstream_gas_eandp,3m,13,-0.16222515212701968,0.20600821851172643,-0.3682333706387461,2.2698907401882127
GPOR,Gulfport Energy,upstream_gas_eandp,ytd,19,-0.1525659455195979,0.29042789701618044,-0.44299384253577834,2.9036220437468034
GPOR,Gulfport Energy,upstream_gas_eandp,1y,52,-0.06313815458767062,0.4029402303056181,-0.46607838489328873,7.381881652022543
DEC,Diversified Energy,upstream_gas_eandp,1m,4,-0.08429326622305175,-0.12812463723781922,0.04383137101476747,-0.5199866250144294
DEC,Diversified Energy,upstream_gas_eandp,3m,13,0.1617797771587767,-0.1764196646170809,0.3381994417758576,2.0904926914563373
DEC,Diversified Energy,upstream_gas_eandp,ytd,19,0.09513666341506269,-0.41188961530755847,0.5070262787226212,5.329451974898095
DEC,Diversified Energy,upstream_gas_eandp,1y,52,0.23839287966345762,-0.8863410151469278,1.1247338948103853,4.717984431406622
TXO,TXO Partners,upstream_gas_eandp,1m,4,0.013838241047701958,0.010080094644251547,0.0037581464034504106,0.2715768854217571
TXO,TXO Partners,upstream_gas_eandp,3m,13,0.05100254369482729,0.1336768475007991,-0.08267430380597182,-1.6209839317162666
TXO,TXO Partners,upstream_gas_eandp,ytd,19,0.18311109750732393,0.17427111311010443,0.008839984397219502,0.04827661740635861
TXO,TXO Partners,upstream_gas_eandp,1y,52,-0.1969163058871395,0.2125229022030424,-0.40943920809018186,2.079254972032878
TPL,Texas Pacific Land,minerals_royalty,1m,4,0.023575306690570147,0.07764224817716779,-0.054066941486597644,-2.293371712878874
TPL,Texas Pacific Land,minerals_royalty,3m,13,0.13808905612324576,0.28745310611169134,-0.14936404998844557,-1.0816501624512285
TPL,Texas Pacific Land,minerals_royalty,ytd,19,0.37944237629145844,0.3723151425778126,0.00712723371364582,0.018783441594755423
TPL,Texas Pacific Land,minerals_royalty,1y,52,-0.026773601363694305,0.5272938949037415,-0.5540674962674358,20.6945449265845
VNOM,Viper Energy,minerals_royalty,1m,4,0.055396119996891174,0.05907939259232785,-0.0036832725954366735,-0.06648972158417193
VNOM,Viper Energy,minerals_royalty,3m,13,0.11779753385121366,0.2750470763959908,-0.15724954254477713,-1.3349137066264396
VNOM,Viper Energy,minerals_royalty,ytd,19,0.2359595081198412,0.3687175607324034,-0.1327580526125622,-0.5626306550238097
VNOM,Viper Energy,minerals_royalty,1y,52,0.21611489961727823,0.5195449807784364,-0.3034300811611581,-1.4040220350309391
BSM,Black Stone Minerals,minerals_royalty,1m,4,-0.036893893953518386,0.05885656679550679,-0.09575046074902518,2.5952928923593315
BSM,Black Stone Minerals,minerals_royalty,3m,13,-0.08032053802225445,0.1605682227478121,-0.24088876077006655,2.9990929680192555
BSM,Black Stone Minerals,minerals_royalty,ytd,19,0.036213231597037446,0.20797564304533286,-0.1717624114482954,-4.743084333361375
BSM,Black Stone Minerals,minerals_royalty,1y,52,0.05621711341187459,0.26229061039199475,-0.20607349698012017,-3.6656719719905047
NRP,Natural Resource Partners,minerals_royalty,1m,4,-0.03647301647278638,0.07883126690143871,-0.1153042833742251,3.1613585747769752
NRP,Natural Resource Partners,minerals_royalty,3m,13,-0.03689812917554327,0.12014334369250683,-0.1570414728680501,4.25608225611991
NRP,Natural Resource Partners,minerals_royalty,ytd,19,0.11959493572527989,0.167995020261091,-0.048400084535811114,-0.4047001174614147
NRP,Natural Resource Partners,minerals_royalty,1y,52,0.21421416497335463,0.26958187094889435,-0.05536770597553972,-0.2584689298320992
SBR,Sabine Royalty Trust,minerals_royalty,1m,4,0.0046822880318858305,0.0716739181131609,-0.06699163008127507,-14.307456018311976
SBR,Sabine Royalty Trust,minerals_royalty,3m,13,0.09833440805817217,0.2277968205702343,-0.1294624125120621,-1.3165525177664708
SBR,Sabine Royalty Trust,minerals_royalty,ytd,19,0.10013785430101588,0.26817598563475314,-0.16803813133373727,-1.6780680243917765
SBR,Sabine Royalty Trust,minerals_royalty,1y,52,0.2281132751276205,0.34524699651436597,-0.11713372138674547,-0.5134892799255708
PBT,Permian Basin Royalty Trust,minerals_royalty,1m,4,0.06665734273069561,0.09851334658170355,-0.03185600385100794,-0.4779068973647864
PBT,Permian Basin Royalty Trust,minerals_royalty,3m,13,0.1994350949178563,0.22616116841843412,-0.02672607350057782,-0.13400887898684935
PBT,Permian Basin Royalty Trust,minerals_royalty,ytd,19,0.2843498836996591,0.2769511931364302,0.0073986905632288935,0.026019671494023417
PBT,Permian Basin Royalty Trust,minerals_royalty,1y,52,0.8315931869742021,0.34314991875713796,0.4884432682170642,0.5873584294194281
DMLP,Dorchester Minerals,minerals_royalty,1m,4,-0.04741012728054043,0.06351935947885312,-0.11092948675939354,2.3397846224497427
DMLP,Dorchester Minerals,minerals_royalty,3m,13,0.07916677678275177,0.18322875134442115,-0.10406197456166938,-1.3144652187524903
DMLP,Dorchester Minerals,minerals_royalty,ytd,19,0.2127851256426288,0.23958154825258896,-0.026796422609960152,-0.12593184100172755
DMLP,Dorchester Minerals,minerals_royalty,1y,52,0.031317569235210264,0.31723398920569423,-0.28591641997048395,-9.129585307950045
MNR,Mach Natural Resources,minerals_royalty,1m,4,0.05685100032549738,0.06221458818667845,-0.005363587861181074,-0.09434465234511508
MNR,Mach Natural Resources,minerals_royalty,3m,13,0.12255385764885658,0.1995363516197916,-0.07698249397093503,-0.6281523523437882
MNR,Mach Natural Resources,minerals_royalty,ytd,19,0.22314964088853606,0.28400892644947384,-0.06085928556093778,-0.27272858391619453
MNR,Mach Natural Resources,minerals_royalty,1y,52,0.10439193436493736,0.3521110637327652,-0.2477191293678278,-2.372971924266119
NE,Noble Corp,upstream_offshore_drillers,1m,4,0.003060945612243484,0.08855263368792331,-0.08549168807567982,-27.929829178839835
NE,Noble Corp,upstream_offshore_drillers,3m,13,0.23578334582197072,0.3166863321920617,-0.080902986370091,-0.3431242613342893
NE,Noble Corp,upstream_offshore_drillers,ytd,19,0.5708280742436677,0.41994999296758945,0.1508780812760782,0.26431440232856057
NE,Noble Corp,upstream_offshore_drillers,1y,52,0.7863491969657709,0.6700987322622481,0.11625046470352274,0.14783567548881596
RIG,Transocean,upstream_offshore_drillers,1m,4,-0.04549803715226364,0.18042330762641556,-0.2259213447786792,4.965518490888108
RIG,Transocean,upstream_offshore_drillers,3m,13,0.14483097571077252,0.4749528759046833,-0.3301219001939108,-2.2793597748948695
RIG,Transocean,upstream_offshore_drillers,ytd,19,0.43809443797463515,0.6257521242313117,-0.1876576862566765,-0.4283498487774491
RIG,Transocean,upstream_offshore_drillers,1y,52,0.8700261547194856,0.9253016268754092,-0.055275472155923544,-0.06353311547713815
VAL,Valaris,upstream_offshore_drillers,1m,4,-0.050328318950436116,0.10118622836210739,-0.1515145473125435,3.010522713102273
VAL,Valaris,upstream_offshore_drillers,3m,13,0.396721156176451,0.3372176835793401,0.05950347259711086,0.1499881507973961
VAL,Valaris,upstream_offshore_drillers,ytd,19,0.6282720372057156,0.45997896828251256,0.168293068923203,0.267866559319906
VAL,Valaris,upstream_offshore_drillers,1y,52,0.8873494351790794,0.697720044408453,0.18962939077062635,0.2137031740290188
SDRL,Seadrill,upstream_offshore_drillers,1m,4,0.016694862623372206,0.07684848116808944,-0.060153618544717236,-3.6031215052051007
SDRL,Seadrill,upstream_offshore_drillers,3m,13,0.1914691851724396,0.25694412440955533,-0.06547493923711573,-0.3419607138252986
SDRL,Seadrill,upstream_offshore_drillers,ytd,19,0.3822474532025342,0.3775148257632295,0.0047326274393047485,0.012381056824980755
SDRL,Seadrill,upstream_offshore_drillers,1y,52,0.7027126326377008,0.661959171172185,0.04075346146551584,0.05799449102337
SOC,Sable Offshore,upstream_offshore_drillers,1m,4,0.020339646730395115,0.011757402665457491,0.008582244064937624,0.421946564691928
SOC,Sable Offshore,upstream_offshore_drillers,3m,13,0.5240874034492713,0.16747347618293046,0.35661392726634084,0.6804474309424211
SOC,Sable Offshore,upstream_offshore_drillers,ytd,19,0.45241135571600233,0.24479653978807475,0.20761481592792758,0.45890717221133626
SOC,Sable Offshore,upstream_offshore_drillers,1y,52,-0.5394935300142267,0.25711483677477653,-0.7966083667890033,1.4765855797529144
TDW,Tidewater,ofs_offshore,1m,4,-0.052210608824462976,0.11534457428583061,-0.1675551831102936,3.209217185603601
TDW,Tidewater,ofs_offshore,3m,13,0.20835504710625635,0.3282879589189325,-0.11993291181267612,-0.575617982277689
TDW,Tidewater,ofs_offshore,ytd,19,0.48469742771780405,0.45741560375910933,0.027281823958694718,0.05628629821113572
TDW,Tidewater,ofs_offshore,1y,52,0.678810884899488,0.688336898772505,-0.009526013873016992,-0.014033384091104424
OII,Oceaneering International,ofs_offshore,1m,4,0.023748869022821015,0.12135612971081662,-0.0976072606879956,-4.1099751147813315
OII,Oceaneering International,ofs_offshore,3m,13,0.14115220628154398,0.39827747546553555,-0.2571252691839916,-1.8216170753372871
OII,Oceaneering International,ofs_offshore,ytd,19,0.4281096421793315,0.5469479495082963,-0.11883830732896478,-0.27758848580005685
OII,Oceaneering International,ofs_offshore,1y,52,0.6652161387239779,0.8689170035267845,-0.20370086480280658,-0.3062175629015059
HLX,Helix Energy Solutions,ofs_offshore,1m,4,0.029883722955618586,0.08142758238329388,-0.051543859427675295,-1.724813856165946
HLX,Helix Energy Solutions,ofs_offshore,3m,13,0.14037125473759604,0.4046058492186397,-0.26423459448104364,-1.8823981802755299
HLX,Helix Energy Solutions,ofs_offshore,ytd,19,0.45329127223728805,0.5575251776176744,-0.10423390538038635,-0.22994906755191657
HLX,Helix Energy Solutions,ofs_offshore,1y,52,0.4095343342756509,0.804791141737239,-0.3952568074615881,-0.9651371677070357
VTOL,Bristow Group,ofs_offshore,1m,4,-0.14249826521351197,0.08871483785772545,-0.23121310307123744,1.622567844772003
VTOL,Bristow Group,ofs_offshore,3m,13,-0.03883647047120142,0.25385132187419757,-0.292687792345399,7.5364158687498914
VTOL,Bristow Group,ofs_offshore,ytd,19,0.16723144894285247,0.3555929556778498,-0.18836150673499735,-1.1263521779289587
VTOL,Bristow Group,ofs_offshore,1y,52,0.3763423449911036,0.642422158708893,-0.2660798137177894,-0.7070153472208377
INVX,Innovex International,ofs_offshore,1m,4,0.023118066802335448,0.09571709086795706,-0.0725990240656216,-3.1403587802716904
INVX,Innovex International,ofs_offshore,3m,13,0.0678613506517545,0.353532536297123,-0.28567118564536853,-4.209630119379045
INVX,Innovex International,ofs_offshore,ytd,19,0.20732752844463664,0.4895618089105799,-0.28223428046594323,-1.361296700844573
INVX,Innovex International,ofs_offshore,1y,52,0.6026402048001569,0.7379162954105594,-0.13527609061040247,-0.22447239585560297
FRO,Frontline,tanker_shipping,1m,4,0.09334925477831148,0.06628312554628364,0.027066129232027836,0.28994478098732834
FRO,Frontline,tanker_shipping,3m,13,0.280915229283449,0.19564272369397392,0.08527250558947505,0.3035524482135976
FRO,Frontline,tanker_shipping,ytd,19,0.5785204113305027,0.2855823457011435,0.2929380656293592,0.5063573555782576
FRO,Frontline,tanker_shipping,1y,52,0.817369295106573,0.5144550887465409,0.3029142063600321,0.3705965078129544
INSW,International Seaways,tanker_shipping,1m,4,0.14949783817549933,0.046865202732896336,0.102632635442603,0.6865158499624585
INSW,International Seaways,tanker_shipping,3m,13,0.370326240095855,0.14698836435974397,0.22333787573611105,0.6030841230108415
INSW,International Seaways,tanker_shipping,ytd,19,0.599795006642516,0.21607394794824422,0.38372105869427175,0.6397536732461887
INSW,International Seaways,tanker_shipping,1y,52,0.9022190720340123,0.3370007112709446,0.5652183607630676,0.6264757399650268
DHT,DHT Holdings,tanker_shipping,1m,4,0.0813636179795182,0.07590199519769789,0.005461622781820316,0.06712610522303936
DHT,DHT Holdings,tanker_shipping,3m,13,0.2668178662749072,0.128709824589407,0.13810804168550023,0.5176116712634417
DHT,DHT Holdings,tanker_shipping,ytd,19,0.4630896508356686,0.20702915046576176,0.25606050036990685,0.5529393712596098
DHT,DHT Holdings,tanker_shipping,1y,52,0.5739142308426275,0.3504543846393246,0.2234598462033029,0.38936104768689317
TNK,Teekay Tankers,tanker_shipping,1m,4,0.07072201861424847,0.05943888365696519,0.01128313495728328,0.15954203766194608
TNK,Teekay Tankers,tanker_shipping,3m,13,0.1766411637052312,0.15117360821812056,0.025467555487110632,0.14417678729522782
TNK,Teekay Tankers,tanker_shipping,ytd,19,0.38218504254835595,0.23069233440327366,0.15149270814508228,0.39638575893747774
TNK,Teekay Tankers,tanker_shipping,1y,52,0.5968109168768735,0.3669007915591667,0.22991012531770677,0.38523109885595297
NAT,Nordic American Tankers,tanker_shipping,1m,4,0.008703308502453549,0.07924549023801962,-0.07054218173556608,-8.105214438357498
NAT,Nordic American Tankers,tanker_shipping,3m,13,0.334063451432694,0.1087110030321912,0.2253524484005028,0.6745797764886773
NAT,Nordic American Tankers,tanker_shipping,ytd,19,0.5507723956268145,0.199712566892424,0.35105982873439046,0.6373954677500889
NAT,Nordic American Tankers,tanker_shipping,1y,52,0.8536054193946374,0.3252408566168088,0.5283645627778286,0.618979859748941
TEN,Tsakos Energy Navigation,tanker_shipping,1m,4,0.10132778666041883,0.08532450023397402,0.016003286426444815,0.1579358135994507
TEN,Tsakos Energy Navigation,tanker_shipping,3m,13,0.469679348602738,0.26836821677590905,0.20131113182682897,0.42861397339635005
TEN,Tsakos Energy Navigation,tanker_shipping,ytd,19,0.6516304579420309,0.35898160830732817,0.2926488496347027,0.4491024722185972
TEN,Tsakos Energy Navigation,tanker_shipping,1y,52,0.9299893774121094,0.5061768275407881,0.42381254987132133,0.45571762448585024
STNG,Scorpio Tankers,tanker_shipping,1m,4,0.10259189892593354,0.05117177792783991,0.05142012099809363,0.5012103444465581
STNG,Scorpio Tankers,tanker_shipping,3m,13,0.19344675950435908,0.22331612684130928,-0.029869367336950198,-0.1544061395160105
STNG,Scorpio Tankers,tanker_shipping,ytd,19,0.4786476071504681,0.31955001350856643,0.15909759364190168,0.3323898234633556
STNG,Scorpio Tankers,tanker_shipping,1y,52,0.7217307784573895,0.426243315201703,0.29548746325568653,0.4094150784136635
ASC,Ardmore Shipping,tanker_shipping,1m,4,0.19377602355926882,0.05616079078465966,0.13761523277460916,0.7101767816621432
ASC,Ardmore Shipping,tanker_shipping,3m,13,0.363318871804871,0.160517941598359,0.202800930206512,0.5581899150986879
ASC,Ardmore Shipping,tanker_shipping,ytd,19,0.5594337105869115,0.22378902895516836,0.3356446816317431,0.5999722134721065
ASC,Ardmore Shipping,tanker_shipping,1y,52,0.6556497811307223,0.29265502287094436,0.3629947582597779,0.553641240654063
NVGS,Navigator Holdings,tanker_shipping,1m,4,0.13795422645555006,0.06318422940052348,0.07476999705502657,0.5419913472467482
NVGS,Navigator Holdings,tanker_shipping,3m,13,0.22139049220300255,0.1509491121884536,0.07044138001454894,0.318177078489704
NVGS,Navigator Holdings,tanker_shipping,ytd,19,0.2807131927044825,0.19216907603710862,0.08854411666737386,0.3154255623482137
NVGS,Navigator Holdings,tanker_shipping,1y,52,0.5359886397289229,0.35481964264505894,0.18116899708386391,0.3380090241753826
LPG,Dorian LPG,tanker_shipping,1m,4,0.12070018146581811,0.07417784065102444,0.04652234081479367,0.38543720688579614
LPG,Dorian LPG,tanker_shipping,3m,13,0.21010478047454592,0.19870216647497732,0.0114026139995686,0.054271083093942366
LPG,Dorian LPG,tanker_shipping,ytd,19,0.49336584570079933,0.23606089582124015,0.2573049498795592,0.5215297169873434
LPG,Dorian LPG,tanker_shipping,1y,52,0.6606491487849622,0.40609255289242985,0.2545565958925323,0.3853128341430576
GLNG,Golar LNG,tanker_shipping,1m,4,0.025571174387300846,0.06860648934690045,-0.0430353149595996,-1.682962006663714
GLNG,Golar LNG,tanker_shipping,3m,13,0.2623788645497431,0.25733381359005536,0.0050450509596877136,0.01922811491827021
GLNG,Golar LNG,tanker_shipping,ytd,19,0.39418809513575287,0.3248551596955963,0.06933293544015656,0.17588794866135993
GLNG,Golar LNG,tanker_shipping,1y,52,0.3905106181599618,0.5055068348479985,-0.11499621668803672,-0.2944765426094809
FLNG,FLEX LNG,tanker_shipping,1m,4,0.08832153245363643,0.09681710953816322,-0.008495577084526792,-0.09618919473556992
FLNG,FLEX LNG,tanker_shipping,3m,13,0.21894542999931985,0.16222811116996147,0.056717318829358376,0.2590477400214956
FLNG,FLEX LNG,tanker_shipping,ytd,19,0.29206237054547923,0.22061066934584547,0.07145170119963376,0.24464535114943017
FLNG,FLEX LNG,tanker_shipping,1y,52,0.4294135278401435,0.344932792358899,0.08448073548124452,0.19673515155930044
TK,Teekay Corporation,tanker_shipping,1m,4,0.09950398133036434,0.05804739939838003,0.04145658193198431,0.4166323937767256
TK,Teekay Corporation,tanker_shipping,3m,13,0.2611168917297938,0.11992209469841877,0.14119479703137502,0.540734060121567
TK,Teekay Corporation,tanker_shipping,ytd,19,0.39451205444300186,0.19573347599371843,0.19877857844928343,0.5038593275177159
TK,Teekay Corporation,tanker_shipping,1y,52,0.6746552759228233,0.36815246001257956,0.3065028159102437,0.4543102631058441
SFL,SFL Corporation,tanker_shipping,1m,4,0.08316014546758628,0.0702905080679703,0.012869637399615982,0.15475727377884688
SFL,SFL Corporation,tanker_shipping,3m,13,0.27177031191996504,0.1204779462416485,0.15129236567831655,0.556692026474442
SFL,SFL Corporation,tanker_shipping,ytd,19,0.43268331980076064,0.16005644721824971,0.27262687258251095,0.6300840825295704
SFL,SFL Corporation,tanker_shipping,1y,52,0.39880113722068444,0.29066635683132463,0.10813478038935981,0.2711496289678866
LNG,Cheniere Energy,lng_terminals,1m,4,-0.015637159925163728,0.036927367300782575,-0.0525645272259463,3.3615136941432753
LNG,Cheniere Energy,lng_terminals,3m,13,0.2043198935287508,0.20604435214577668,-0.0017244586170258869,-0.008439993713990608
LNG,Cheniere Energy,lng_terminals,ytd,19,0.32538206387361296,0.24648700734884876,0.0788950565247642,0.24246897811616663
LNG,Cheniere Energy,lng_terminals,1y,52,0.11910078532347408,0.3119537881890147,-0.19285300286554063,-1.619242075875132
CQP,Cheniere Energy Partners,lng_terminals,1m,4,0.01654231074954688,0.06096908335042884,-0.04442677260088196,-2.685644906174845
CQP,Cheniere Energy Partners,lng_terminals,3m,13,0.11899464516803018,0.1597001873725938,-0.04070554220456363,-0.34207877293204303
CQP,Cheniere Energy Partners,lng_terminals,ytd,19,0.19463829397800111,0.16566633366558373,0.02897196031241739,0.14885025819067202
CQP,Cheniere Energy Partners,lng_terminals,1y,52,0.15323429099617905,0.17454572856901202,-0.021311437572832964,-0.13907747041662086
NEXT,NextDecade,lng_terminals,1m,4,-0.007989382424267256,0.13679218438495291,-0.14478156680922016,18.121746978772112
NEXT,NextDecade,lng_terminals,3m,13,0.3559113398831071,0.3611908467500804,-0.005279506866973316,-0.014833769749250695
NEXT,NextDecade,lng_terminals,ytd,19,0.32954439909107835,0.41017336972840523,-0.08062897063732688,-0.24466800485673834
NEXT,NextDecade,lng_terminals,1y,52,-0.025083830789906718,0.5999864363366377,-0.6250702671265445,24.91925066637196
EE,Excelerate Energy,lng_terminals,1m,4,-0.0011641711098527895,0.05624421583340259,-0.05740838694325538,49.312671013211045
EE,Excelerate Energy,lng_terminals,3m,13,-0.07534909681653236,0.13816815049396322,-0.2135172473104956,2.8337067905457327
EE,Excelerate Energy,lng_terminals,ytd,19,0.2117044554225742,0.23655402663982789,-0.024849571217253674,-0.11737859350977053
EE,Excelerate Energy,lng_terminals,1y,52,0.19071896839556415,0.49062194999656167,-0.2999029816009975,-1.5724863872951444
WMB,Williams Companies,midstream_gpt,1m,4,0.013925198019434901,0.07768936024844586,-0.06376416222901096,-4.579048868103534
WMB,Williams Companies,midstream_gpt,3m,13,0.10448536411604671,0.13961962187498592,-0.035134257758939205,-0.33626008825424897
WMB,Williams Companies,midstream_gpt,ytd,19,0.22167078550511435,0.17198561691820904,0.049685168586905304,0.22413945289943937
WMB,Williams Companies,midstream_gpt,1y,52,0.2784810286208992,0.2862392020702618,-0.0077581734493626375,-0.02785889397128006
KMI,Kinder Morgan,midstream_gpt,1m,4,-0.02503629552542743,0.0721802803957474,-0.09721657592117483,3.8830255787019077
KMI,Kinder Morgan,midstream_gpt,3m,13,0.0440003173501557,0.1477407607199741,-0.10374044336981841,-2.357720344247729
KMI,Kinder Morgan,midstream_gpt,ytd,19,0.16853385461041623,0.18387752598871768,-0.015343671378301449,-0.09104207231104969
KMI,Kinder Morgan,midstream_gpt,1y,52,0.18589644465284735,0.29221105819417686,-0.10631461354132951,-0.5719023499339481
OKE,ONEOK,midstream_gpt,1m,4,0.004811300645513078,0.07784401188882961,-0.07303271124331653,-15.179411270302838
OKE,ONEOK,midstream_gpt,3m,13,0.05683136070129381,0.2371662836411556,-0.1803349229398618,-3.1731586348548633
OKE,ONEOK,midstream_gpt,ytd,19,0.18679887867162093,0.3003566501927436,-0.11355777152112267,-0.6079146316544497
OKE,ONEOK,midstream_gpt,1y,52,0.09294621494928264,0.4666872019109866,-0.373740986961704,-4.021045796922885
TRGP,Targa Resources,midstream_gpt,1m,4,0.031036905126482578,0.08569960827874774,-0.054662703152265166,-1.7612162981296617
TRGP,Targa Resources,midstream_gpt,3m,13,0.17052737121729133,0.2711819468751164,-0.10065457565782504,-0.5902546608166956
TRGP,Targa Resources,midstream_gpt,ytd,19,0.320503719411053,0.356580379358329,-0.03607665994727599,-0.11256237529339524
TRGP,Targa Resources,midstream_gpt,1y,52,0.46963763207130416,0.5212579960987545,-0.051620364027450294,-0.10991530597704077
AM,Antero Midstream,midstream_gpt,1m,4,-0.029946499559926076,0.08633222785879409,-0.11627872741872017,3.8828821106798905
AM,Antero Midstream,midstream_gpt,3m,13,0.10859057209550707,0.1807401005938209,-0.07214952849831383,-0.6644179794435304
AM,Antero Midstream,midstream_gpt,ytd,19,0.19926668950656146,0.22301701914994496,-0.0237503296433835,-0.11918865969116955
AM,Antero Midstream,midstream_gpt,1y,52,0.20586016935398907,0.34510947985584844,-0.13924931050185937,-0.6764266780642336
DTM,DT Midstream,midstream_gpt,1m,4,0.06382868747915076,0.07000762415879846,-0.006178936679647709,-0.09680500921573894
DTM,DT Midstream,midstream_gpt,3m,13,0.12369852939020008,0.1384471296288821,-0.014748600238682005,-0.119230198704775
DTM,DT Midstream,midstream_gpt,ytd,19,0.1887660189516689,0.17602021349942193,0.012745805452246961,0.06752171562992151
DTM,DT Midstream,midstream_gpt,1y,52,0.384969130046332,0.2902035387242644,0.09476559132206758,0.24616413090229416
HESM,Hess Midstream,midstream_gpt,1m,4,-0.034712276934047326,0.06308867808919297,-0.0978009550232403,2.8174744978285426
HESM,Hess Midstream,midstream_gpt,3m,13,0.06736831152741082,0.18862224664309987,-0.12125393511568905,-1.7998660255326904
HESM,Hess Midstream,midstream_gpt,ytd,19,0.12700175556059148,0.23468262145158758,-0.1076808658909961,-0.8478691134282978
HESM,Hess Midstream,midstream_gpt,1y,52,0.09422656273033397,0.38420339867070397,-0.28997683594037,-3.077442576041447
KNTK,Kinetik Holdings,midstream_gpt,1m,4,0.036451293593766323,0.0868372108602351,-0.05038591726646878,-1.3822806353046815
KNTK,Kinetik Holdings,midstream_gpt,3m,13,0.1651307798133739,0.24488615054918988,-0.07975537073581598,-0.4829830684864035
KNTK,Kinetik Holdings,midstream_gpt,ytd,19,0.34438759415572473,0.31232505714803904,0.03206253700768569,0.0931001509688171
KNTK,Kinetik Holdings,midstream_gpt,1y,52,0.2198230964261658,0.44446745725752856,-0.22464436083136277,-1.0219324742648976
AROC,Archrock,midstream_gpt,1m,4,0.08399332257698991,0.09498978512140187,-0.010996462544411958,-0.1309206756802886
AROC,Archrock,midstream_gpt,3m,13,0.2056490735298616,0.24862305637000465,-0.04297398284014306,-0.2089675489537421
AROC,Archrock,midstream_gpt,ytd,19,0.4260662488331164,0.32627634160463814,0.09978990722847825,0.23421218531572638
AROC,Archrock,midstream_gpt,1y,52,0.48361287963028043,0.5405300174833944,-0.05691713785311392,-0.11769152611615054
KGS,Kodiak Gas Services,midstream_gpt,1m,4,0.16120163703640308,0.061730896589257456,0.09947074044714563,0.6170578802787394
KGS,Kodiak Gas Services,midstream_gpt,3m,13,0.36787758152205,0.16548394182000795,0.20239363970204208,0.5501657341136753
KGS,Kodiak Gas Services,midstream_gpt,ytd,19,0.6849047392170818,0.22902924078868608,0.45587549842839575,0.6656042400137417
KGS,Kodiak Gas Services,midstream_gpt,1y,52,0.731926046385117,0.3766060676709128,0.35531997871420423,0.48545885266562266
USAC,USA Compression Partners,midstream_gpt,1m,4,-0.001629948490790064,0.05985023698605391,-0.061480185476843974,37.71909715198636
USAC,USA Compression Partners,midstream_gpt,3m,13,0.043629923937157256,0.1444604128998443,-0.10083048896268704,-2.31103976041579
USAC,USA Compression Partners,midstream_gpt,ytd,19,0.2050570543610013,0.16964910206223263,0.03540795229876867,0.17267366104085966
USAC,USA Compression Partners,midstream_gpt,1y,52,0.19492274456233968,0.27160485676766294,-0.07668211220532326,-0.3933974579390297
KRP,Kimbell Royalty Partners,midstream_gpt,1m,4,0.006187723566554067,0.06386284432434064,-0.05767512075778657,-9.320894855344314
KRP,Kimbell Royalty Partners,midstream_gpt,3m,13,0.08193773734397253,0.20852436712520298,-0.12658662978123045,-1.5449124406477446
KRP,Kimbell Royalty Partners,midstream_gpt,ytd,19,0.2566019785087895,0.27572884949143966,-0.019126870982650146,-0.07453906276874238
KRP,Kimbell Royalty Partners,midstream_gpt,1y,52,0.21507471579339235,0.3619983185927757,-0.14692360279938335,-0.6831281969030839
EPD,Enterprise Products,midstream_pipelines,1m,4,0.019887230619672167,0.04791963769411853,-0.02803240707444636,-1.4095681601196448
EPD,Enterprise Products,midstream_pipelines,3m,13,0.08744681591773751,0.13457886843218916,-0.047132052514451656,-0.5389796303022567
EPD,Enterprise Products,midstream_pipelines,ytd,19,0.19481069910171542,0.16598409304279563,0.02882660605891979,0.14797239675151885
EPD,Enterprise Products,midstream_pipelines,1y,52,0.2538303329062873,0.2327877364067105,0.02104259649957682,0.08290024387016671
ET,Energy Transfer,midstream_pipelines,1m,4,0.03482176095032591,0.0656732250413201,-0.030851464090994193,-0.8859823067249402
ET,Energy Transfer,midstream_pipelines,3m,13,0.10217821240018192,0.1752124588995953,-0.07303424649941338,-0.7147731868059511
ET,Energy Transfer,midstream_pipelines,ytd,19,0.21970660186936153,0.23605050442345674,-0.016343902554095208,-0.07438967429760422
ET,Energy Transfer,midstream_pipelines,1y,52,0.20115187730283074,0.3671732425083432,-0.16602136520551247,-0.8253532973772356
MPLX,MPLX,midstream_pipelines,1m,4,-0.008764955003182688,0.0483596406610719,-0.05712459566425459,6.5173860725482085
MPLX,MPLX,midstream_pipelines,3m,13,0.013329542927401336,0.11089927719944304,-0.0975697342720417,-7.319810949516438
MPLX,MPLX,midstream_pipelines,ytd,19,0.05099432502174887,0.13505785966616743,-0.08406353464441857,-1.6484880348659547
MPLX,MPLX,midstream_pipelines,1y,52,0.184286911389612,0.22819783241667516,-0.04391092102706315,-0.23827476783865806
PAA,Plains All American,midstream_pipelines,1m,4,0.03699159299273264,0.0637347396805581,-0.026743146687825452,-0.722952014882933
PAA,Plains All American,midstream_pipelines,3m,13,0.15179201922672492,0.2236222289510544,-0.07183020972432949,-0.47321466629309367
PAA,Plains All American,midstream_pipelines,ytd,19,0.2677869753468712,0.2797079392022877,-0.011920963855416522,-0.0445165932360041
PAA,Plains All American,midstream_pipelines,1y,52,0.38193960361777596,0.37591495708401396,0.006024646533762001,0.015773819935654368
PAGP,Plains GP Holdings,midstream_pipelines,1m,4,0.01978518860118987,0.06404112289082073,-0.04425593428963086,-2.236821451728255
PAGP,Plains GP Holdings,midstream_pipelines,3m,13,0.14956750585727177,0.22725309508997676,-0.077685589232705,-0.519401515639622
PAGP,Plains GP Holdings,midstream_pipelines,ytd,19,0.26554505337284773,0.28498869692392814,-0.019443643551080414,-0.07322163717273202
PAGP,Plains GP Holdings,midstream_pipelines,1y,52,0.36571468154709674,0.3778278219052523,-0.012113140358155583,-0.0331218323172395
WES,Western Midstream,midstream_pipelines,1m,4,0.025750886190893437,0.05993168351573287,-0.03418079732483943,-1.3273639233793497
WES,Western Midstream,midstream_pipelines,3m,13,0.02477769551853336,0.1900617510675272,-0.16528405554899384,-6.670679096260737
WES,Western Midstream,midstream_pipelines,ytd,19,0.09657613785497896,0.23992859245091117,-0.1433524545959322,-1.4843465247201508
WES,Western Midstream,midstream_pipelines,1y,52,0.1961075547343626,0.38756636222530844,-0.19145880749094585,-0.976294909955337
SUN,Sunoco LP,midstream_pipelines,1m,4,0.02803860400684598,0.03989632087047163,-0.011857716863625651,-0.42290682020868225
SUN,Sunoco LP,midstream_pipelines,3m,13,0.14982594631570148,0.10799626578795102,0.04182968052775046,0.2791884954266215
SUN,Sunoco LP,midstream_pipelines,ytd,19,0.2486005873277673,0.1296402343169006,0.11896035301086669,0.4785199998502959
SUN,Sunoco LP,midstream_pipelines,1y,52,0.2412356780333989,0.24863336205378433,-0.007397684020385431,-0.03066579570937773
DKL,Delek Logistics,midstream_pipelines,1m,4,0.04887041822465135,0.047989063868442136,0.0008813543562092158,0.018034516343971876
DKL,Delek Logistics,midstream_pipelines,3m,13,-0.0048377242265216815,0.10406734921723247,-0.10890507344375415,22.511633227604786
DKL,Delek Logistics,midstream_pipelines,ytd,19,0.1758687962764987,0.13152037326962912,0.044348423006869586,0.2521676610394578
DKL,Delek Logistics,midstream_pipelines,1y,52,0.39590500988657484,0.22118442376431918,0.17472058612225566,0.44131946239405356
GEL,Genesis Energy,midstream_pipelines,1m,4,-0.07072127167388562,0.08603883549796759,-0.1567601071718532,2.216590616394955
GEL,Genesis Energy,midstream_pipelines,3m,13,-0.03528897670481579,0.2491596618924708,-0.2844486385972866,8.060552193865929
GEL,Genesis Energy,midstream_pipelines,ytd,19,0.07286218097095626,0.33370879088750666,-0.2608466099165504,-3.580000028005297
GEL,Genesis Energy,midstream_pipelines,1y,52,0.14720716304904283,0.5527245443175245,-0.4055173812684817,-2.7547394628709845
NGL,NGL Energy Partners,midstream_pipelines,1m,4,0.16129956809222984,0.047249388107164246,0.11405017998506559,0.707070585085836
NGL,NGL Energy Partners,midstream_pipelines,3m,13,0.28287488280897655,0.2375883922844214,0.045286490524555134,0.1600937137820638
NGL,NGL Energy Partners,midstream_pipelines,ytd,19,0.5273025029762405,0.315576875754264,0.21172562722197646,0.4015259287163227
NGL,NGL Energy Partners,midstream_pipelines,1y,52,1.655090329889221,0.4967952018981497,1.1582951279910714,0.6998380131123108
GLP,Global Partners,midstream_pipelines,1m,4,0.04009067977145804,0.0833691420552968,-0.04327846228383876,-1.0795143043358975
GLP,Global Partners,midstream_pipelines,3m,13,0.03531530229717604,0.18077240500959857,-0.14545710271242251,-4.118812334902592
GLP,Global Partners,midstream_pipelines,ytd,19,0.1328007864620548,0.2267890206959935,-0.0939882342339387,-0.7077385363285781
GLP,Global Partners,midstream_pipelines,1y,52,0.04255292679483533,0.4058605155668994,-0.36330758877206404,-8.537781443887871
VLO,Valero Energy,downstream_refiners,1m,4,-0.008958882402098536,0.05324968642681244,-0.06220856882891097,6.943786739999979
VLO,Valero Energy,downstream_refiners,3m,13,0.15512293390065524,0.27389952819602137,-0.11877659429536613,-0.7656933201858711
VLO,Valero Energy,downstream_refiners,ytd,19,0.3729211359389353,0.3725964881835461,0.00032464775538915136,0.0008705533800645492
VLO,Valero Energy,downstream_refiners,1y,52,0.6841081163809235,0.5195729877862557,0.1645351285946678,0.24051041736661946
MPC,Marathon Petroleum,downstream_refiners,1m,4,0.09897056175811762,0.06923848220332121,0.029732079554796412,0.3004133656173551
MPC,Marathon Petroleum,downstream_refiners,3m,13,0.19622985933493148,0.25804617433346055,-0.061816314998529076,-0.31501992208545077
MPC,Marathon Petroleum,downstream_refiners,ytd,19,0.4114613748813455,0.3415923801552323,0.06986899472611319,0.16980693448142378
MPC,Marathon Petroleum,downstream_refiners,1y,52,0.5091079974545601,0.46625917800830075,0.0428488194462594,0.08416449881065524
PSX,Phillips 66,downstream_refiners,1m,4,0.07538995601277049,0.0672493450897252,0.008140610923045286,0.10798004606431032
PSX,Phillips 66,downstream_refiners,3m,13,0.09272432137316304,0.27902055498811856,-0.1862962336149555,-2.0091409767801736
PSX,Phillips 66,downstream_refiners,ytd,19,0.30397755370165147,0.3743627311314853,-0.07038517742983386,-0.231547285556866
PSX,Phillips 66,downstream_refiners,1y,52,0.4731179183706191,0.5337802700886679,-0.06066235171804879,-0.12821825038241028
DINO,HF Sinclair,downstream_refiners,1m,4,0.21184721250691574,0.05355936602541636,0.15828784648149938,0.7471792741966434
DINO,HF Sinclair,downstream_refiners,3m,13,0.2032903445813466,0.24980649628662532,-0.04651615170527873,-0.2288163355769477
DINO,HF Sinclair,downstream_refiners,ytd,19,0.44782506143685746,0.32915394232126677,0.1186711191155907,0.2649943679677764
DINO,HF Sinclair,downstream_refiners,1y,52,0.7775265909021244,0.44952191645998435,0.32800467444214004,0.4218565362009973
PBF,PBF Energy,downstream_refiners,1m,4,0.022369082526792892,0.054981272608208995,-0.0326121900814161,-1.4579136199419167
PBF,PBF Energy,downstream_refiners,3m,13,0.1659133781652966,0.4266382235123018,-0.2607248453470052,-1.5714516106546246
PBF,PBF Energy,downstream_refiners,ytd,19,0.471878430371814,0.6107627054854825,-0.13888427511366852,-0.2943221520090152
PBF,PBF Energy,downstream_refiners,1y,52,0.7649819233941461,0.778881129489785,-0.013899206095638994,-0.01816932619004858
PARR,Par Pacific,downstream_refiners,1m,4,-0.007676345658278329,0.027411361226820398,-0.03508770688509873,4.570886779604488
PARR,Par Pacific,downstream_refiners,3m,13,0.3636482965752808,0.31426587476516726,0.04938242181011354,0.1357972037135354
PARR,Par Pacific,downstream_refiners,ytd,19,0.5761672269397994,0.45171706813830553,0.12445015880149385,0.2159965943611315
PARR,Par Pacific,downstream_refiners,1y,52,1.2470002224283252,0.6290021200166472,0.617998102411678,0.49558780447386735
CVI,CVR Energy,downstream_refiners,1m,4,0.06749096884126192,0.06945282607188544,-0.0019618572306235177,-0.029068440775206327
CVI,CVR Energy,downstream_refiners,3m,13,0.2898191421871704,0.3221980552370603,-0.03237891304988988,-0.11172109890857035
CVI,CVR Energy,downstream_refiners,ytd,19,0.23125812810036636,0.4597610020687497,-0.22850287396838334,-0.9880858063039097
CVI,CVR Energy,downstream_refiners,1y,52,0.42954036575355764,0.6760529727834967,-0.2465126070299391,-0.573898582494042
DK,Delek US,downstream_refiners,1m,4,0.08069085813674878,0.07996777280631458,0.0007230853304342061,0.008961180326137758
DK,Delek US,downstream_refiners,3m,13,0.24848705177765376,0.3591148323636749,-0.11062778058602116,-0.4452054132986008
DK,Delek US,downstream_refiners,ytd,19,0.4304145559188851,0.4940127786296696,-0.06359822271078447,-0.14776039015457934
DK,Delek US,downstream_refiners,1y,52,1.1204540113291663,0.6841957183445396,0.4362582929846267,0.3893584998344595
CLMT,Calumet,downstream_refiners,1m,4,0.02494622260099425,0.1510941196655739,-0.12614789706457966,-5.056793530718832
CLMT,Calumet,downstream_refiners,3m,13,0.31451221247161976,0.2313698658361917,0.08314234663542805,0.26435331710030324
CLMT,Calumet,downstream_refiners,ytd,19,0.5608484042629883,0.3000795334351588,0.2607688708278295,0.4649542886201241
CLMT,Calumet,downstream_refiners,1y,52,1.0297353907027018,0.49794926312522836,0.5317861275774735,0.5164298832291053
WKC,World Kinect,downstream_refiners,1m,4,0.13732174786629694,0.0921082424277137,0.04521350543858324,0.32925232995581505
WKC,World Kinect,downstream_refiners,3m,13,-0.034473829638583746,0.18520812701261663,-0.21968195665120038,6.3724268221517315
WKC,World Kinect,downstream_refiners,ytd,19,0.1382476934399893,0.24016349381804095,-0.10191580037805165,-0.7371971122418137
WKC,World Kinect,downstream_refiners,1y,52,0.03237282102709784,0.4627590902907203,-0.4303862692636225,-13.29467916630946
CAPL,CrossAmerica Partners,downstream_refiners,1m,4,-0.011961228952028445,0.029530578683536143,-0.041491807635564586,3.4688582420728764
CAPL,CrossAmerica Partners,downstream_refiners,3m,13,-0.033130846672466525,0.12761956044283385,-0.16075040711530036,4.851986087300703
CAPL,CrossAmerica Partners,downstream_refiners,ytd,19,0.042294699502769505,0.15369268417064993,-0.11139798466788042,-2.6338521369701646
CAPL,CrossAmerica Partners,downstream_refiners,1y,52,0.04110069850263111,0.1884213281260624,-0.1473206296234313,-3.5843826258573293
WLK,Westlake Corp,petrochem,1m,4,-0.16944548767704953,0.09489235759727793,-0.26433784527432747,1.5600170231628456
WLK,Westlake Corp,petrochem,3m,13,0.045726485488451096,0.16704266603602635,-0.12131618054757526,-2.653083420946827
WLK,Westlake Corp,petrochem,ytd,19,0.3086642985504934,0.19306721222932755,0.11559708632116583,0.3745074725649092
WLK,Westlake Corp,petrochem,1y,52,0.24907355375867088,0.3914248605381756,-0.14235130677950472,-0.5715231690853454
LYB,LyondellBasell,petrochem,1m,4,-0.003260843328343907,0.07242409699227594,-0.07568494032061984,23.210235113950766
LYB,LyondellBasell,petrochem,3m,13,0.2999320218895271,0.2296709511857603,0.0702610707037668,0.2342566500940197
LYB,LyondellBasell,petrochem,ytd,19,0.5420844816639329,0.2679799431758284,0.27410453848810445,0.5056491151466618
LYB,LyondellBasell,petrochem,1y,52,0.343760820757567,0.38603504438974684,-0.042274223632179864,-0.12297568855874134
DOW,Dow Inc,petrochem,1m,4,-0.013159739198247963,0.08103199687653956,-0.09419173607478752,7.1575686003965675
DOW,Dow Inc,petrochem,3m,13,0.20359581655097048,0.1932253184714138,0.010370498079556673,0.05093669533705966
DOW,Dow Inc,petrochem,ytd,19,0.5144088346778748,0.23594577487239463,0.27846305980548014,0.5413263556794373
DOW,Dow Inc,petrochem,1y,52,0.3324292812524624,0.3878234382106243,-0.05539415695816191,-0.16663440942825067
OLN,Olin,petrochem,1m,4,-0.005194869721751516,0.12508504227116626,-0.13027991199291777,25.078571546735972
OLN,Olin,petrochem,3m,13,0.15622480826942367,0.15243134257070626,0.003793465698717413,0.024282095403024864
OLN,Olin,petrochem,ytd,19,0.3290068481583412,0.1795739244337146,0.1494329237246266,0.45419396149684094
OLN,Olin,petrochem,1y,52,0.33557900307852484,0.43847945205899086,-0.10290044898046602,-0.30663554047327424
SLB,Schlumberger,ofs_onshore,1m,4,0.06053401302983618,0.07238005982550864,-0.011846046795672464,-0.19569240832973936
SLB,Schlumberger,ofs_onshore,3m,13,0.09019182082735053,0.2840878939014466,-0.1938960730740961,-2.1498188116776262
SLB,Schlumberger,ofs_onshore,ytd,19,0.3840732199712301,0.3982925450546125,-0.014219325083382361,-0.03702243307785816
SLB,Schlumberger,ofs_onshore,1y,52,0.4979402034449084,0.6005666169199038,-0.10262641347499535,-0.20610188284656117
HAL,Halliburton,ofs_onshore,1m,4,0.07209176110102886,0.07877530100762187,-0.006683539906593011,-0.09270878952765141
HAL,Halliburton,ofs_onshore,3m,13,0.1488862886844529,0.37841116998803465,-0.22952488130358176,-1.5416119464837554
HAL,Halliburton,ofs_onshore,ytd,19,0.3728879062822494,0.521893862674062,-0.14900595639181263,-0.3995998633407698
HAL,Halliburton,ofs_onshore,1y,52,0.712304422109165,0.7295318913338792,-0.017227469224714187,-0.024185542992563328
BKR,Baker Hughes,ofs_onshore,1m,4,0.06266078621357779,0.05268181517945209,0.009978971034125698,0.15925384338639823
BKR,Baker Hughes,ofs_onshore,3m,13,0.13067821605347277,0.2484017751685824,-0.11772355911510962,-0.9008659795825329
BKR,Baker Hughes,ofs_onshore,ytd,19,0.3946560266602792,0.32860754004763343,0.06604848661264578,0.1673570961821406
BKR,Baker Hughes,ofs_onshore,1y,52,0.6198313482541383,0.5316177159036811,0.0882136323504572,0.1423187655786144
LBRT,Liberty Energy,ofs_onshore,1m,4,0.1614145151482201,0.12651533735785198,0.034899177790368135,0.216208423129244
LBRT,Liberty Energy,ofs_onshore,3m,13,0.255521993985366,0.4635606105405131,-0.2080386165551471,-0.8141710751015103
LBRT,Liberty Energy,ofs_onshore,ytd,19,0.5766547922794357,0.6166592257387893,-0.04000443345935356,-0.06937327842403188
LBRT,Liberty Energy,ofs_onshore,1y,52,1.0103291294938141,0.8303383452806324,0.1799907842131817,0.17815064315067214
PTEN,Patterson-UTI,ofs_onshore,1m,4,0.14170681207274757,0.10418648724571138,0.0375203248270362,0.26477432014894603
PTEN,Patterson-UTI,ofs_onshore,3m,13,0.30238524570132364,0.5009410441262752,-0.19855579842495152,-0.6566319000268682
PTEN,Patterson-UTI,ofs_onshore,ytd,19,0.6946583060794791,0.6672025098449549,0.02745579623452421,0.03952417468306046
PTEN,Patterson-UTI,ofs_onshore,1y,52,0.7133375178524349,0.934525509258006,-0.2211879914055711,-0.31007480452097474
HP,Helmerich & Payne,ofs_onshore,1m,4,0.13845728245319472,0.12153415017307052,0.016923132280124195,0.12222637899776082
HP,Helmerich & Payne,ofs_onshore,3m,13,0.10956996733070712,0.43210899775994577,-0.32253903042923865,-2.9436809947724307
HP,Helmerich & Payne,ofs_onshore,ytd,19,0.3654222320158537,0.5590372633893977,-0.19361503137354402,-0.5298392227135871
HP,Helmerich & Payne,ofs_onshore,1y,52,0.8226698376927454,0.7739560236553388,0.0487138140374066,0.05921429449027699
AESI,Atlas Energy Solutions,ofs_onshore,1m,4,0.4808287077296306,0.1480706879611959,0.33275801976843467,0.6920510660431367
AESI,Atlas Energy Solutions,ofs_onshore,3m,13,0.44795376483674276,0.362270817850024,0.08568294698671874,0.19127631847886353
AESI,Atlas Energy Solutions,ofs_onshore,ytd,19,0.6689719087394941,0.5119218969140369,0.1570500118254572,0.23476323859603856
AESI,Atlas Energy Solutions,ofs_onshore,1y,52,0.4205042159297607,0.7244799911616349,-0.30397577523187413,-0.7228840133261565
WTTR,Select Water Solutions,ofs_onshore,1m,4,0.14480548187370562,0.10468929961218897,0.040116182261516656,0.2770349695497344
WTTR,Select Water Solutions,ofs_onshore,3m,13,0.30701401789008415,0.3682960255324598,-0.06128200764237568,-0.19960654586239643
WTTR,Select Water Solutions,ofs_onshore,ytd,19,0.5008997433181143,0.47352144123608575,0.027378302082028516,0.05465824737834003
WTTR,Select Water Solutions,ofs_onshore,1y,52,0.7670052149298922,0.6647878878892327,0.10221732704065944,0.13326809916149343
NESR,National Energy Services Reunited,ofs_onshore,1m,4,0.07494616704926559,0.0570383525742355,0.017907814475030086,0.23894236596860852
NESR,National Energy Services Reunited,ofs_onshore,3m,13,0.17212762167687748,0.0850485873476706,0.08707903432920688,0.5058980858555866
NESR,National Energy Services Reunited,ofs_onshore,ytd,19,0.49640810008680275,0.16354185257526574,0.33286624751153704,0.6705495890444404
NESR,National Energy Services Reunited,ofs_onshore,1y,52,1.3826705099585737,0.5555755996570872,0.8270949103014864,0.5981865559035225
XPRO,Expro Group,ofs_onshore,1m,4,-0.032270726021772694,0.08413218686300641,-0.11640291288477911,3.6070744986103933
XPRO,Expro Group,ofs_onshore,3m,13,-0.030471583929130283,0.3626662624002872,-0.3931378463294175,12.901785717597201
XPRO,Expro Group,ofs_onshore,ytd,19,0.1887779803974142,0.4973287801657723,-0.3085507997683581,-1.6344639301617643
XPRO,Expro Group,ofs_onshore,1y,52,0.6699044792627129,0.7812688171664045,-0.1113643379036916,-0.1662391301312951
SEI,Solaris Energy Infrastructure,ofs_onshore,1m,4,0.2162275311200832,0.1105629809876865,0.1056645501323967,0.48867297140675064
SEI,Solaris Energy Infrastructure,ofs_onshore,3m,13,0.40892811460065925,0.3561591319365614,0.05276898266409785,0.12904219783379203
SEI,Solaris Energy Infrastructure,ofs_onshore,ytd,19,0.5532078464518525,0.4794126558754804,0.07379519057637213,0.13339505404646274
SEI,Solaris Energy Infrastructure,ofs_onshore,1y,52,1.27902691729341,0.824599792363542,0.4544271249298679,0.3552912912040161
NBR,Nabors Industries,ofs_onshore,1m,4,0.21468100650238564,0.1381022116139286,0.07657879488845704,0.35670968818383125
NBR,Nabors Industries,ofs_onshore,3m,13,0.3541064637962031,0.6291210230442735,-0.27501455924807044,-0.7766437141524422
NBR,Nabors Industries,ofs_onshore,ytd,19,0.6359776066389979,0.8756287455612101,-0.23965113892221213,-0.3768232346870133
NBR,Nabors Industries,ofs_onshore,1y,52,1.2269989823511744,1.2319310149203904,-0.004932032569215927,-0.004019589779744699
ACDC,ProFrac Holding,ofs_onshore,1m,4,0.19275446910354757,0.16445879729374627,0.028295671809801304,0.14679645012329592
ACDC,ProFrac Holding,ofs_onshore,3m,13,0.2834833632672089,0.4821739274966152,-0.19869056422940629,-0.7008896816358225
ACDC,ProFrac Holding,ofs_onshore,ytd,19,0.6425554104945048,0.6781910159502142,-0.03563560545570943,-0.05545919445030366
ACDC,ProFrac Holding,ofs_onshore,1y,52,0.48270668787819315,0.9162930439264633,-0.4335863560482701,-0.8982397943441833
RES,RPC Inc,ofs_onshore,1m,4,0.10867830145751149,0.09508675145608012,0.013591550001431377,0.12506222326951882
RES,RPC Inc,ofs_onshore,3m,13,0.253119120464692,0.4050584306790798,-0.15193931021438783,-0.6002680079460141
RES,RPC Inc,ofs_onshore,ytd,19,0.31385211455091316,0.5553096355022664,-0.24145752095135325,-0.76933533265134
RES,RPC Inc,ofs_onshore,1y,52,0.4595295672158323,0.729356272066558,-0.26982670485072563,-0.5871802906732074
PUMP,ProPetro,ofs_onshore,1m,4,0.13126928984233394,0.1230997475030334,0.008169542339300534,0.06223498541900302
PUMP,ProPetro,ofs_onshore,3m,13,0.3386306059000542,0.4731624346906059,-0.1345318287905517,-0.3972819539833867
PUMP,ProPetro,ofs_onshore,ytd,19,0.5324053566270978,0.6643454294001669,-0.13194007277306918,-0.2478188303906968
PUMP,ProPetro,ofs_onshore,1y,52,1.0643303586161281,0.8846477224091188,0.1796826362070093,0.16882224090707856
TTI,TETRA Technologies,ofs_onshore,1m,4,0.15313695566756133,0.15680404719116525,-0.0036670915236039214,-0.02394648311779593
TTI,TETRA Technologies,ofs_onshore,3m,13,-0.16853531904128577,0.45655112498617395,-0.6250864440274597,3.7089344096137706
TTI,TETRA Technologies,ofs_onshore,ytd,19,0.05417986521700781,0.6039498350585643,-0.5497699698415565,-10.147126938015639
TTI,TETRA Technologies,ofs_onshore,1y,52,1.1999241713471098,0.861812755541781,0.3381114158053288,0.2817773188331924
CLB,Core Laboratories,ofs_onshore,1m,4,-0.18876261547828027,0.10974929129430104,-0.2985119067725813,1.5814143389368813
CLB,Core Laboratories,ofs_onshore,3m,13,-0.3052538557108715,0.3581438597283373,-0.6633977154392088,2.173265637855077
CLB,Core Laboratories,ofs_onshore,ytd,19,-0.1790845744179837,0.5163324662000055,-0.6954170406179891,3.8831766659862317
CLB,Core Laboratories,ofs_onshore,1y,52,0.16546574157871388,0.8080743714700772,-0.6426086298913634,-3.8836355112557683
CLNE,Clean Energy Fuels,ofs_onshore,1m,4,-0.008888938939973483,0.15917600024912226,-0.16806493918909574,18.907199197117794
CLNE,Clean Energy Fuels,ofs_onshore,3m,13,-0.20512504155405692,0.2627090203027366,-0.4678340618567935,2.280726225878689
CLNE,Clean Energy Fuels,ofs_onshore,ytd,19,0.031748667413555004,0.3643340424105163,-0.3325853749969613,-10.475569593669462
CLNE,Clean Energy Fuels,ofs_onshore,1y,52,0.3364722259775259,0.7553217381073861,-0.4188495121298602,-1.244826407032587
NGS,Natural Gas Services Group,ofs_onshore,1m,4,0.04774906781775101,0.07832020897418536,-0.030571141156434348,-0.6402458216172617
NGS,Natural Gas Services Group,ofs_onshore,3m,13,0.10304087656676347,0.254331671581998,-0.1512907950152345,-1.468259976585199
NGS,Natural Gas Services Group,ofs_onshore,ytd,19,0.19274730321792213,0.3416721678449504,-0.14892486462702828,-0.7726430520205632
NGS,Natural Gas Services Group,ofs_onshore,1y,52,0.6890523165053695,0.5001358803456063,0.18891643615976317,0.2741684943719234
NOV,NOV Inc,ofs_equipment,1m,4,0.034790528272230566,0.08835256961600386,-0.0535620413437733,-1.5395581499843438
NOV,NOV Inc,ofs_equipment,3m,13,0.06982045845001875,0.31784251739742836,-0.2480220589474096,-3.5522834489114277
NOV,NOV Inc,ofs_equipment,ytd,19,0.2609591779243686,0.44287628829899284,-0.1819171103746242,-0.6971094552855602
NOV,NOV Inc,ofs_equipment,1y,52,0.5181218083528002,0.6444457455719907,-0.12632393721919055,-0.243811272142349
FTI,TechnipFMC,ofs_equipment,1m,4,0.0020307530497575797,0.08317921448775152,-0.08114846143799394,-39.95978804398742
FTI,TechnipFMC,ofs_equipment,3m,13,0.2254851013347431,0.3182424569555422,-0.09275735562079912,-0.4113680020175547
FTI,TechnipFMC,ofs_equipment,ytd,19,0.5051846785800445,0.42206169322483456,0.0831229853552099,0.16453979876992528
FTI,TechnipFMC,ofs_equipment,1y,52,0.911722757630409,0.6439470519339952,0.26777570569641385,0.2937029962840566
WFRD,Weatherford International,ofs_equipment,1m,4,0.05296055359216139,0.10280208356530704,-0.04984152997314565,-0.9411066651033387
WFRD,Weatherford International,ofs_equipment,3m,13,0.026745567878678787,0.37134240346149283,-0.34459683558281407,-12.88425944612386
WFRD,Weatherford International,ofs_equipment,ytd,19,0.3359384974850143,0.5317034309199075,-0.19576493343489315,-0.5827403971276793
WFRD,Weatherford International,ofs_equipment,1y,52,0.8659043451904341,0.8032902976168786,0.06261404757355549,0.07231058248100727
WHD,Cactus Inc,ofs_equipment,1m,4,0.003123533478059778,0.10508527099407575,-0.10196173751601596,-32.643074976532915
WHD,Cactus Inc,ofs_equipment,3m,13,-0.0594629566054422,0.32883444504477777,-0.38829740165022,6.530072230123216
WHD,Cactus Inc,ofs_equipment,ytd,19,0.17212138055258472,0.44133370870671207,-0.2692123281541273,-1.5640841787919566
WHD,Cactus Inc,ofs_equipment,1y,52,0.2716726613080741,0.7271065794961603,-0.4554339181880862,-1.676406878760718
FET,Forum Energy Technologies,ofs_equipment,1m,4,-0.0699320912985779,0.06344656252892632,-0.13337865382750422,1.907259619307517
FET,Forum Energy Technologies,ofs_equipment,3m,13,0.1554598880355734,0.3181571189080116,-0.16269723087243823,-1.0465544065952803
FET,Forum Energy Technologies,ofs_equipment,ytd,19,0.42210591024755767,0.4646993050407284,-0.04259339479317076,-0.10090689033041608
FET,Forum Energy Technologies,ofs_equipment,1y,52,1.3418038264822163,0.6923411283230436,0.6494626981591727,0.4840220942444752
OIS,Oil States International,ofs_equipment,1m,4,-0.2595112291243901,0.09197657733004785,-0.351487806454438,1.3544223409537368
OIS,Oil States International,ofs_equipment,3m,13,-0.02110023108530018,0.4243882049939803,-0.44548843607928046,21.11296479542526
OIS,Oil States International,ofs_equipment,ytd,19,0.27319709145976573,0.5815546418298804,-0.30835755037011464,-1.128699975254045
OIS,Oil States International,ofs_equipment,1y,52,0.6808770200928156,0.8352253261260311,-0.15434830603321548,-0.22669043230769498
GPRE,Green Plains,downstream_biofuels,1m,4,0.10817990193345647,0.1052858933587714,0.002894008574685067,0.026751813626760605
GPRE,Green Plains,downstream_biofuels,3m,13,0.2031617786075304,0.2736200677829891,-0.07045828917545868,-0.34680878292353695
GPRE,Green Plains,downstream_biofuels,ytd,19,0.5409345154409527,0.342532414072291,0.1984021013686617,0.3667765611276082
GPRE,Green Plains,downstream_biofuels,1y,52,1.4278039971520733,0.5595597078068868,0.8682442893451865,0.6080976738242813
REX,REX American Resources,downstream_biofuels,1m,4,0.08266661319632974,0.03249367545220962,0.05017293774412013,0.6069310910918958
REX,REX American Resources,downstream_biofuels,3m,13,0.3009587518388964,0.18900242626239613,0.11195632557650029,0.3719989031468028
REX,REX American Resources,downstream_biofuels,ytd,19,0.3399769137099438,0.2205843211616714,0.11939259254827242,0.35117852928723836
REX,REX American Resources,downstream_biofuels,1y,52,0.8472978736271636,0.33577789194277036,0.5115199816843932,0.6037073827350088
CNR,Core Natural Resources,coal,1m,4,-0.03833514526093915,0.10122230615930466,-0.1395574514202438,3.6404570915358745
CNR,Core Natural Resources,coal,3m,13,-0.04845503752725672,0.2842177295465023,-0.33267276707375903,6.865597140165775
CNR,Core Natural Resources,coal,ytd,19,-0.007967349381723861,0.3590736568568723,-0.3670410062385962,46.06814495678375
CNR,Core Natural Resources,coal,1y,52,0.2718893793559077,0.4959838397154311,-0.2240944603595234,-0.8242118941548653
ARLP,Alliance Resource Partners,coal,1m,4,-0.02348522188931846,0.051227998470397274,-0.07471322035971573,3.1812865431642683
ARLP,Alliance Resource Partners,coal,3m,13,0.05197009578088808,0.14391667248380774,-0.09194657670291967,-1.7692208436670398
ARLP,Alliance Resource Partners,coal,ytd,19,0.11265090945352449,0.1754319097412318,-0.0627810002877073,-0.5573057562718424
ARLP,Alliance Resource Partners,coal,1y,52,0.09971911353387447,0.22267008014387418,-0.12295096660999971,-1.2329729201637298
BTU,Peabody Energy,coal,1m,4,-0.12523391085425534,0.12159155821038618,-0.24682546906464153,1.9709156040961777
BTU,Peabody Energy,coal,3m,13,-0.3892396044577578,0.3295009107790875,-0.7187405152368453,1.8465246264909474
BTU,Peabody Energy,coal,ytd,19,-0.19427068612784562,0.39064511283717357,-0.5849157989650192,3.0108289141476443
BTU,Peabody Energy,coal,1y,52,0.5716491767731037,0.5601711448950847,0.01147803187801899,0.020078804176385263
VST,Vistra,power_ipps_merchant,1m,4,0.022747116393448244,0.1210223667002848,-0.09827525030683655,-4.320338833591336
VST,Vistra,power_ipps_merchant,3m,13,0.05749271451210814,0.11905312627097828,-0.061560411758870136,-1.0707515253242275
VST,Vistra,power_ipps_merchant,ytd,19,-0.0197653093545054,0.19398008048347926,-0.21374538983798466,10.814168703575717
VST,Vistra,power_ipps_merchant,1y,52,0.15871292157564137,0.5402631469803573,-0.3815502254047159,-2.404027483186818
NRG,NRG Energy,power_ipps_merchant,1m,4,-0.08234260057583828,0.12244829378780608,-0.20479089436364437,2.487058860559427
NRG,NRG Energy,power_ipps_merchant,3m,13,-0.014576686457542017,0.1140026832018218,-0.1285793696593638,8.820891499167598
NRG,NRG Energy,power_ipps_merchant,ytd,19,-0.05959119058693873,0.15010455933791944,-0.20969574992485818,3.518905191513652
NRG,NRG Energy,power_ipps_merchant,1y,52,0.24437327126651667,0.4174882449209148,-0.17311497365439812,-0.7084038804947562
TLN,Talen Energy,power_ipps_merchant,1m,4,0.24366415468116703,0.14803391715975586,0.09563023752141117,0.3924674010690769
TLN,Talen Energy,power_ipps_merchant,3m,13,0.1725883283064657,0.07979701372414745,0.09279131458231825,0.5376453639295259
TLN,Talen Energy,power_ipps_merchant,ytd,19,0.06413697071174936,0.13468440901010567,-0.07054743829835632,-1.099949647067329
TLN,Talen Energy,power_ipps_merchant,1y,52,0.5993214684775232,0.48675715114852924,0.11256431732899397,0.18781959807804807
CEG,Constellation Energy,power_ipps_merchant,1m,4,0.11923243667103953,0.12032243727866612,-0.0010900006076265956,-0.009141812731999184
CEG,Constellation Energy,power_ipps_merchant,3m,13,0.21218178970280147,0.139612805020206,0.07256898468259546,0.34201325563443163
CEG,Constellation Energy,power_ipps_merchant,ytd,19,-0.1090708347375011,0.20836686652355502,-0.3174377012610561,2.910381148407161
CEG,Constellation Energy,power_ipps_merchant,1y,52,0.17854392757737356,0.49579925579284223,-0.31725532821546865,-1.7769034910357469
NEE,NextEra Energy,power_utilities_regulated_gas,1m,4,0.013828241145573347,0.04700471304477954,-0.033176471899206195,-2.399182336346987
NEE,NextEra Energy,power_utilities_regulated_gas,3m,13,0.07086587879976011,0.042373068004463214,0.028492810795296898,0.40206671077637646
NEE,NextEra Energy,power_utilities_regulated_gas,ytd,19,0.17763061714714426,0.028905627129334407,0.14872499001780987,0.8372711439414199
NEE,NextEra Energy,power_utilities_regulated_gas,1y,52,0.33436613891494754,0.1641482646358615,0.17021787427908605,0.5090762923287045
SO,Southern Company,power_utilities_regulated_gas,1m,4,-0.038187786237574496,0.03698523643898728,-0.07517302267656178,1.968509570282344
SO,Southern Company,power_utilities_regulated_gas,3m,13,0.045194369011950584,-0.0032492221967014142,0.048443591208652,1.071894403389994
SO,Southern Company,power_utilities_regulated_gas,ytd,19,0.07803230816253207,-0.019852151350636532,0.0978844595131686,1.2544093827044926
SO,Southern Company,power_utilities_regulated_gas,1y,52,0.0666690727958533,0.04018625262922547,0.026482820166627827,0.39722796577238456
DUK,Duke Energy,power_utilities_regulated_gas,1m,4,-0.04858525553001973,0.039857599936675675,-0.0884428554666954,1.8203641105077355
DUK,Duke Energy,power_utilities_regulated_gas,3m,13,0.038232501595040685,0.0039542045923368265,0.03427829700270386,0.8965747877494433
DUK,Duke Energy,power_utilities_regulated_gas,ytd,19,0.0773940911745933,-0.01379665320343647,0.09119074437802976,1.1782649423754148
DUK,Duke Energy,power_utilities_regulated_gas,1y,52,0.0771837295093291,0.03951480384242528,0.037668925666903816,0.48804231029482475
AEP,American Electric Power,power_utilities_regulated_gas,1m,4,-0.02782300639155283,0.0429321180714951,-0.07075512446304794,2.543043820186501
AEP,American Electric Power,power_utilities_regulated_gas,3m,13,0.10077473646655917,0.01260167573507542,0.08817306073148375,0.874952034836061
AEP,American Electric Power,power_utilities_regulated_gas,ytd,19,0.14416974158528056,-0.003429143070810169,0.14759888465609072,1.0237854561789703
AEP,American Electric Power,power_utilities_regulated_gas,1y,52,0.2600680986069762,0.07239466051820191,0.1876734380887743,0.7216319075427732
SRE,Sempra,power_utilities_regulated_gas,1m,4,-0.053522062656297206,0.05300215595269499,-0.1065242186089922,1.9902861235572906
SRE,Sempra,power_utilities_regulated_gas,3m,13,0.0766879026181446,0.048541024862231046,0.028146877755913548,0.36703152381238696
SRE,Sempra,power_utilities_regulated_gas,ytd,19,0.06248066811169431,0.03631713356973783,0.026163534541956482,0.41874607510894296
SRE,Sempra,power_utilities_regulated_gas,1y,52,0.24674976200836607,0.15529984398403435,0.09144991802433172,0.37061805968927786
D,Dominion Energy,power_utilities_regulated_gas,1m,4,-0.04115944298392257,0.042905128833460905,-0.08406457181738347,2.042412766621264
D,Dominion Energy,power_utilities_regulated_gas,3m,13,-0.0005312800940194817,0.016676771952558383,-0.017208052046577865,32.389792578878094
D,Dominion Energy,power_utilities_regulated_gas,ytd,19,0.05099004333899958,-0.0076644380703227,0.05865448140932228,1.1503124447133108
D,Dominion Energy,power_utilities_regulated_gas,1y,52,0.15762299705860155,0.05685204999147011,0.10077094706713144,0.6393162733079267
ETR,Entergy,power_utilities_regulated_gas,1m,4,-0.02515729482086037,0.05761959307583818,-0.08277688789669854,3.2903731695372964
ETR,Entergy,power_utilities_regulated_gas,3m,13,0.15447194361815278,0.01894892100683333,0.13552302261131946,0.8773309860483524
ETR,Entergy,power_utilities_regulated_gas,ytd,19,0.20804586040669465,-0.008942246159710593,0.21698810656640524,1.0429820912669447
ETR,Entergy,power_utilities_regulated_gas,1y,52,0.33442961132929605,0.0771732464748177,0.25725636485447834,0.769239194555565
XEL,Xcel Energy,power_utilities_regulated_gas,1m,4,-0.022464508158049862,0.036897742914141655,-0.05936225107219152,2.64249057466766
XEL,Xcel Energy,power_utilities_regulated_gas,3m,13,0.0668257793625635,-0.00011439496384201778,0.06694017432640552,1.0017118388282669
XEL,Xcel Energy,power_utilities_regulated_gas,ytd,19,0.09420654905573786,-0.0320858347803447,0.12629238383608254,1.3405902785098402
XEL,Xcel Energy,power_utilities_regulated_gas,1y,52,0.16284742598569096,0.022560859057927152,0.1402865669277638,0.8614601433128607
EXC,Exelon,power_utilities_regulated_gas,1m,4,-0.07589920442784481,0.0539721141954593,-0.12987131862330412,1.7111025023558586
EXC,Exelon,power_utilities_regulated_gas,3m,13,0.02397140391801044,0.022733842449967425,0.0012375614680430157,0.05162657440823473
EXC,Exelon,power_utilities_regulated_gas,ytd,19,0.04149373926870369,0.003980131762128665,0.03751360750657503,0.9040787397743485
EXC,Exelon,power_utilities_regulated_gas,1y,52,0.030761000851811875,0.06887572092309896,-0.038114720071287085,-1.2390598165157576
ED,Consolidated Edison,power_utilities_regulated_gas,1m,4,-0.06071814186892745,0.02865540011982351,-0.08937354198875096,1.4719413216182087
ED,Consolidated Edison,power_utilities_regulated_gas,3m,13,0.003437307798525982,-0.004028026092375159,0.007465333890901141,2.171854930798602
ED,Consolidated Edison,power_utilities_regulated_gas,ytd,19,0.08129299532895568,-0.028946875456533745,0.11023987078548941,1.3560808079392195
ED,Consolidated Edison,power_utilities_regulated_gas,1y,52,0.025286863866769926,-0.002930621134496037,0.028217485001265964,1.1158950018450977
PEG,Public Service Enterprise Group,power_utilities_regulated_gas,1m,4,-0.046537186760705104,0.06342754200378167,-0.10996472876448678,2.362943194867516
PEG,Public Service Enterprise Group,power_utilities_regulated_gas,3m,13,-0.008246036478604824,0.03560267017794162,-0.04384870665654644,5.317549439699467
PEG,Public Service Enterprise Group,power_utilities_regulated_gas,ytd,19,-0.005017025224632342,0.029792434922032318,-0.03480946014666466,6.938266918762715
PEG,Public Service Enterprise Group,power_utilities_regulated_gas,1y,52,0.03693169363104688,0.13132974567873054,-0.09439805204768366,-2.5560174139516656
WEC,WEC Energy Group,power_utilities_regulated_gas,1m,4,-0.03110669349420385,0.0386233201815462,-0.06973001367575005,2.241640169462014
WEC,WEC Energy Group,power_utilities_regulated_gas,3m,13,0.03075778763142275,-0.004366565244937698,0.03512435287636045,1.1419661679592563
WEC,WEC Energy Group,power_utilities_regulated_gas,ytd,19,0.08535365950236001,-0.029681061301504833,0.11503472080386484,1.3477421058986248
WEC,WEC Energy Group,power_utilities_regulated_gas,1y,52,0.09029814131737793,0.032261984069840016,0.05803615724753791,0.6427170748017249
PCG,PG&E Corporation,power_utilities_regulated_gas,1m,4,-0.134919320185537,0.05858143592658294,-0.19350075611211995,1.434196050247092
PCG,PG&E Corporation,power_utilities_regulated_gas,3m,13,-0.009405481848334056,0.031557348938700165,-0.04096283078703422,4.355208106035498
PCG,PG&E Corporation,power_utilities_regulated_gas,ytd,19,0.032880675216914367,0.006397062796727759,0.026483612420186608,0.8054461243716491
PCG,PG&E Corporation,power_utilities_regulated_gas,1y,52,-0.046391127509837475,0.08285785649868176,-0.12924898400851922,2.7860711939176586
AEE,Ameren,power_utilities_regulated_gas,1m,4,-0.03461608826742163,0.04764224808754534,-0.08225833635496696,2.376303634295475
AEE,Ameren,power_utilities_regulated_gas,3m,13,0.048698899636614223,0.013927749407985518,0.03477115022862871,0.714002790372825
AEE,Ameren,power_utilities_regulated_gas,ytd,19,0.10024758640007822,-0.0053368953122859665,0.10558448171236419,1.0532371451915754
AEE,Ameren,power_utilities_regulated_gas,1y,52,0.14641874808041666,0.07014244909558286,0.0762762989848338,0.5209462584869325
DTE,DTE Energy,power_utilities_regulated_gas,1m,4,-0.04957875748384974,0.038896110875570475,-0.08847486835942021,1.7845317803343674
DTE,DTE Energy,power_utilities_regulated_gas,3m,13,0.06279973477484255,0.027655512752188614,0.03514422202265394,0.5596237332634826
DTE,DTE Energy,power_utilities_regulated_gas,ytd,19,0.10654043605577562,0.024449416511389467,0.08209101954438616,0.7705151450798474
DTE,DTE Energy,power_utilities_regulated_gas,1y,52,0.07831029484904081,0.11089184031908184,-0.03258154547004102,-0.41605698883970044
CNP,CenterPoint Energy,power_utilities_regulated_gas,1m,4,-0.02473288795412033,0.054152244206679204,-0.07888513216079954,3.189483262412864
CNP,CenterPoint Energy,power_utilities_regulated_gas,3m,13,0.06086789692232098,0.030500192853982203,0.030367704068338778,0.4989116694321433
CNP,CenterPoint Energy,power_utilities_regulated_gas,ytd,19,0.1058077413651401,0.016887646764187386,0.08892009460095271,0.8403930889526456
CNP,CenterPoint Energy,power_utilities_regulated_gas,1y,52,0.14292379814032857,0.11013199786589388,0.03279180027443469,0.22943555028000537
PPL,PPL Corporation,power_utilities_regulated_gas,1m,4,-0.07242155891425878,0.04590011089206404,-0.11832166980632282,1.633790705146323
PPL,PPL Corporation,power_utilities_regulated_gas,3m,13,0.033842342018374647,0.014837837533909017,0.01900450448446563,0.5615599675148712
PPL,PPL Corporation,power_utilities_regulated_gas,ytd,19,0.05750532937491225,0.011986339523590694,0.04551898985132155,0.7915612404296574
PPL,PPL Corporation,power_utilities_regulated_gas,1y,52,0.0691827599480573,0.12983598953208023,-0.06065322958402293,-0.8767101750430545
FE,FirstEnergy,power_utilities_regulated_gas,1m,4,-0.12141105876416027,0.04155010879304482,-0.16296116755720508,1.3422267231336436
FE,FirstEnergy,power_utilities_regulated_gas,3m,13,-0.02343352676993744,0.023631259531809855,-0.04706478630174729,2.0084380282922707
FE,FirstEnergy,power_utilities_regulated_gas,ytd,19,0.025002325197207038,0.017751701999026516,0.007250623198180522,0.2899979558297432
FE,FirstEnergy,power_utilities_regulated_gas,1y,52,0.09863204910786691,0.1012633692190304,-0.0026313201111634876,-0.026678145034640804
EIX,Edison International,power_utilities_regulated_gas,1m,4,-0.0958385531661573,0.06110010541891166,-0.15693865858506895,1.6375315924582157
EIX,Edison International,power_utilities_regulated_gas,3m,13,0.08416710516162268,0.031475446518311724,0.052691658643310955,0.6260362470840514
EIX,Edison International,power_utilities_regulated_gas,ytd,19,0.17167837121886956,0.002406794329374108,0.16927157688949546,0.985980794713472
EIX,Edison International,power_utilities_regulated_gas,1y,52,0.26019065427571636,0.12129858935824554,0.1388920649174708,0.5338088153246695
ES,Eversource Energy,power_utilities_regulated_gas,1m,4,-0.020940971740005795,0.06931728354810025,-0.09025825528810605,4.310127362221495
ES,Eversource Energy,power_utilities_regulated_gas,3m,13,0.02759145962626705,0.021471013244242988,0.006120446382024063,0.2218239435291565
ES,Eversource Energy,power_utilities_regulated_gas,ytd,19,0.029374511214861745,0.013424256588127521,0.015950254626734224,0.5429964267342209
ES,Eversource Energy,power_utilities_regulated_gas,1y,52,0.12931373493607617,0.10954504720940655,0.01976868772666962,0.15287384388396097
CMS,CMS Energy,power_utilities_regulated_gas,1m,4,-0.06950583082855871,0.039803385458583654,-0.10930921628714237,1.5726625375756123
CMS,CMS Energy,power_utilities_regulated_gas,3m,13,0.023930761935488952,-0.0034601141922064424,0.027390876127695394,1.1445885509844609
CMS,CMS Energy,power_utilities_regulated_gas,ytd,19,0.06427231252414253,-0.024449531376585766,0.08872184390072829,1.3804053474410434
CMS,CMS Energy,power_utilities_regulated_gas,1y,52,0.04649427801423355,0.04579180039078141,0.000702477623452144,0.015108904868618257
NI,NiSource,power_utilities_regulated_gas,1m,4,-0.005055823370165229,0.057734521585007324,-0.06279034495517255,12.419410323094516
NI,NiSource,power_utilities_regulated_gas,3m,13,0.08072659209043608,0.04170603684693247,0.039020555243503605,0.483366809288689
NI,NiSource,power_utilities_regulated_gas,ytd,19,0.14304249738963815,0.030222732533813055,0.1128197648558251,0.7887150106762443
NI,NiSource,power_utilities_regulated_gas,1y,52,0.20898212056294124,0.12873213032964337,0.08024999023329787,0.3840040957433398
LNT,Alliant Energy,power_utilities_regulated_gas,1m,4,-0.003407632037801256,0.04379111154712331,-0.04719874358492457,13.85089207442102
LNT,Alliant Energy,power_utilities_regulated_gas,3m,13,0.08836565487928791,0.004390779263909094,0.08397487561537881,0.9503112462652245
LNT,Alliant Energy,power_utilities_regulated_gas,ytd,19,0.11844634348499125,-0.01498037179132352,0.13342671527631478,1.1264739066699998
LNT,Alliant Energy,power_utilities_regulated_gas,1y,52,0.1885854205495567,0.0676265179325672,0.12095890261698951,0.6414011341094301
EVRG,Evergy,power_utilities_regulated_gas,1m,4,-0.031478615043152025,0.04259291075825042,-0.07407152580140244,2.3530744824657157
EVRG,Evergy,power_utilities_regulated_gas,3m,13,0.06216784651139276,-0.005095451026280581,0.06726329753767334,1.08196280412169
EVRG,Evergy,power_utilities_regulated_gas,ytd,19,0.1154174288407345,-0.025433545607303744,0.14085097444803824,1.220361394832315
EVRG,Evergy,power_utilities_regulated_gas,1y,52,0.23282447925826485,0.059825382096037015,0.17299909716222783,0.743045137321344
PNW,Pinnacle West Capital,power_utilities_regulated_gas,1m,4,-0.024744325068758313,0.04234987105135196,-0.06709419612011028,2.7114983307757323
PNW,Pinnacle West Capital,power_utilities_regulated_gas,3m,13,0.07752118961800258,0.0141826364419302,0.06333855317607238,0.817048261103612
PNW,Pinnacle West Capital,power_utilities_regulated_gas,ytd,19,0.14359850304578367,-0.005704270330114777,0.14930277337589845,1.039723745088736
PNW,Pinnacle West Capital,power_utilities_regulated_gas,1y,52,0.12818899816620213,0.07646880001648947,0.05172019814971267,0.40346830765192015
AES,AES Corp,power_utilities_regulated_gas,1m,4,0.008774009334660247,0.09966766486251677,-0.09089365552785653,-10.359420882856421
AES,AES Corp,power_utilities_regulated_gas,3m,13,-0.10040123615814726,0.08438736247170871,-0.18478859862985597,1.8405012298731636
AES,AES Corp,power_utilities_regulated_gas,ytd,19,0.04303382863535689,0.11677450454390312,-0.07374067590854623,-1.7135513675388014
AES,AES Corp,power_utilities_regulated_gas,1y,52,0.30444074511558017,0.39151220338060105,-0.08707145826502088,-0.2860046155515893
OGE,OGE Energy,power_utilities_regulated_gas,1m,4,-0.03540195207010924,0.04604961256624357,-0.08145156463635281,2.3007647848075705
OGE,OGE Energy,power_utilities_regulated_gas,3m,13,0.09103440509477481,0.03951911738560799,0.05151528770916682,0.5658881129121993
OGE,OGE Energy,power_utilities_regulated_gas,ytd,19,0.12820462921771172,0.024305793661410096,0.10389883555630162,0.8104140715532586
OGE,OGE Energy,power_utilities_regulated_gas,1y,52,0.11029453055790031,0.1236250978460304,-0.01333056728813009,-0.12086335759987722
IDA,IDACORP,power_utilities_regulated_gas,1m,4,-0.017642477823623014,0.04043317009408352,-0.05807564791770654,3.2918079023992943
IDA,IDACORP,power_utilities_regulated_gas,3m,13,0.0686728097944597,-0.009184781911420402,0.0778575917058801,1.1337469944641962
IDA,IDACORP,power_utilities_regulated_gas,ytd,19,0.1391831882799821,-0.0411247864340621,0.1803079747140442,1.2954723694885844
IDA,IDACORP,power_utilities_regulated_gas,1y,52,0.2519482510078145,0.022775113943642667,0.2291731370641718,0.9096040006130613
MDU,MDU Resources,power_utilities_regulated_gas,1m,4,-0.0013438159649061445,0.0608961648872061,-0.06223998085211225,46.31585163260004
MDU,MDU Resources,power_utilities_regulated_gas,3m,13,0.0991441608538805,0.046661079236385974,0.05248308161749453,0.5293612973823495
MDU,MDU Resources,power_utilities_regulated_gas,ytd,19,0.13213066762121048,0.051108816681431794,0.08102185093977868,0.613194895616894
MDU,MDU Resources,power_utilities_regulated_gas,1y,52,0.28044062428587635,0.1787715285020216,0.10166909578385475,0.3625334098536845
NWE,NorthWestern Energy,power_utilities_regulated_gas,1m,4,0.0066342428746896075,0.046296851425913,-0.03966260855122339,-5.978467972968063
NWE,NorthWestern Energy,power_utilities_regulated_gas,3m,13,0.05166746750603231,0.007882709864538368,0.04378475764149394,0.8474337867707946
NWE,NorthWestern Energy,power_utilities_regulated_gas,ytd,19,0.110259137390028,-0.0057652790205914625,0.11602441641061946,1.0522884466273077
NWE,NorthWestern Energy,power_utilities_regulated_gas,1y,52,0.27960388845071044,0.07108695313537927,0.20851693531533116,0.745758352899621
POR,Portland General Electric,power_utilities_regulated_gas,1m,4,-0.09527295700848369,0.045934070041307035,-0.1412070270497907,1.4821312519691896
POR,Portland General Electric,power_utilities_regulated_gas,3m,13,-0.026445654434754745,-0.001018507410364182,-0.025427147024390563,0.9614867761024033
POR,Portland General Electric,power_utilities_regulated_gas,ytd,19,0.03629133230010964,-0.023936334554880125,0.060227666854989766,1.659560645416366
POR,Portland General Electric,power_utilities_regulated_gas,1y,52,0.18640622227069498,0.045138969546181254,0.14126725272451374,0.7578462296144202
BKH,Black Hills Corporation,power_utilities_regulated_gas,1m,4,0.0016246296045092298,0.055465693161758006,-0.053841063557248776,-33.140516095367566
BKH,Black Hills Corporation,power_utilities_regulated_gas,3m,13,0.031698165904962036,0.018776488820742586,0.01292167708421945,0.4076474684043688
BKH,Black Hills Corporation,power_utilities_regulated_gas,ytd,19,0.07393313126491523,0.004254517608486475,0.06967861365642876,0.9424545188916482
BKH,Black Hills Corporation,power_utilities_regulated_gas,1y,52,0.27548627224962924,0.12632174860364234,0.1491645236459869,0.54145900784059
TXNM,TXNM Energy,power_utilities_regulated_gas,1m,4,0.007361768332062538,0.03262305722796013,-0.02526128889589759,-3.431415898525044
TXNM,TXNM Energy,power_utilities_regulated_gas,3m,13,0.010577451920252933,0.03094647483315258,-0.020369022912899645,-1.9257022453487618
TXNM,TXNM Energy,power_utilities_regulated_gas,ytd,19,0.018930986418144845,0.04220507011860847,-0.023274083700463622,-1.2294173788089582
TXNM,TXNM Energy,power_utilities_regulated_gas,1y,52,0.1412506530265983,0.0823178815010519,0.05893277152554641,0.41722123234679154
OTTR,Otter Tail,power_utilities_regulated_gas,1m,4,-0.015516295040818938,0.04730702503693686,-0.06282332007775579,4.048860885442407
OTTR,Otter Tail,power_utilities_regulated_gas,3m,13,0.02643547178123996,0.03294783693299349,-0.006512365151753529,-0.2463494960727372
OTTR,Otter Tail,power_utilities_regulated_gas,ytd,19,0.08199547018263058,0.019160698051913356,0.06283477213071723,0.7663200417140575
OTTR,Otter Tail,power_utilities_regulated_gas,1y,52,0.17019477308548178,0.15066043601807946,0.01953433706740232,0.1147763630648694
AVA,Avista,power_utilities_regulated_gas,1m,4,-0.03129417500101184,0.04034030745714616,-0.071634482458158,2.2890676126097533
AVA,Avista,power_utilities_regulated_gas,3m,13,-0.010791544952802178,0.0023020237668667514,-0.013093568719668928,1.213317349548639
AVA,Avista,power_utilities_regulated_gas,ytd,19,0.06476327949351447,-0.018154229366214653,0.08291750885972912,1.2803167089157776
AVA,Avista,power_utilities_regulated_gas,1y,52,0.06391795904148231,0.041911358826340395,0.02200660021514192,0.3442944759994572
MGEE,MGE Energy,power_utilities_regulated_gas,1m,4,0.00037143540376389107,0.030529744657143663,-0.030158309253379773,-81.19395444746132
MGEE,MGE Energy,power_utilities_regulated_gas,3m,13,0.02099826355386367,-0.01088133751008027,0.03187960106394394,1.5182017780740784
MGEE,MGE Energy,power_utilities_regulated_gas,ytd,19,0.03657512394656454,-0.033149398009597965,0.06972452195616251,1.906337270600327
MGEE,MGE Energy,power_utilities_regulated_gas,1y,52,-0.09769822448634286,0.06613838857098564,-0.1638366130573285,1.676966126239388
HE,Hawaiian Electric Industries,power_utilities_regulated_gas,1m,4,-0.027115933942877864,0.07850894574969279,-0.10562487969257066,3.895306719476412
HE,Hawaiian Electric Industries,power_utilities_regulated_gas,3m,13,-0.11136341763089821,0.07200041614917428,-0.18336383378007248,1.6465356189750904
HE,Hawaiian Electric Industries,power_utilities_regulated_gas,ytd,19,0.23168779506381862,0.06317978583850024,0.1685080092253184,0.7273063701042288
HE,Hawaiian Electric Industries,power_utilities_regulated_gas,1y,52,0.3761223656735118,0.1799853895380147,0.1961369761354971,0.5214711860707355
ATO,Atmos Energy,power_utilities_regulated_ldc,1m,4,-0.029859363628156277,0.047720876926425876,-0.07758024055458215,2.5981880096542596
ATO,Atmos Energy,power_utilities_regulated_ldc,3m,13,0.08071540609266743,0.025410688350913976,0.055304717741753454,0.6851816823948012
ATO,Atmos Energy,power_utilities_regulated_ldc,ytd,19,0.09986122402490809,0.0057989513441909155,0.09406227268071718,0.941929899209482
ATO,Atmos Energy,power_utilities_regulated_ldc,1y,52,0.16675814385922577,0.08399360213513635,0.08276454172408942,0.4963148414146284
NJR,New Jersey Resources,power_utilities_regulated_ldc,1m,4,-0.037564754395479585,0.044497550829171326,-0.08206230522465091,2.184555883440729
NJR,New Jersey Resources,power_utilities_regulated_ldc,3m,13,0.05428088305464583,0.02485377313589264,0.02942710991875319,0.542126587902563
NJR,New Jersey Resources,power_utilities_regulated_ldc,ytd,19,0.18384127477418497,0.002220953930182203,0.18162032084400276,0.987919176839313
NJR,New Jersey Resources,power_utilities_regulated_ldc,1y,52,0.18812323178873258,0.07075260811870196,0.11737062367003062,0.6239028670411157
NFG,National Fuel Gas,power_utilities_regulated_ldc,1m,4,-0.14203695506212033,0.05042062366523386,-0.1924575787273542,1.3549824314607577
NFG,National Fuel Gas,power_utilities_regulated_ldc,3m,13,-0.045295436787274185,0.09215544741136014,-0.13745088419863433,3.0345415332709926
NFG,National Fuel Gas,power_utilities_regulated_ldc,ytd,19,0.019398009622781088,0.1255518485869428,-0.10615383896416171,-5.472408820722219
NFG,National Fuel Gas,power_utilities_regulated_ldc,1y,52,0.01810523628312744,0.2355604836654699,-0.21745524738234245,-12.010627421912881
SR,Spire,power_utilities_regulated_ldc,1m,4,-0.0905429875948281,0.04962403215172902,-0.1401670197465571,1.5480715124377404
SR,Spire,power_utilities_regulated_ldc,3m,13,0.010616330317434329,0.018583140844246886,-0.007966810526812557,-0.750429789635437
SR,Spire,power_utilities_regulated_ldc,ytd,19,0.047414297865398074,0.002106571680407681,0.04530772618499039,0.9555709611816268
SR,Spire,power_utilities_regulated_ldc,1y,52,0.18396065721597596,0.07862053482509483,0.10534012239088113,0.5726231031410608
OGS,ONE Gas,power_utilities_regulated_ldc,1m,4,-0.045462374076757336,0.04535630281352629,-0.09081867689028363,1.9976668340493622
OGS,ONE Gas,power_utilities_regulated_ldc,3m,13,0.049650579897912155,0.025457368627935947,0.024193211269976207,0.4872694602907055
OGS,ONE Gas,power_utilities_regulated_ldc,ytd,19,0.10998726225180533,0.0050770712968483895,0.10491019095495693,0.9538394611075515
OGS,ONE Gas,power_utilities_regulated_ldc,1y,52,0.144042001655303,0.06844298692668603,0.07559901472861698,0.5248400734497413
SWX,Southwest Gas Holdings,power_utilities_regulated_ldc,1m,4,-0.025653587354193333,0.05890665203004498,-0.08456023938423832,3.296234488250475
SWX,Southwest Gas Holdings,power_utilities_regulated_ldc,3m,13,0.09398326699093493,0.04005972599778182,0.05392354099315311,0.5737568262907295
SWX,Southwest Gas Holdings,power_utilities_regulated_ldc,ytd,19,0.12446973183643484,0.03936522707155523,0.0851045047648796,0.6837365479080093
SWX,Southwest Gas Holdings,power_utilities_regulated_ldc,1y,52,0.21407378281074396,0.14923545850258055,0.06483832430816341,0.3028783976106265
UGI,UGI Corporation,power_utilities_regulated_ldc,1m,4,-0.07865987286029563,0.053571524817327035,-0.13223139767762265,1.6810527765849947
UGI,UGI Corporation,power_utilities_regulated_ldc,3m,13,-0.045850352974015095,0.05894380995200019,-0.10479416292601529,2.285569382320908
UGI,UGI Corporation,power_utilities_regulated_ldc,ytd,19,-0.07297963895351942,0.0705306008559069,-0.14351023980942632,1.9664421730124988
UGI,UGI Corporation,power_utilities_regulated_ldc,1y,52,0.043271768839878634,0.20088466279074496,-0.15761289395086633,-3.642395450347585
CPK,Chesapeake Utilities,power_utilities_regulated_ldc,1m,4,-0.044835261114823985,0.04447973821165,-0.08931499932647399,1.9920704620797574
CPK,Chesapeake Utilities,power_utilities_regulated_ldc,3m,13,-0.026345317015883288,0.009379830706146185,-0.03572514772202948,1.3560340800033341
CPK,Chesapeake Utilities,power_utilities_regulated_ldc,ytd,19,0.004541854533976276,0.005562288138203101,-0.001020433604226825,-0.22467333477839543
CPK,Chesapeake Utilities,power_utilities_regulated_ldc,1y,52,0.013976863614193242,0.11081625827291511,-0.09683939465872186,-6.9285497327442815
CWEN,Clearway Energy,power_renewables,1m,4,-0.0648794096343211,0.04947647736740087,-0.11435588700172197,1.7625913621326774
CWEN,Clearway Energy,power_renewables,3m,13,0.00819050012268005,0.07219466460344601,-0.06400416448076596,-7.814439108978716
CWEN,Clearway Energy,power_renewables,ytd,19,0.1605312158506851,0.0831919067507038,0.07733930909998131,0.481771153916363
CWEN,Clearway Energy,power_renewables,1y,52,0.3411879926777558,0.24227312013260435,0.09891487254515144,0.2899131114457895
ORA,Ormat Technologies,power_renewables,1m,4,-0.003129354148754468,0.03608915665705202,-0.03921851080580649,12.532461633150747
ORA,Ormat Technologies,power_renewables,3m,13,-0.0685961386796156,0.08686913430982626,-0.15546527298944185,2.266385192839444
ORA,Ormat Technologies,power_renewables,ytd,19,0.01795026561286383,0.13348501649300773,-0.1155347508801439,-6.436381130613877
ORA,Ormat Technologies,power_renewables,1y,52,0.4336136442801793,0.33323695334773196,0.10037669093244733,0.2314887740653958
XIFR,XPLR Infrastructure (ex-NEP),power_renewables,1m,4,0.09050464322739019,0.09944689603560442,-0.00894225280821423,-0.0988043540014526
XIFR,XPLR Infrastructure (ex-NEP),power_renewables,3m,13,0.10724556406197944,0.09069119969914449,0.016554364362834945,0.15435943209052297
XIFR,XPLR Infrastructure (ex-NEP),power_renewables,ytd,19,0.16446233986222078,0.10392478937188385,0.06053755049033693,0.3680936957424575
XIFR,XPLR Infrastructure (ex-NEP),power_renewables,1y,52,0.22403600924269634,0.298572035199249,-0.07453602595655268,-0.3326966330479866
UEC,Uranium Energy,uranium_nuclear_fuel,1m,4,0.15320000755580385,0.20191911457511583,-0.04871910701931198,-0.31800982125647614
UEC,Uranium Energy,uranium_nuclear_fuel,3m,13,-0.021951359137659693,0.1501551794442443,-0.172106538581904,7.840359109547731
UEC,Uranium Energy,uranium_nuclear_fuel,ytd,19,0.25585413875559293,0.3633101791595136,-0.10745604040392065,-0.4199894554239322
UEC,Uranium Energy,uranium_nuclear_fuel,1y,52,1.017643288624199,1.0052787092942745,0.012364579329924519,0.012150209673805042
LEU,Centrus Energy,uranium_nuclear_fuel,1m,4,0.21151766248897788,0.15399536131731023,0.05752230117166765,0.2719503444525117
LEU,Centrus Energy,uranium_nuclear_fuel,3m,13,-0.13013744918782408,0.1508852560913834,-0.2810227052792075,2.1594299491272073
LEU,Centrus Energy,uranium_nuclear_fuel,ytd,19,-0.09471261947596449,0.3612371854880171,-0.4559498049639816,4.814034365079401
LEU,Centrus Energy,uranium_nuclear_fuel,1y,52,0.904771697771309,0.9200995106818081,-0.015327812910499117,-0.016941083533288628
OKLO,Oklo Inc,nuclear_smr_developers,1m,4,0.46025480512911754,0.14411369576428495,0.3161411093648326,0.6868828002265918
OKLO,Oklo Inc,nuclear_smr_developers,3m,13,0.11317803672013309,-0.017141476484853913,0.130319513204987,1.1514558564683481
OKLO,Oklo Inc,nuclear_smr_developers,ytd,19,0.034499455152386976,0.10482727221120845,-0.07032781705882148,-2.0385196446777964
OKLO,Oklo Inc,nuclear_smr_developers,1y,52,1.0418517055200436,0.5025442151297761,0.5393074903902675,0.5176432380278827
MUSA,Murphy USA,downstream_retail,1m,4,0.1557741881446053,0.013670257337317183,0.14210393080728811,0.9122431161404797
MUSA,Murphy USA,downstream_retail,3m,13,0.42376332543462036,0.03210394048922817,0.3916593849453922,0.9242408708769176
MUSA,Murphy USA,downstream_retail,ytd,19,0.354479443299415,-0.003135771676184054,0.35761521497559906,1.008846131236827
MUSA,Murphy USA,downstream_retail,1y,52,0.2556594548341854,-0.003488282060593269,0.25914773689477866,1.0136442521277207
CASY,Casey's General Stores,downstream_retail,1m,4,0.15128669548903753,0.05192984408070272,0.0993568514083348,0.6567454665273877
CASY,Casey's General Stores,downstream_retail,3m,13,0.26185821767693457,0.032099131810101544,0.22975908586683302,0.877417893947084
CASY,Casey's General Stores,downstream_retail,ytd,19,0.41286476705239067,0.011144419270503554,0.4017203477818871,0.973007095398166
CASY,Casey's General Stores,downstream_retail,1y,52,0.6523246113503472,0.08016516344897155,0.5721594479013757,0.8771084793458501
