node,date,actual_4w,implied_4w,gap_4w
upstream_oil_eandp,2021-06-04,0.1307157019057305,0.04123492604726156,0.08948077585846897
upstream_oil_eandp,2021-06-11,0.16107129380580032,0.07367154775367958,0.08739974605212074
upstream_oil_eandp,2021-06-18,0.10312608068159568,0.06690346026423472,0.03622262041736096
upstream_oil_eandp,2021-06-25,0.15167538447693574,0.09541267115643567,0.05626271332050006
upstream_oil_eandp,2021-07-02,0.024346627270608538,0.05919877778242766,-0.034852150511819134
upstream_oil_eandp,2021-07-09,-0.035656855646729234,0.0272328289890456,-0.06288968463577485
upstream_oil_eandp,2021-07-16,-0.13661663268404128,0.005791527665861038,-0.14240816034990234
upstream_oil_eandp,2021-07-23,-0.20988062583224096,-0.03195632674049687,-0.17792429909174412
upstream_oil_eandp,2021-07-30,-0.16194366099349958,-0.01823359854027627,-0.14371006245322335
upstream_oil_eandp,2021-08-06,-0.12805752915378116,-0.057507089864669694,-0.0705504392891115
upstream_oil_eandp,2021-08-13,-0.01119956763216265,-0.01166637689528733,0.0004668092631246491
upstream_oil_eandp,2021-08-20,-0.11183708828161672,-0.10243764813565032,-0.009399440145966435
upstream_oil_eandp,2021-08-27,0.0019720828577358684,-0.024327859373551503,0.026299942231287336
upstream_oil_eandp,2021-09-03,0.04381084946990407,0.061113214541465094,-0.017302365071561052
upstream_oil_eandp,2021-09-10,0.05676072212993228,0.07089454273613441,-0.01413382060620217
upstream_oil_eandp,2021-09-17,0.2040910287286582,0.15841774141210987,0.04567328731654829
upstream_oil_eandp,2021-09-24,0.11163063016010207,0.07663591719995265,0.03499471296014939
upstream_oil_eandp,2021-10-01,0.1834727543386189,0.06374397409612703,0.11972878024249184
upstream_oil_eandp,2021-10-08,0.26272626357009254,0.08451821618976038,0.1782080473803321
upstream_oil_eandp,2021-10-15,0.20481997130294421,0.1149850359977986,0.08983493530514558
upstream_oil_eandp,2021-10-22,0.19054942272941727,0.12120027101367509,0.06934915171574217
upstream_oil_eandp,2021-10-29,0.09167895624990498,0.08060138992991733,0.01107756631998761
upstream_oil_eandp,2021-11-05,0.057469135016218,0.041093238974698285,0.016375896041519677
upstream_oil_eandp,2021-11-12,0.024714474177464398,0.0022058989286306892,0.02250857524883368
upstream_oil_eandp,2021-11-19,-0.08438795863816602,-0.059050005706315724,-0.025337952931850337
upstream_oil_eandp,2021-11-26,-0.08653056287241301,-0.08035006153092897,-0.006180501341484089
upstream_oil_eandp,2021-12-03,-0.16164569277252505,-0.15855150007043353,-0.003094192702091561
upstream_oil_eandp,2021-12-10,-0.060501643488957674,-0.09548802580905018,0.03498638232009248
upstream_oil_eandp,2021-12-17,-0.05554243280147189,-0.09196025066189867,0.03641781786042676
upstream_oil_eandp,2021-12-24,-0.024809254130841382,0.00014374523189369937,-0.024952999362735102
upstream_oil_eandp,2021-12-31,0.023285067237154476,0.1071506493646161,-0.08386558212746165
upstream_oil_eandp,2022-01-07,0.05978451778261227,0.07652238701341416,-0.016737869230801908
upstream_oil_eandp,2022-01-14,0.21441238982980473,0.13524600086405683,0.07916638896574789
upstream_oil_eandp,2022-01-21,0.09878517483774868,0.04498817305350808,0.053797001784240586
upstream_oil_eandp,2022-01-28,0.15046301907737214,0.04356930521558913,0.10689371386178298
upstream_oil_eandp,2022-02-04,0.10772308853003232,0.052344062467880176,0.05537902606215212
upstream_oil_eandp,2022-02-11,0.05333093353251728,0.04086684947137627,0.012464084061140995
upstream_oil_eandp,2022-02-18,0.08981308675143898,0.05368628976316052,0.036126796988278455
upstream_oil_eandp,2022-02-25,0.065887705676028,0.05981969078342581,0.006068014892602169
upstream_oil_eandp,2022-03-04,0.12412523292874039,0.12996828228067575,-0.005843049351935359
upstream_oil_eandp,2022-03-11,0.07350739579396384,0.10962466998340488,-0.036117274189441044
upstream_oil_eandp,2022-03-18,0.11399387168602398,0.15270020929162673,-0.038706337605602756
upstream_oil_eandp,2022-03-25,0.16019701380500648,0.18725244308505698,-0.027055429280050492
upstream_oil_eandp,2022-04-01,0.028004048298494906,-0.014511822433770222,0.04251587073226512
upstream_oil_eandp,2022-04-08,0.08085447555739908,-0.011498977580645716,0.0923534531380448
upstream_oil_eandp,2022-04-15,0.10911654175987472,0.016431842043185735,0.09268469971668898
upstream_oil_eandp,2022-04-22,-0.031197646827633152,-0.10240476951609373,0.07120712268846058
upstream_oil_eandp,2022-04-29,-0.04434253224703258,-0.030551199291223016,-0.013791332955809563
upstream_oil_eandp,2022-05-06,0.020149364783431642,0.007753980202076176,0.01239538458135546
upstream_oil_eandp,2022-05-13,-0.057713973393442655,-0.07540933968243228,0.017695366288989628
upstream_oil_eandp,2022-05-20,0.007923469845725947,-0.02402562904274872,0.031949098888474664
upstream_oil_eandp,2022-05-27,0.17299006443624437,0.04849492120341317,0.12449514323283119
upstream_oil_eandp,2022-06-03,0.12360781910366994,0.038781575713264085,0.08482624339040584
upstream_oil_eandp,2022-06-10,0.1918415235869075,0.05938935513716353,0.13245216844974397
upstream_oil_eandp,2022-06-17,0.013708193405177871,-0.019321233310694297,0.03302942671587217
upstream_oil_eandp,2022-06-24,-0.18632000147767613,-0.0660427299478498,-0.12027727152982631
upstream_oil_eandp,2022-07-01,-0.2406443233055786,-0.10352297154040746,-0.13712135176517115
upstream_oil_eandp,2022-07-08,-0.27622440084406324,-0.09326813948951071,-0.18295626135455254
upstream_oil_eandp,2022-07-15,-0.14850049375236804,-0.03695906414954169,-0.11154142960282633
upstream_oil_eandp,2022-07-22,-0.04389941403801775,-0.06686215423903923,0.022962740201021486
upstream_oil_eandp,2022-07-29,0.09386564247055143,-0.002090614619754766,0.09595625709030622
upstream_oil_eandp,2022-08-05,0.05074148276844935,-0.053813294666103954,0.10455477743455333
upstream_oil_eandp,2022-08-12,0.18392180620192328,0.010806718723559393,0.1731150874783639
upstream_oil_eandp,2022-08-19,0.1620643445097964,-0.024294700787214785,0.1863590452970112
upstream_oil_eandp,2022-08-26,0.09430007059417604,-0.06630014699344715,0.16060021758762322
upstream_oil_eandp,2022-09-02,0.12645099239091465,-0.05725535259071281,0.18370634498162747
upstream_oil_eandp,2022-09-09,0.027308540650817982,-0.06702329783483718,0.0943318384856552
upstream_oil_eandp,2022-09-16,-0.014531632296090616,-0.06134942465262646,0.04681779235653586
upstream_oil_eandp,2022-09-23,-0.214417833419282,-0.13853398325339267,-0.0758838501658893
upstream_oil_eandp,2022-09-30,-0.13204611920075882,-0.08032810699043001,-0.051718012210328776
upstream_oil_eandp,2022-10-07,0.031221278445415043,-0.010602386242399911,0.041823664687814996
upstream_oil_eandp,2022-10-14,0.006257773175241739,-0.027153431366904887,0.033411204542146675
upstream_oil_eandp,2022-10-21,0.2212647773418121,0.07816262678703972,0.14310215055477243
upstream_oil_eandp,2022-10-28,0.17329719522079406,0.09844007680147099,0.07485711841932315
upstream_oil_eandp,2022-11-04,0.06420137479134896,0.014191432429322666,0.050009942362026334
upstream_oil_eandp,2022-11-11,0.12406213048466862,0.08566366037472045,0.03839847010994822
upstream_oil_eandp,2022-11-18,0.01874523085765724,-0.02390607259201953,0.04265130344967681
upstream_oil_eandp,2022-11-25,0.02173033834622909,-0.07690271378987873,0.09863305213610787
upstream_oil_eandp,2022-12-02,-0.04434741349120093,-0.06729251163942745,0.022945098148226567
upstream_oil_eandp,2022-12-09,-0.18428329242118394,-0.17364657547081894,-0.010636716950364944
upstream_oil_eandp,2022-12-16,-0.12126763223340445,-0.08071984817030248,-0.040547784063101916
upstream_oil_eandp,2022-12-23,-0.08559287686930887,-0.007925350306502703,-0.07766752656280612
upstream_oil_eandp,2022-12-30,-0.07085323268742941,-0.02645543936196421,-0.04439779332546515
upstream_oil_eandp,2023-01-06,0.016935695754979788,0.0244604105319893,-0.00752471477700946
upstream_oil_eandp,2023-01-13,0.06210162580610286,0.07509155370980937,-0.01298992790370646
upstream_oil_eandp,2023-01-20,0.04148944223283016,0.04030002261773542,0.0011894196150947865
upstream_oil_eandp,2023-01-27,0.055675821472065797,0.0389481433574998,0.016727678114566047
upstream_oil_eandp,2023-02-03,0.0325026278581294,0.023573619701225935,0.008929008156903513
upstream_oil_eandp,2023-02-10,0.0015041701349953265,0.014829623363741183,-0.013325453228745808
upstream_oil_eandp,2023-02-17,-0.09571581988234265,-0.03258143925957262,-0.06313438062276999
upstream_oil_eandp,2023-02-24,-0.09006799099711643,-0.04113844570571008,-0.0489295452914063
upstream_oil_eandp,2023-03-03,0.01992386778716737,0.07254855167091856,-0.05262468388375115
upstream_oil_eandp,2023-03-10,-0.11536837770664775,-0.05860798176969309,-0.056760395936954616
upstream_oil_eandp,2023-03-17,-0.12870980352189235,-0.1285873744229089,-0.00012242909898339122
upstream_oil_eandp,2023-03-24,-0.11129801696376973,-0.09609314465986463,-0.015204872303905076
upstream_oil_eandp,2023-03-31,-0.08918251026089244,-0.061453073537128616,-0.027729436723763747
upstream_oil_eandp,2023-04-07,0.040676690449728284,0.0424986347998517,-0.0018219443501233529
upstream_oil_eandp,2023-04-14,0.16793499521382085,0.17119557609469624,-0.003260580880875316
upstream_oil_eandp,2023-04-21,0.07413235652594063,0.10876821028619323,-0.034635853760252536
upstream_oil_eandp,2023-04-28,-0.005442338842533092,0.01288110983800509,-0.018323448680538125
upstream_oil_eandp,2023-05-05,-0.07957024338632063,-0.07501918361779561,-0.004551059768524978
upstream_oil_eandp,2023-05-12,-0.15589808947321726,-0.11345200199102076,-0.04244608748219643
upstream_oil_eandp,2023-05-19,-0.057323708544002025,-0.04986087781942725,-0.00746283072457472
upstream_oil_eandp,2023-05-26,-0.0504270945260302,-0.03830512084305815,-0.012121973682971996
upstream_oil_eandp,2023-06-02,0.008805278257856416,0.024040129248336574,-0.015234850990480105
upstream_oil_eandp,2023-06-09,0.08294128699570331,0.035416838667657484,0.04752444832804589
upstream_oil_eandp,2023-06-16,0.04580391625409258,0.04313076741880711,0.0026731488352855284
upstream_oil_eandp,2023-06-23,-0.0031537540621829133,-0.004980512074330097,0.0018267580121472393
upstream_oil_eandp,2023-06-30,0.01932405657844389,0.014914296677069002,0.004409759901374939
upstream_oil_eandp,2023-07-07,0.0008808988526436187,0.04251314167618589,-0.04163224282354221
upstream_oil_eandp,2023-07-14,0.007241014931207695,0.02946677402703851,-0.022225759095830765
upstream_oil_eandp,2023-07-21,0.10679046752987853,0.08734222651241383,0.01944824101746475
upstream_oil_eandp,2023-07-28,0.09885353279287956,0.1002782713430837,-0.001424738550204089
upstream_oil_eandp,2023-08-04,0.10571837655505426,0.08955193930274598,0.016166437252308333
upstream_oil_eandp,2023-08-11,0.12892238677772505,0.08286465832339239,0.046057728454332716
upstream_oil_eandp,2023-08-18,0.07336368125555247,0.04375060605315816,0.02961307520239435
upstream_oil_eandp,2023-08-25,0.022978426424052803,0.0068449654716362714,0.016133460952416568
upstream_oil_eandp,2023-09-01,0.04720253342175666,0.04105516151107916,0.006147371910677551
upstream_oil_eandp,2023-09-08,0.010106921799085499,0.041114877166426395,-0.031007955367340856
upstream_oil_eandp,2023-09-15,-0.00663157995929619,0.10694634589977955,-0.1135779258590757
upstream_oil_eandp,2023-09-22,-0.02996466394487222,0.0856577631049444,-0.11562242704981655
upstream_oil_eandp,2023-09-29,-0.039380959712318094,0.04873824258034798,-0.08811920229266602
upstream_oil_eandp,2023-10-06,-0.09714476869022004,-0.010131680107276657,-0.08701308858294333
upstream_oil_eandp,2023-10-13,0.011823557698710047,-0.01935342393288873,0.031176981631598807
upstream_oil_eandp,2023-10-20,0.06296319528364912,-0.00020373193536826176,0.06316692721901743
upstream_oil_eandp,2023-10-27,-0.002690372705314331,-0.054545252090869425,0.05185487938555513
upstream_oil_eandp,2023-11-03,0.07777770851476792,-0.01165009949664005,0.08942780801140801
upstream_oil_eandp,2023-11-10,-0.08605663877161403,-0.06415484997861098,-0.021901788793002995
upstream_oil_eandp,2023-11-17,-0.07693429304618983,-0.05406080819405198,-0.022873484852137818
upstream_oil_eandp,2023-11-24,-0.04550190084752919,-0.006985375340171074,-0.038516525507358075
upstream_oil_eandp,2023-12-01,-0.06914151480602188,-0.007911625025590844,-0.06122988978043099
upstream_oil_eandp,2023-12-08,-0.02796880502718241,-0.017701243912497586,-0.010267561114684779
upstream_oil_eandp,2023-12-15,-0.027171372959881035,-0.01628971477220294,-0.010881658187678049
upstream_oil_eandp,2023-12-22,-0.004665956525753159,0.012350585430225932,-0.01701654195597905
upstream_oil_eandp,2023-12-29,-0.008572887607032422,0.002063906967181728,-0.010636794574214107
upstream_oil_eandp,2024-01-05,0.021594719053370893,0.03810171930793018,-0.016507000254559243
upstream_oil_eandp,2024-01-12,-0.02898338302798391,0.06303006395561246,-0.09201344698359633
upstream_oil_eandp,2024-01-19,-0.08854821292133849,0.039895091836093396,-0.12844330475743185
upstream_oil_eandp,2024-01-26,-0.03502426479297478,0.08451932001206547,-0.11954358480504021
upstream_oil_eandp,2024-02-02,-0.08296497654216169,0.049755355904958595,-0.13272033244712023
upstream_oil_eandp,2024-02-09,-0.036362055539055964,0.05781348271144408,-0.09417553825049998
upstream_oil_eandp,2024-02-16,0.06202418028347427,0.061608785900286386,0.0004153943831879253
upstream_oil_eandp,2024-02-23,0.015400469905690172,0.01949867887948939,-0.00409820897379918
upstream_oil_eandp,2024-03-01,0.10999779500107282,0.08099875319865721,0.02899904180241564
upstream_oil_eandp,2024-03-08,0.0795764332451196,0.0224348108183772,0.05714162242674243
upstream_oil_eandp,2024-03-15,0.06161386859155894,0.0275420561671975,0.03407181242436149
upstream_oil_eandp,2024-03-22,0.09729021479281486,0.042805541323368265,0.05448467346944664
upstream_oil_eandp,2024-03-29,0.08909787927844376,0.025263460407203807,0.06383441887124
upstream_oil_eandp,2024-04-05,0.13117214053391005,0.08180437601680804,0.04936776451710205
upstream_oil_eandp,2024-04-12,0.07899713344887029,0.057952301180813764,0.021044832268056566
upstream_oil_eandp,2024-04-19,0.020603954835557277,0.006149247435426317,0.014454707400131005
upstream_oil_eandp,2024-04-26,-0.006533279445359757,0.020967554585493958,-0.027500834030853665
upstream_oil_eandp,2024-05-03,-0.07707554504341804,-0.060134560499280315,-0.016940984544137692
upstream_oil_eandp,2024-05-10,-0.05814334298247333,-0.040560988536798466,-0.017582354445674832
upstream_oil_eandp,2024-05-17,-0.028872651000589503,0.017119058659218936,-0.0459917096598084
upstream_oil_eandp,2024-05-24,-0.05276594826979663,-0.04002205690014467,-0.012743891369651915
upstream_oil_eandp,2024-05-31,0.02346825958187257,-0.005610541712019439,0.02907880129389205
upstream_oil_eandp,2024-06-07,-0.04822156658678213,-0.03619927291457642,-0.012022293672205663
upstream_oil_eandp,2024-06-14,-0.06798692021907901,-0.024589978010916603,-0.043396942208162356
upstream_oil_eandp,2024-06-21,-0.027453785633341568,0.03588860063125042,-0.06334238626459193
upstream_oil_eandp,2024-06-28,-0.03291370279664899,0.04784648644484205,-0.080760189241491
upstream_oil_eandp,2024-07-05,0.028852251796221882,0.08067305347656052,-0.0518208016803386
upstream_oil_eandp,2024-07-12,0.0817666374746459,0.06159529798516136,0.020171339489484585
upstream_oil_eandp,2024-07-19,0.06973152030469924,-0.011371526916168682,0.08110304722086797
upstream_oil_eandp,2024-07-26,0.022783916314828484,-0.057175531056307606,0.07995944737113614
upstream_oil_eandp,2024-08-02,-0.06526083676817267,-0.14529650923063803,0.08003567246246542
upstream_oil_eandp,2024-08-09,-0.08763769448135236,-0.11858595820785749,0.030948263726505172
upstream_oil_eandp,2024-08-16,-0.06439126773414086,-0.0553727398167132,-0.009018527917427615
upstream_oil_eandp,2024-08-23,-0.042423075030593074,-0.022125121966341976,-0.02029795306425105
upstream_oil_eandp,2024-08-30,0.05213807095192574,0.046559055965640375,0.005579014986285411
upstream_oil_eandp,2024-09-06,-0.05627254933782713,-0.09154599480621188,0.0352734454683848
upstream_oil_eandp,2024-09-13,-0.09688029917794921,-0.07448443196356783,-0.022395867214381335
upstream_oil_eandp,2024-09-20,-0.05350215403290666,-0.024511596123899686,-0.02899055790900692
upstream_oil_eandp,2024-09-27,-0.09301825183315152,-0.04409915377541675,-0.048919098057734714
upstream_oil_eandp,2024-10-04,0.09366661659871353,0.14035036263046663,-0.04668374603175306
upstream_oil_eandp,2024-10-11,0.09483371275173545,0.11308812921068853,-0.018254416458953024
upstream_oil_eandp,2024-10-18,-0.00818788062014087,0.01821424003524367,-0.026402120655384477
upstream_oil_eandp,2024-10-25,0.02155740683055831,0.05448169269657711,-0.03292428586601874
upstream_oil_eandp,2024-11-01,-0.10756211621108513,-0.05402860502408672,-0.05353351118699837
upstream_oil_eandp,2024-11-08,-0.02173491626435002,-0.03319410043342936,0.011459184169079394
upstream_oil_eandp,2024-11-15,0.025008880995680674,-0.011014624396745172,0.036023505392425895
upstream_oil_eandp,2024-11-22,0.08401573593658543,0.026794137415043044,0.057221598521542426
upstream_oil_eandp,2024-11-29,0.09944011254303645,0.02286841061830744,0.07657170192472905
upstream_oil_eandp,2024-12-06,-0.04699396945252597,-0.010880980774876724,-0.0361129886776492
upstream_oil_eandp,2024-12-13,-0.03837063532649552,0.029144116008309337,-0.0675147513348048
upstream_oil_eandp,2024-12-20,-0.16989798480772764,-0.050744923611993224,-0.11915306119573436
upstream_oil_eandp,2024-12-27,-0.12268882144360055,0.001646288628094291,-0.12433511007169476
upstream_oil_eandp,2025-01-03,0.02198258163955255,0.03857233673949384,-0.016589755099941234
upstream_oil_eandp,2025-01-10,0.04415352729075861,0.041835460000823596,0.0023180672899350743
upstream_oil_eandp,2025-01-17,0.14933808055404033,0.1003254449695032,0.04901263558453718
upstream_oil_eandp,2025-01-24,0.07576424435598486,0.06001321024914168,0.015751034106843236
upstream_oil_eandp,2025-01-31,-0.052109098526148846,-0.007096758833930166,-0.04501233969221863
upstream_oil_eandp,2025-02-07,-0.09227659572745256,-0.03888637864927827,-0.053390217078174235
upstream_oil_eandp,2025-02-14,-0.0897493461388617,-0.06645288963196677,-0.023296456506894873
upstream_oil_eandp,2025-02-21,-0.05136441032070918,-0.062308557132181266,0.010944146811472134
upstream_oil_eandp,2025-02-28,-0.04099377743743,-0.05569941546410924,0.014705638026679294
upstream_oil_eandp,2025-03-07,-0.1114698987496822,-0.08006490918158721,-0.03140498956809496
upstream_oil_eandp,2025-03-14,-0.10583472110259129,-0.09389922740652268,-0.011935493696068576
upstream_oil_eandp,2025-03-21,-0.06798372732054711,-0.058373587155228564,-0.009610140165318498
upstream_oil_eandp,2025-03-28,-0.01826293422776765,-0.042457758326599704,0.024194824098832102
upstream_oil_eandp,2025-04-04,-0.11332461973176555,-0.15394969249565027,0.04062507276388476
upstream_oil_eandp,2025-04-11,-0.1576732899363164,-0.09364868414072064,-0.06402460579559571
upstream_oil_eandp,2025-04-18,-0.13881874711183542,-0.09065605280503906,-0.04816269430679633
upstream_oil_eandp,2025-04-25,-0.14294702650427424,-0.06778313127408468,-0.07516389523018951
upstream_oil_eandp,2025-05-02,0.036620742704446096,0.056690440944690675,-0.02006969824024453
upstream_oil_eandp,2025-05-09,0.0693375794623332,0.04268673140733994,0.026650848054993303
upstream_oil_eandp,2025-05-16,0.06665262769684124,0.06886962124753825,-0.0022169935506969676
upstream_oil_eandp,2025-05-23,0.015031140501463376,0.055413764776239355,-0.04038262427477594
upstream_oil_eandp,2025-05-30,0.020873394656055626,0.07393452083473243,-0.05306112617867677
upstream_oil_eandp,2025-06-06,0.06370968659098011,0.10029896996684352,-0.036589283375863355
upstream_oil_eandp,2025-06-13,0.1238135645307604,0.14355981648336089,-0.019746251952600453
upstream_oil_eandp,2025-06-20,0.15457126166237625,0.16277715285912336,-0.008205891196747101
upstream_oil_eandp,2025-06-27,0.082938659865048,0.10376753831295851,-0.02082887844791049
upstream_oil_eandp,2025-07-04,0.04248240846652124,0.07141384627350436,-0.0289314378069831
upstream_oil_eandp,2025-07-11,-0.03720094774026196,0.004045608311431373,-0.04124655605169331
upstream_oil_eandp,2025-07-18,-0.07295069463311554,-0.00661572571752474,-0.06633496891559079
upstream_oil_eandp,2025-07-25,0.024080697001599673,0.04628225840368407,-0.022201561402084367
upstream_oil_eandp,2025-08-01,-0.046050458242072545,0.004654716518796374,-0.05070517476086889
upstream_oil_eandp,2025-08-08,-0.062187263020398155,-0.027837677202280385,-0.03434958581811774
upstream_oil_eandp,2025-08-15,-0.00738344004894138,-0.0404347096262477,0.03305126957730635
upstream_oil_eandp,2025-08-22,0.011804648434770533,-0.017963436466609858,0.029768084901380415
upstream_oil_eandp,2025-08-29,0.07670959766105287,-0.0019807072743125904,0.07869030493536548
upstream_oil_eandp,2025-09-05,0.030346834538410097,-0.02259912583221076,0.05294596037062088
upstream_oil_eandp,2025-09-12,0.028483580306525688,0.009351634862205891,0.019131945444319818
upstream_oil_eandp,2025-09-19,-0.02970373315671172,0.03176813421968888,-0.06147186737640058
upstream_oil_eandp,2025-09-26,0.015204230750393108,0.06413679999033647,-0.04893256923994336
upstream_oil_eandp,2025-10-03,0.00797596109700699,0.04799183829968781,-0.0400158772026808
upstream_oil_eandp,2025-10-10,-0.058129915007406684,-0.007771634450757719,-0.05035828055664894
upstream_oil_eandp,2025-10-17,-0.05273028779355414,-0.05211485994867219,-0.0006154278448819352
upstream_oil_eandp,2025-10-24,-0.08502309196173996,-0.035339854001179935,-0.04968323796056001
upstream_oil_eandp,2025-10-31,-0.04320732579249929,0.027677223486496524,-0.0708845492789958
upstream_oil_eandp,2025-11-07,0.01420805629862455,0.011388408577842145,0.0028196477207824214
upstream_oil_eandp,2025-11-14,0.055262365981088864,0.020225577387533597,0.03503678859355528
upstream_oil_eandp,2025-11-21,-0.0012239880774286248,-0.07177722157355905,0.07055323349613044
upstream_oil_eandp,2025-11-28,0.027239066680541144,-0.05542843623745594,0.0826675029179971
upstream_oil_eandp,2025-12-05,0.06761966362916436,0.019719212331058632,0.047900451298105745
upstream_oil_eandp,2025-12-12,-0.010778660514131476,-0.016967992605710996,0.006189332091579538
upstream_oil_eandp,2025-12-19,-0.045619063864515946,0.009986127898475593,-0.05560519176299152
upstream_oil_eandp,2025-12-26,-0.06861805877457093,-0.008698485313881526,-0.05991957346068938
upstream_oil_eandp,2026-01-02,-0.06327143603344564,-0.03701519569585416,-0.026256240337591462
upstream_oil_eandp,2026-01-09,-0.04314744803757522,0.05116085194315686,-0.09430829998073206
upstream_oil_eandp,2026-01-16,0.05975797916911291,0.09230816822633345,-0.03255018905722052
upstream_oil_eandp,2026-01-23,0.08613963323602142,0.12214729841018987,-0.03600766517416844
upstream_oil_eandp,2026-01-30,0.10754375322146864,0.15202195068193,-0.04447819746046133
upstream_oil_eandp,2026-02-06,0.1663470166240899,0.07535759213947926,0.09098942448461067
upstream_oil_eandp,2026-02-13,0.1379655274308732,0.02775540731813299,0.11021012011274023
upstream_oil_eandp,2026-02-20,0.16475905460020895,0.03459363615200825,0.1301654184482007
upstream_oil_eandp,2026-02-27,0.10191156998133045,-0.007722526530148014,0.10963409651147848
upstream_oil_eandp,2026-03-06,0.12507077773604475,0.1887553322517937,-0.06368455451574892
upstream_oil_eandp,2026-03-13,0.12505853938380662,0.25256491843391626,-0.12750637905010961
upstream_oil_eandp,2026-03-20,0.13683361238113306,0.24417386546132103,-0.10734025308018792
upstream_oil_eandp,2026-03-27,0.19655316433517017,0.2594775484863988,-0.0629243841512286
upstream_oil_eandp,2026-04-03,0.0971515539036934,0.1468480166096012,-0.04969646270590776
upstream_oil_eandp,2026-04-10,0.03433084686000676,0.0788005311956519,-0.044469684335645104
upstream_oil_eandp,2026-04-17,-0.1020574734526815,-0.03101225250785919,-0.07104522094482228
upstream_oil_eandp,2026-04-24,-0.07699321612259301,0.04394087634638111,-0.12093409246897406
upstream_oil_eandp,2026-05-01,0.016390039728182926,0.03595510215094147,-0.019565062422758513
upstream_oil_eandp,2026-05-08,0.004571681927983594,0.07835935275480109,-0.07378767082681746
ofs_onshore,2021-06-04,0.10693168424693567,0.048792383530006825,0.05813930071692883
ofs_onshore,2021-06-11,0.09685240000678796,0.08337372108611435,0.0134786789206736
ofs_onshore,2021-06-18,0.05470983483790698,0.06137806331724742,-0.006668228479340451
ofs_onshore,2021-06-25,0.09465807996643935,0.08850411735495212,0.006153962611487224
ofs_onshore,2021-07-02,-0.08068070507802602,0.045310468510861124,-0.12599117358888717
ofs_onshore,2021-07-09,-0.11553662469397769,0.011836117347643525,-0.12737274204162125
ofs_onshore,2021-07-16,-0.17938084540960314,0.0037160668260949117,-0.18309691223569807
ofs_onshore,2021-07-23,-0.22449931123199865,-0.0395456176228883,-0.18495369360911038
ofs_onshore,2021-07-30,-0.18214818429798146,-0.023287633773964093,-0.1588605505240174
ofs_onshore,2021-08-06,-0.15635158150989648,-0.056755531835585155,-0.09959604967431135
ofs_onshore,2021-08-13,-0.046950008665709,-0.01016102674119975,-0.0367889819245093
ofs_onshore,2021-08-20,-0.13184673195318197,-0.10669723840423198,-0.025149493548950037
ofs_onshore,2021-08-27,-0.007243878644295876,-0.02140086382042479,0.014156985176128851
ofs_onshore,2021-09-03,0.004997499732214226,0.08637164326893715,-0.08137414353672295
ofs_onshore,2021-09-10,0.005146457639632101,0.10590867146955912,-0.10076221382992703
ofs_onshore,2021-09-17,0.10895685452591676,0.1934655857379159,-0.08450873121199916
ofs_onshore,2021-09-24,0.008546646704639782,0.08748586533683081,-0.07893921863219107
ofs_onshore,2021-10-01,0.11039443824754762,0.04904929113409812,0.06134514711344945
ofs_onshore,2021-10-08,0.17854589717332908,0.0569500742118606,0.12159582296146845
ofs_onshore,2021-10-15,0.20606624713772184,0.11499791642359057,0.09106833071413123
ofs_onshore,2021-10-22,0.15410002055259103,0.14335574010407967,0.01074428044851132
ofs_onshore,2021-10-29,0.013305869760785384,0.10355203887244382,-0.09024616911165849
ofs_onshore,2021-11-05,0.005871190348986463,0.08747897003946735,-0.08160777969048094
ofs_onshore,2021-11-12,-0.0865401243194056,0.03139186560719821,-0.11793198992660388
ofs_onshore,2021-11-19,-0.200504044515433,-0.049439137102895284,-0.15106490741253775
ofs_onshore,2021-11-26,-0.14679735722310058,-0.069672426752442,-0.07712493047065866
ofs_onshore,2021-12-03,-0.2238356147855996,-0.18105704599687616,-0.04277856878872348
ofs_onshore,2021-12-10,-0.08104998418530192,-0.11761083645671376,0.03656085227141179
ofs_onshore,2021-12-17,-0.01942505850131479,-0.10245912190561686,0.08303406340430201
ofs_onshore,2021-12-24,0.028318173062605402,-0.006204088738915321,0.03452226180152067
ofs_onshore,2021-12-31,0.04021690057690876,0.11112032991174757,-0.07090342933483886
ofs_onshore,2022-01-07,0.07673493466541674,0.07822361914046636,-0.0014886844750496564
ofs_onshore,2022-01-14,0.21087557135168558,0.13028841051005696,0.08058716084162859
ofs_onshore,2022-01-21,0.0785162836151397,0.017299295573618867,0.06121698804152077
ofs_onshore,2022-01-28,0.15757201804687135,0.012563528120489014,0.1450084899263823
ofs_onshore,2022-02-04,0.08346492555953794,0.020383644377713242,0.06308128118182463
ofs_onshore,2022-02-11,0.07752075045692935,0.01907037574227936,0.05845037471464995
ofs_onshore,2022-02-18,0.14559610233533793,0.044169145655651075,0.10142695667968679
ofs_onshore,2022-02-25,0.12657562181919316,0.06820249804565984,0.05837312377353328
ofs_onshore,2022-03-04,0.1732814961029716,0.11636194441670525,0.056919551686266334
ofs_onshore,2022-03-11,0.18645125996689343,0.10265029853735061,0.08380096142954277
ofs_onshore,2022-03-18,0.14327531335411128,0.1628769700761162,-0.019601656722004965
ofs_onshore,2022-03-25,0.1989344192651128,0.18704793318711518,0.011886486077997565
ofs_onshore,2022-04-01,0.07951654714246986,0.019608173324994968,0.05990837381747484
ofs_onshore,2022-04-08,0.021575682276891956,0.022405942486762316,-0.000830260209870412
ofs_onshore,2022-04-15,0.13369534621067425,0.03081007318189714,0.10288527302877708
ofs_onshore,2022-04-22,-0.04857123788911777,-0.10196724120971358,0.053396003320595756
ofs_onshore,2022-04-29,-0.07460520491246114,-0.05584458344059449,-0.01876062147186671
ofs_onshore,2022-05-06,-0.061359898258833014,-0.04215259691975198,-0.019207301339081075
ofs_onshore,2022-05-13,-0.1828480838226263,-0.1258083797280727,-0.05703970409455364
ofs_onshore,2022-05-20,-0.0824389706615053,-0.06354453442087636,-0.018894436240628983
ofs_onshore,2022-05-27,0.08665187263159854,0.03310201470428955,0.05354985792730896
ofs_onshore,2022-06-03,0.08851164059218493,0.03204396175465963,0.056467678837525244
ofs_onshore,2022-06-10,0.1280215021196347,0.05419881410477416,0.07382268801486047
ofs_onshore,2022-06-17,-0.06455389638993665,-0.03958440921111692,-0.024969487178819777
ofs_onshore,2022-06-24,-0.21748189348334726,-0.0786909693671796,-0.13879092411616767
ofs_onshore,2022-07-01,-0.25198014653162215,-0.11670772515411562,-0.13527242137750656
ofs_onshore,2022-07-08,-0.2659083685648432,-0.08859030506204263,-0.1773180635028006
ofs_onshore,2022-07-15,-0.16052165304516564,-0.018458645267830316,-0.14206300777733535
ofs_onshore,2022-07-22,-0.10091650125790906,-0.05491109494613112,-0.046005406311777984
ofs_onshore,2022-07-29,0.04976903850855799,0.03532326234475831,0.014445776163799648
ofs_onshore,2022-08-05,0.014031289963203616,-0.016594956611934296,0.030626246575137885
ofs_onshore,2022-08-12,0.1628862764557855,0.05700422530115738,0.10588205115462809
ofs_onshore,2022-08-19,0.11224361220005277,0.00583099151386255,0.10641262068619017
ofs_onshore,2022-08-26,0.02266208131177158,-0.04913844722096302,0.07180052853273455
ofs_onshore,2022-09-02,0.05710750046523749,-0.04846054053353478,0.10556804099877223
ofs_onshore,2022-09-09,0.0025032909033911623,-0.04693177399915531,0.04943506490254644
ofs_onshore,2022-09-16,-0.023959270233873627,-0.05423188959787208,0.030272619363998412
ofs_onshore,2022-09-23,-0.22919662149502515,-0.15646980150839684,-0.07272681998662836
ofs_onshore,2022-09-30,-0.14656946171118437,-0.10209582233686307,-0.044473639374321326
ofs_onshore,2022-10-07,-0.006253906002880005,-0.05061678839561297,0.044362882392732936
ofs_onshore,2022-10-14,-0.010147316254607026,-0.05642178844595319,0.04627447219134614
ofs_onshore,2022-10-21,0.2827789501356515,0.08621150925474352,0.19656744088090797
ofs_onshore,2022-10-28,0.3119459677586611,0.11632836698747176,0.1956176007711893
ofs_onshore,2022-11-04,0.17850543152751705,0.024782234417140888,0.15372319711037613
ofs_onshore,2022-11-11,0.26206848093317353,0.11822349392044601,0.14384498701272752
ofs_onshore,2022-11-18,0.06737509263128233,-0.009463719477602495,0.07683881210888481
ofs_onshore,2022-11-25,-0.03058207331156077,-0.06388342689478918,0.03330135358322841
ofs_onshore,2022-12-02,-0.0390523167332192,-0.04215586326925419,0.0031035465360349894
ofs_onshore,2022-12-09,-0.20386320602511127,-0.1741877609440587,-0.029675445081052573
ofs_onshore,2022-12-16,-0.10133560847296519,-0.08783493193597768,-0.0135006765369875
ofs_onshore,2022-12-23,-0.015775794607396254,-0.02217896612680123,0.00640317151940498
ofs_onshore,2022-12-30,-0.023991336321859492,-0.03703495012885989,0.013043613807000408
ofs_onshore,2023-01-06,0.09477453376192817,0.03434364391666633,0.06043088984526185
ofs_onshore,2023-01-13,0.1246339444039563,0.09714147350978679,0.02749247089416952
ofs_onshore,2023-01-20,0.017123420926991414,0.06150389243960239,-0.04438047151261095
ofs_onshore,2023-01-27,0.028114222105612173,0.06550015139418766,-0.037385929288575453
ofs_onshore,2023-02-03,0.025435423315980327,0.04445309960315838,-0.01901767628717803
ofs_onshore,2023-02-10,-0.03278507464382084,0.02605366124617836,-0.058838735889999175
ofs_onshore,2023-02-17,-0.02713174757218613,-0.018334300156278526,-0.008797447415907579
ofs_onshore,2023-02-24,-0.0680729213985365,-0.05241676831504875,-0.015656153083487723
ofs_onshore,2023-03-03,0.003437812145686156,0.05534408972955127,-0.051906277583865096
ofs_onshore,2023-03-10,-0.1416080132590543,-0.08710882427840963,-0.05449918898064465
ofs_onshore,2023-03-17,-0.23118616787627178,-0.15017859129374586,-0.08100757658252589
ofs_onshore,2023-03-24,-0.23018247334042596,-0.10450791897756112,-0.12567455436286482
ofs_onshore,2023-03-31,-0.21373650001165562,-0.06232396590888667,-0.15141253410276892
ofs_onshore,2023-04-07,-0.06522266496167062,0.046867188131793545,-0.11208985309346411
ofs_onshore,2023-04-14,0.0912650894236323,0.17455477173260336,-0.08328968230897103
ofs_onshore,2023-04-21,0.07245465433415027,0.11114550097902796,-0.03869084664487765
ofs_onshore,2023-04-28,-0.016550866966784542,0.016876417788715643,-0.033427284755500136
ofs_onshore,2023-05-05,-0.07864149877082051,-0.05468996575426513,-0.023951533016555327
ofs_onshore,2023-05-12,-0.11856907938818231,-0.09743609957138254,-0.021132979816799718
ofs_onshore,2023-05-19,-0.0336206343343494,-0.03118757954865479,-0.0024330547856945516
ofs_onshore,2023-05-26,-0.03209664510983545,-0.02722652644980994,-0.004870118660025454
ofs_onshore,2023-06-02,0.05257890517920453,0.04274323170529602,0.009835673473908561
ofs_onshore,2023-06-09,0.09730397731374969,0.054611815652702886,0.04269216166104687
ofs_onshore,2023-06-16,0.04549404763582904,0.06738880272237019,-0.02189475508654109
ofs_onshore,2023-06-23,0.015448177583862174,0.011529364424762538,0.003918813159099692
ofs_onshore,2023-06-30,0.027091949875935467,0.02444192358147998,0.0026500262944555535
ofs_onshore,2023-07-07,0.06320056331733909,0.040872557837143456,0.0223280054801957
ofs_onshore,2023-07-14,0.095135200512062,0.02989451296966536,0.0652406875423967
ofs_onshore,2023-07-21,0.18588174681976632,0.09580729036956658,0.09007445645019979
ofs_onshore,2023-07-28,0.1517833656211396,0.10252108299304818,0.04926228262809146
ofs_onshore,2023-08-04,0.11554509799441048,0.09498615715747838,0.020558940836932174
ofs_onshore,2023-08-11,0.07907759277745155,0.08096434193940841,-0.0018867491619567883
ofs_onshore,2023-08-18,0.026117497946569306,0.03662268076099838,-0.010505182814429002
ofs_onshore,2023-08-25,-0.02893147586983629,0.008487221774244805,-0.037418697644081025
ofs_onshore,2023-09-01,-0.00035667262079257245,0.050662118898718855,-0.05101879151951137
ofs_onshore,2023-09-08,0.029506422437775168,0.0469149334191189,-0.017408510981343668
ofs_onshore,2023-09-15,0.0651419290896619,0.12206298396649808,-0.056921054876836116
ofs_onshore,2023-09-22,0.05980236374471661,0.08943033615114818,-0.02962797240643149
ofs_onshore,2023-09-29,0.020062663100845084,0.04716424195810891,-0.02710157885726376
ofs_onshore,2023-10-06,-0.0841015552113426,-0.008333214438242989,-0.07576834077309955
ofs_onshore,2023-10-13,-0.04586923096783306,-0.03110438090377921,-0.014764850064053793
ofs_onshore,2023-10-20,-0.015853643390273633,-0.009138981420140543,-0.006714661970133035
ofs_onshore,2023-10-27,-0.09378778652609268,-0.0624879338741617,-0.03129985265193093
ofs_onshore,2023-11-03,-0.0035853533077343947,-0.00162816368269679,-0.0019571896250375493
ofs_onshore,2023-11-10,-0.14905109244389872,-0.044583258314401845,-0.10446783412949681
ofs_onshore,2023-11-17,-0.1278297488551776,-0.024041927155787648,-0.1037878216993899
ofs_onshore,2023-11-24,-0.0534625028203489,0.0240859832336529,-0.07754848605400175
ofs_onshore,2023-12-01,-0.06634007253534223,0.0010262789574252357,-0.0673663514927674
ofs_onshore,2023-12-08,-0.046547084735739507,-0.005611620239711096,-0.04093546449602835
ofs_onshore,2023-12-15,-0.03116587985449641,-0.01384352046460901,-0.01732235938988734
ofs_onshore,2023-12-22,-0.022600644871748933,0.013572475387624124,-0.03617312025937299
ofs_onshore,2023-12-29,-0.023303115357119236,0.007591434850438672,-0.030894550207557842
ofs_onshore,2024-01-05,0.024813070408503862,0.03500757152455003,-0.010194501116046107
ofs_onshore,2024-01-12,-0.0648822723933948,0.07221850811841099,-0.13710078051180574
ofs_onshore,2024-01-19,-0.09337102432886223,0.051092539458505934,-0.14446356378736813
ofs_onshore,2024-01-26,-0.007131695618758108,0.09362742993511425,-0.10075912555387229
ofs_onshore,2024-02-02,-0.05050444689267744,0.07470890360005372,-0.1252133504927311
ofs_onshore,2024-02-09,0.011208259359701763,0.059820078414555757,-0.04861181905485394
ofs_onshore,2024-02-16,0.07075009220675305,0.057704022031925296,0.013046070174827791
ofs_onshore,2024-02-23,-0.019938605550675666,0.00951161972104959,-0.02945022527172521
ofs_onshore,2024-03-01,0.0721805460229897,0.06402747324642392,0.008153072776565823
ofs_onshore,2024-03-08,0.06519817029098039,0.012431144863938072,0.05276702542704237
ofs_onshore,2024-03-15,0.04406074459319112,0.023210607537050953,0.020850137056140212
ofs_onshore,2024-03-22,0.07310095317130078,0.05536652662698114,0.017734426544319698
ofs_onshore,2024-03-29,0.057763900307652785,0.033885833238172514,0.023878067069480327
ofs_onshore,2024-04-05,0.10552660141972318,0.09375590915289983,0.011770692266823413
ofs_onshore,2024-04-12,0.045124402313686696,0.06439901946738738,-0.019274617153700633
ofs_onshore,2024-04-19,0.007680860430283255,-0.0010931182808130435,0.008773978711096354
ofs_onshore,2024-04-26,0.0024207025720691597,0.01840406309005095,-0.015983360517981736
ofs_onshore,2024-05-03,-0.0940520957788361,-0.05445076555447344,-0.0396013302243626
ofs_onshore,2024-05-10,-0.031619346068905235,-0.027723955955086806,-0.0038953901138183734
ofs_onshore,2024-05-17,0.03091948647735711,0.045573864404321415,-0.014654377926964245
ofs_onshore,2024-05-24,-0.008195452167572538,-0.01602562789422458,0.007830175726652098
ofs_onshore,2024-05-31,0.0731196280419058,0.010330138473595311,0.06278948956831054
ofs_onshore,2024-06-07,-0.026007978777375276,-0.029893115771648594,0.0038851369942733693
ofs_onshore,2024-06-14,-0.1220008423329824,-0.030685856766175076,-0.09131498556680728
ofs_onshore,2024-06-21,-0.07852277962507251,0.025557759450874577,-0.10408053907594701
ofs_onshore,2024-06-28,-0.06753419338245874,0.03215757585183983,-0.09969176923429851
ofs_onshore,2024-07-05,-0.02849114374849024,0.07954882623541124,-0.10803996998390142
ofs_onshore,2024-07-12,0.07930796599741707,0.06886810185898892,0.0104398641384282
ofs_onshore,2024-07-19,0.0827665913708798,-0.012745982198132083,0.09551257356901192
ofs_onshore,2024-07-26,0.08714672496266447,-0.05371929832810114,0.14086602329076567
ofs_onshore,2024-08-02,0.04090557878332493,-0.16216910514788066,0.20307468393120565
ofs_onshore,2024-08-09,-0.05119600781477716,-0.14259179042028175,0.09139578260550464
ofs_onshore,2024-08-16,-0.043235336496817274,-0.06076200072264211,0.01752666422582489
ofs_onshore,2024-08-23,-0.08485096506641959,-0.01767027586225723,-0.0671806892041623
ofs_onshore,2024-08-30,-0.005205832127038091,0.0580222193633247,-0.06322805149036272
ofs_onshore,2024-09-06,-0.05401241474294208,-0.09155671638293955,0.03754430163999753
ofs_onshore,2024-09-13,-0.09237356729407352,-0.06540120598233075,-0.026972361311742722
ofs_onshore,2024-09-20,-0.024074692320597904,-0.01784721851834392,-0.006227473802253917
ofs_onshore,2024-09-27,-0.06475475722998007,-0.020281591653944005,-0.044473165576036006
ofs_onshore,2024-10-04,0.10433590511601949,0.1757814463352617,-0.07144554121924213
ofs_onshore,2024-10-11,0.10361454725911598,0.1340635202082807,-0.03044897294916466
ofs_onshore,2024-10-18,-0.02578982945393906,0.054991747460412285,-0.08078157691435128
ofs_onshore,2024-10-25,0.004157549934337526,0.07041321412784572,-0.06625566419350813
ofs_onshore,2024-11-01,-0.12108829171765736,-0.03942891078425799,-0.08165938093339932
ofs_onshore,2024-11-08,0.001309977984845917,-0.013963941760177956,0.015273919745023942
ofs_onshore,2024-11-15,0.025281229411297512,-0.02430173154720154,0.049582960958499116
ofs_onshore,2024-11-22,0.12950880696212758,0.03651445200120322,0.09299435496092441
ofs_onshore,2024-11-29,0.17548131341917086,0.034652987425349654,0.14082832599382128
ofs_onshore,2024-12-06,-0.007857732742737322,-0.004278776087748989,-0.003578956654988266
ofs_onshore,2024-12-13,0.0445514678255532,0.03469300161771813,0.009858466207835138
ofs_onshore,2024-12-20,-0.12253078853245017,-0.06636161094905191,-0.05616917758339818
ofs_onshore,2024-12-27,-0.1036408459919132,-0.012098722884924602,-0.09154212310698853
ofs_onshore,2025-01-03,0.04147428237991341,0.026064304292284894,0.01540997808762859
ofs_onshore,2025-01-10,0.02569283263923931,0.024422435816659167,0.0012703968225802201
ofs_onshore,2025-01-17,0.18253238298012076,0.09482653300470274,0.08770584997541808
ofs_onshore,2025-01-24,0.13962254491010834,0.07523748861968127,0.06438505629042714
ofs_onshore,2025-01-31,-0.024683934309853175,-0.0046031385968911195,-0.020080795712961987
ofs_onshore,2025-02-07,-0.046498902549960155,-0.0174864903587626,-0.02901241219119749
ofs_onshore,2025-02-14,-0.10810733140956585,-0.05293439395343579,-0.055172937456129986
ofs_onshore,2025-02-21,-0.11064481480984961,-0.08422645743094712,-0.026418357378902413
ofs_onshore,2025-02-28,-0.07960052972601514,-0.07382589810445916,-0.0057746316215558854
ofs_onshore,2025-03-07,-0.14471132742472653,-0.11042585942675692,-0.03428546799796951
ofs_onshore,2025-03-14,-0.1641057980922678,-0.12353141897641036,-0.04057437911585737
ofs_onshore,2025-03-21,-0.13318268862763258,-0.0693304159546305,-0.06385227267300198
ofs_onshore,2025-03-28,-0.07106702374326959,-0.05791457353937496,-0.013152450203894543
ofs_onshore,2025-04-04,-0.1978469587465336,-0.17883144053479172,-0.019015518211741786
ofs_onshore,2025-04-11,-0.20079106722955764,-0.09736878684796307,-0.10342228038159448
ofs_onshore,2025-04-18,-0.1569448403811214,-0.10165288248420115,-0.05529195789692013
ofs_onshore,2025-04-25,-0.16403769554057426,-0.05228761431643415,-0.11175008122414004
ofs_onshore,2025-05-02,0.06510957432154063,0.10322757122368971,-0.03811799690214898
ofs_onshore,2025-05-09,0.044058425763600695,0.07616364429944625,-0.03210521853584544
ofs_onshore,2025-05-16,0.04335356685370769,0.1122112067514508,-0.06885763989774299
ofs_onshore,2025-05-23,-0.004408020686611155,0.09708939774968656,-0.10149741843629759
ofs_onshore,2025-05-30,-0.018122762322113576,0.10569573404604923,-0.1238184963681627
ofs_onshore,2025-06-06,0.06110950000737114,0.13169960819323007,-0.0705901081858588
ofs_onshore,2025-06-13,0.08132277554962317,0.16759600035436556,-0.0862732248047423
ofs_onshore,2025-06-20,0.12567523282775497,0.17266454495437047,-0.046989312126615376
ofs_onshore,2025-06-27,0.06010284491775686,0.1254435001014556,-0.06534065518369862
ofs_onshore,2025-07-04,0.0518493239303923,0.0874878185357315,-0.03563849460533906
ofs_onshore,2025-07-11,0.008957561620208873,0.012776157458255558,-0.0038185958380465533
ofs_onshore,2025-07-18,-0.05780575470953834,0.012739366229553677,-0.07054512093909188
ofs_onshore,2025-07-25,0.06102773443356703,0.05714132003435563,0.0038864143992115296
ofs_onshore,2025-08-01,-0.052449141617402495,0.0017357292792376244,-0.05418487089663998
ofs_onshore,2025-08-08,-0.07684457719551048,-0.01515219006609262,-0.06169238712941773
ofs_onshore,2025-08-15,-0.02686626705558486,-0.04084943282029142,0.013983165764706693
ofs_onshore,2025-08-22,-0.005527745402687634,-0.02509780365458463,0.01957005825189713
ofs_onshore,2025-08-29,0.08304171687346013,0.009715948310498091,0.07332576856296218
ofs_onshore,2025-09-05,0.05531168085703428,-0.016653487662443872,0.07196516851947829
ofs_onshore,2025-09-12,0.09368220880245495,0.021338633535037572,0.07234357526741753
ofs_onshore,2025-09-19,0.0302521607291784,0.06452744972061694,-0.034275288991438405
ofs_onshore,2025-09-26,0.08230505391389972,0.08729593981875788,-0.004990885904858008
ofs_onshore,2025-10-03,0.09801428085440873,0.07563742584922487,0.022376855005184
ofs_onshore,2025-10-10,0.007692640967845388,0.019095878498803114,-0.011403237530957566
ofs_onshore,2025-10-17,0.05715556855787395,-0.03757073447667494,0.09472630303454904
ofs_onshore,2025-10-24,0.08883945181410532,-0.019957286820778318,0.10879673863488379
ofs_onshore,2025-10-31,0.13334381959091093,0.04266336570531468,0.0906804538855964
ofs_onshore,2025-11-07,0.1907234072159111,0.005518607931876959,0.1852047992840343
ofs_onshore,2025-11-14,0.09109319575671194,-0.001977255706513069,0.09307045146322515
ofs_onshore,2025-11-21,-0.05400413401231811,-0.10217310240915842,0.04816896839684045
ofs_onshore,2025-11-28,-0.049272338034638805,-0.08029928733486115,0.031026949300222477
ofs_onshore,2025-12-05,0.05809132573207948,0.01916653958409926,0.03892478614798037
ofs_onshore,2025-12-12,0.0739618436332517,-0.012265527143209422,0.08622737077646127
ofs_onshore,2025-12-19,0.0645547715589668,0.02838648756850229,0.03616828399046465
ofs_onshore,2025-12-26,0.03377856336976286,-0.004025391972212369,0.037803955341975365
ofs_onshore,2026-01-02,-0.008001720851679175,-0.031826426626281476,0.02382470577460244
ofs_onshore,2026-01-09,0.06183681380720567,0.0692860659723844,-0.0074492521651786
ofs_onshore,2026-01-16,0.15609611923751507,0.11388992791891395,0.042206191318601274
ofs_onshore,2026-01-23,0.17978052232418174,0.13603375345430102,0.04374676886988085
ofs_onshore,2026-01-30,0.14827848331657034,0.15783696825406843,-0.00955848493749795
ofs_onshore,2026-02-06,0.13487387682629454,0.07010491266673219,0.06476896415956249
ofs_onshore,2026-02-13,0.0821059456356665,0.01619799386924416,0.06590795176642249
ofs_onshore,2026-02-20,0.07240519889735833,0.03622230684933829,0.03618289204802017
ofs_onshore,2026-02-27,0.03169418893300738,-0.0034727248718441402,0.03516691380485166
ofs_onshore,2026-03-06,-0.014323767856154149,0.16329112961052372,-0.17761489746667775
ofs_onshore,2026-03-13,0.011237982561830452,0.2221318297219118,-0.21089384716008125
ofs_onshore,2026-03-20,0.026507936845515397,0.18495658309916502,-0.1584486462536495
ofs_onshore,2026-03-27,0.09545190603811692,0.1945179540368832,-0.09906604799876617
ofs_onshore,2026-04-03,0.057562712307532994,0.11724064440832138,-0.059677932100788283
ofs_onshore,2026-04-10,0.03841599280402904,0.070855123448146,-0.03243913064411684
ofs_onshore,2026-04-17,0.0037961581564290893,0.018022065376475264,-0.01422590722004606
ofs_onshore,2026-04-24,0.07093666092653302,0.08831253706528912,-0.01737587613875599
ofs_onshore,2026-05-01,0.1268548815649755,0.07042584407084237,0.05642903749413326
ofs_onshore,2026-05-08,0.11248464405048031,0.10543114069186985,0.0070535033586105675
minerals_royalty,2021-06-04,0.020152265555120532,0.020350633158934494,-0.000198367603813962
minerals_royalty,2021-06-11,0.05104680287645779,0.039093800976740714,0.011953001899717076
minerals_royalty,2021-06-18,0.06587629179390264,0.02873498013508581,0.03714131165881683
minerals_royalty,2021-06-25,0.12101527495545858,0.04683697812857869,0.07417829682687989
minerals_royalty,2021-07-02,0.07783002413803057,0.025237231414319293,0.05259279272371127
minerals_royalty,2021-07-09,0.03725488712503795,0.006462567944162511,0.03079231918087543
minerals_royalty,2021-07-16,-0.013013640194720372,-0.001343567586509855,-0.01167007260821052
minerals_royalty,2021-07-23,-0.03684411990218853,-0.02290158537310943,-0.013942534529079103
minerals_royalty,2021-07-30,-0.010391294018698313,-0.016068511861302898,0.00567721784260458
minerals_royalty,2021-08-06,-0.014322786247849731,-0.03172979217747586,0.017407005929626122
minerals_royalty,2021-08-13,0.04606683424468224,-0.006310180605336061,0.0523770148500183
minerals_royalty,2021-08-20,-0.03028407630183544,-0.05439634058471979,0.024112264282884342
minerals_royalty,2021-08-27,-0.024486187689016132,-0.01135324005515044,-0.013132947633865702
minerals_royalty,2021-09-03,0.005567703985131331,0.03800172541998818,-0.032434021434856866
minerals_royalty,2021-09-10,-0.005311832464366805,0.047389161149847134,-0.052700993614213945
minerals_royalty,2021-09-17,0.06645498933005314,0.09110833918501647,-0.02465334985496334
minerals_royalty,2021-09-24,0.06291691127395294,0.04339294243196638,0.019523968841986546
minerals_royalty,2021-10-01,0.09560481811700325,0.029810651238225044,0.06579416687877819
minerals_royalty,2021-10-08,0.145524939508094,0.03771274204155515,0.10781219746653885
minerals_royalty,2021-10-15,0.1212870730078455,0.06173433576037135,0.05955273724747414
minerals_royalty,2021-10-22,0.14856668690468303,0.07270363492895195,0.07586305197573105
minerals_royalty,2021-10-29,0.07420963967933644,0.05027567771791692,0.023933961961419503
minerals_royalty,2021-11-05,0.05123784855520539,0.030985605352631493,0.02025224320257388
minerals_royalty,2021-11-12,0.03545746423652638,0.005107809730121258,0.03034965450640511
minerals_royalty,2021-11-19,-0.03867614439353264,-0.036438477573338374,-0.00223766682019428
minerals_royalty,2021-11-26,0.01316930522554689,-0.041870020998959215,0.05503932622450609
minerals_royalty,2021-12-03,-0.045390973419876524,-0.09649383514582936,0.051102861725952825
minerals_royalty,2021-12-10,-0.01445038686556014,-0.06276219653671694,0.04831180967115678
minerals_royalty,2021-12-17,-0.030233522170238114,-0.05657041701397526,0.026336894843737132
minerals_royalty,2021-12-24,-0.028300013289787394,-0.01076563506138676,-0.01753437822840065
minerals_royalty,2021-12-31,0.04437038448924548,0.0566065713466344,-0.012236186857388934
minerals_royalty,2022-01-07,0.11762366520912707,0.04097156032859113,0.0766521048805359
minerals_royalty,2022-01-14,0.1987579949899182,0.07241315564026973,0.12634483934964846
minerals_royalty,2022-01-21,0.1155474535828981,0.014784580614885575,0.10076287296801249
minerals_royalty,2022-01-28,0.10921015003568933,0.016602491805015857,0.09260765823067343
minerals_royalty,2022-02-04,0.06298659906196531,0.02276945918240242,0.040217139879562866
minerals_royalty,2022-02-11,0.029567508138058675,0.01731036116215568,0.012257146975902966
minerals_royalty,2022-02-18,0.02052160362500209,0.028843726319492887,-0.008322122694490827
minerals_royalty,2022-02-25,0.04964609780801241,0.03227585524226931,0.01737024256574306
minerals_royalty,2022-03-04,0.07760697886551701,0.07848629733462453,-0.0008793184691075692
minerals_royalty,2022-03-11,0.054910497428088165,0.06599298274943528,-0.011082485321347164
minerals_royalty,2022-03-18,0.11502557530046546,0.09121046507096933,0.02381511022949609
minerals_royalty,2022-03-25,0.1474648387075527,0.12445159352427912,0.023013245183273537
minerals_royalty,2022-04-01,0.0503994781112623,-0.009195468946295936,0.05959494705755819
minerals_royalty,2022-04-08,0.08765062449480387,0.0018081017346380183,0.08584252276016582
minerals_royalty,2022-04-15,0.11194854440801456,0.02226870480209591,0.08967983960591862
minerals_royalty,2022-04-22,0.003964411968455872,-0.0652619328483717,0.06922634481682752
minerals_royalty,2022-04-29,0.04108277523540046,-0.017216299583107754,0.05829907481850817
minerals_royalty,2022-05-06,0.04707354723821479,0.0006160443213579572,0.04645750291685679
minerals_royalty,2022-05-13,0.013337578675094146,-0.05226305332369373,0.06560063199878784
minerals_royalty,2022-05-20,0.07007729171512438,-0.016586239193731762,0.0866635309088561
minerals_royalty,2022-05-27,0.13991957897199575,0.028987647715224593,0.11093193125677112
minerals_royalty,2022-06-03,0.1526855992619381,0.022673242397876853,0.13001235686406118
minerals_royalty,2022-06-10,0.19102717016545054,0.038349609327000905,0.15267756083844958
minerals_royalty,2022-06-17,0.013411090301285289,-0.025432205477912778,0.038843295779198
minerals_royalty,2022-06-24,-0.1049697147612948,-0.050275015487700456,-0.05469469927359439
minerals_royalty,2022-07-01,-0.11894874749840154,-0.07654190511382708,-0.04240684238457451
minerals_royalty,2022-07-08,-0.15948404829364712,-0.0692611085525933,-0.09022293974105389
minerals_royalty,2022-07-15,-0.019229962229276126,-0.030447095746886855,0.01121713351761067
minerals_royalty,2022-07-22,0.07884682773622802,-0.04470737215706017,0.12355419989328813
minerals_royalty,2022-07-29,0.13500167216134348,-0.0022719456983438177,0.13727361785968722
minerals_royalty,2022-08-05,0.0979736132598113,-0.03372120677181699,0.1316948200316282
minerals_royalty,2022-08-12,0.1502874959032769,0.015553781139600788,0.13473371476367602
minerals_royalty,2022-08-19,0.08837617479075079,-0.005547542269392577,0.0939237170601433
minerals_royalty,2022-08-26,0.033767672483408395,-0.03472865352465565,0.06849632600806398
minerals_royalty,2022-09-02,0.06839324078206716,-0.029172574050751462,0.09756581483281856
minerals_royalty,2022-09-09,0.029529785560135975,-0.03149761138970771,0.061027396949843625
minerals_royalty,2022-09-16,0.007120174160192262,-0.034430558103071635,0.04155073226326382
minerals_royalty,2022-09-23,-0.11801683813678479,-0.08197361982747543,-0.03604321830930943
minerals_royalty,2022-09-30,-0.0383701731733745,-0.05396953862566099,0.01559936545228642
minerals_royalty,2022-10-07,0.035113015104754466,-0.015767048229698925,0.050880063334453315
minerals_royalty,2022-10-14,0.04538426821139437,-0.025585810062543304,0.07097007827393761
minerals_royalty,2022-10-21,0.1815592563817522,0.04269654600201912,0.138862710379733
minerals_royalty,2022-10-28,0.1443877848165647,0.05720844667664774,0.08717933813991688
minerals_royalty,2022-11-04,0.11435891278563877,0.005780362228498507,0.10857855055714019
minerals_royalty,2022-11-11,0.12960750336734578,0.05109618663712848,0.07851131673021722
minerals_royalty,2022-11-18,0.044779344505655336,-0.0151350150053179,0.05991435951097316
minerals_royalty,2022-11-25,0.0347810689243752,-0.04147141727147548,0.07625248619585061
minerals_royalty,2022-12-02,-0.009477188068237096,-0.038827531596435164,0.029350343528198
minerals_royalty,2022-12-09,-0.06600013440170273,-0.09822657905941957,0.03222644465771678
minerals_royalty,2022-12-16,-0.0009282507365532995,-0.047509508364162435,0.046581257627609056
minerals_royalty,2022-12-23,0.0372561630669761,-0.006956410741064699,0.04421257380804073
minerals_royalty,2022-12-30,0.032267621737939345,-0.017192378795971033,0.04946000053391031
minerals_royalty,2023-01-06,0.0073480464861208905,0.011366464975786039,-0.004018418489665207
minerals_royalty,2023-01-13,0.04075169216873696,0.04075857633418987,-6.884165452969437e-06
minerals_royalty,2023-01-20,-0.006459531483078088,0.015036608216210735,-0.021496139699288895
minerals_royalty,2023-01-27,-0.02281823107774556,0.01932584908228603,-0.04214408016003167
minerals_royalty,2023-02-03,0.02424449312048485,0.010852027893666127,0.01339246522681865
minerals_royalty,2023-02-10,-0.008002322774359544,0.006386109974928424,-0.014388432749288048
minerals_royalty,2023-02-17,-0.04952034231355179,-0.015832560734563718,-0.03368778157898816
minerals_royalty,2023-02-24,-0.04372620437635758,-0.02549601205012009,-0.018230192326237578
minerals_royalty,2023-03-03,0.028208283171289723,0.035811601491082146,-0.0076033183197925045
minerals_royalty,2023-03-10,-0.06252752305771372,-0.04224960920975205,-0.020277913847961758
minerals_royalty,2023-03-17,-0.0831055536505687,-0.07762230091535915,-0.005483252735209627
minerals_royalty,2023-03-24,-0.06581027553003586,-0.0604298772300705,-0.005380398299965443
minerals_royalty,2023-03-31,-0.059089545315957316,-0.03981827989088833,-0.019271265425069063
minerals_royalty,2023-04-07,0.03799469043084972,0.01805513690088858,0.019939553529961063
minerals_royalty,2023-04-14,0.09890418025117707,0.08845072605739684,0.010453454193780153
minerals_royalty,2023-04-21,0.07961571567392403,0.057808524540789316,0.02180719113313464
minerals_royalty,2023-04-28,0.0023393736715767444,0.005325477147279583,-0.002986103475702922
minerals_royalty,2023-05-05,-0.06607238597451333,-0.03597580935323667,-0.030096576621276742
minerals_royalty,2023-05-12,-0.07918749551110445,-0.059201040547807976,-0.01998645496329656
minerals_royalty,2023-05-19,-0.059568769571331434,-0.02218223167727372,-0.0373865378940578
minerals_royalty,2023-05-26,-0.04870548901458373,-0.01931202551632986,-0.029393463498253947
minerals_royalty,2023-06-02,-0.003388206822131779,0.016080243264186923,-0.01946845008631878
minerals_royalty,2023-06-09,-6.476055343580724e-05,0.022798664392620807,-0.022863424946056695
minerals_royalty,2023-06-16,-0.02471796081902807,0.025865739346837092,-0.05058370016586525
minerals_royalty,2023-06-23,-0.033368730622098934,0.0006570288041393146,-0.034025759426238325
minerals_royalty,2023-06-30,0.006683451825217186,0.011592144583943791,-0.004908692758726688
minerals_royalty,2023-07-07,0.006997226448822327,0.022897457573285394,-0.015900231124463152
minerals_royalty,2023-07-14,0.02699304902676577,0.014436125014046659,0.012556924012719028
minerals_royalty,2023-07-21,0.06678917232642717,0.046561211976438255,0.02022796034998883
minerals_royalty,2023-07-28,0.05665077865701401,0.05189110791476435,0.004759670742249578
minerals_royalty,2023-08-04,0.10651958693542163,0.047694991038468415,0.05882459589695312
minerals_royalty,2023-08-11,0.09979547906830652,0.04473114480055011,0.05506433426775633
minerals_royalty,2023-08-18,0.08296050005872493,0.021986580286237165,0.06097391977248769
minerals_royalty,2023-08-25,-0.0027561719604694973,0.0026347136686937353,-0.005390885629163324
minerals_royalty,2023-09-01,-0.01363960742628409,0.02511047488674421,-0.038750082313028386
minerals_royalty,2023-09-08,-0.019730249862702002,0.024164217752761025,-0.04389446761546312
minerals_royalty,2023-09-15,-0.009550675707209518,0.06496308912921228,-0.07451376483642189
minerals_royalty,2023-09-22,0.05000871148228584,0.05206792518021511,-0.002059213697929361
minerals_royalty,2023-09-29,0.017359965294544175,0.02892133258868194,-0.011561367294137847
minerals_royalty,2023-10-06,-0.0037537872985727617,-0.0018789833471620117,-0.0018748039514108316
minerals_royalty,2023-10-13,0.015078094764565751,-0.014329571569798102,0.029407666334363772
minerals_royalty,2023-10-20,-0.005543027651201815,-0.0013979222020103822,-0.004145105449191519
minerals_royalty,2023-10-27,-0.03934639544107995,-0.03277422342275326,-0.006572172018326775
minerals_royalty,2023-11-03,-0.014733291780651301,-0.010366091094012306,-0.004367200686639081
minerals_royalty,2023-11-10,-0.06563125443572192,-0.035516068308576475,-0.030115186127145525
minerals_royalty,2023-11-17,-0.022840514304800733,-0.02964938794250766,0.006808873637706846
minerals_royalty,2023-11-24,0.020384208584243953,-0.0018604638601634185,0.02224467244440729
minerals_royalty,2023-12-01,0.017694179433818027,-0.0047108247160228415,0.02240500414984078
minerals_royalty,2023-12-08,0.014385203826270405,-0.008344305020101011,0.02272950884637133
minerals_royalty,2023-12-15,-0.026603303335967603,-0.013468464206995535,-0.013134839128972153
minerals_royalty,2023-12-22,-0.014030422265341028,-5.979825656137264e-05,-0.013970624008779745
minerals_royalty,2023-12-29,-0.014164573712631627,-0.0023672365949924815,-0.01179733711763923
minerals_royalty,2024-01-05,0.014253875964917522,0.016570344016338986,-0.0023164680514215505
minerals_royalty,2024-01-12,0.03540053233437526,0.04490904050064908,-0.009508508166273903
minerals_royalty,2024-01-19,0.0017209362472741987,0.02469521269025695,-0.022974276442982836
minerals_royalty,2024-01-26,0.025159033327019374,0.04706494922288419,-0.021905915895864905
minerals_royalty,2024-02-02,-0.005256318879938576,0.028057858920889356,-0.033314177800828015
minerals_royalty,2024-02-09,-0.034788210170922734,0.017802596764319653,-0.05259080693524247
minerals_royalty,2024-02-16,-0.0008312424906472583,0.028527951166836978,-0.029359193657484323
minerals_royalty,2024-02-23,-0.01742262445576751,0.003410453205577294,-0.020833077661344887
minerals_royalty,2024-03-01,0.026596503511828448,0.03810180869427971,-0.011505305182451348
minerals_royalty,2024-03-08,0.028005843711380252,0.007051111248674984,0.020954732462705183
minerals_royalty,2024-03-15,0.03216934831332745,0.011965716242881739,0.02020363207044562
minerals_royalty,2024-03-22,0.04900675719692173,0.02495192873840409,0.02405482845851755
minerals_royalty,2024-03-29,0.041805455961713284,0.015181521415898735,0.026623934545814465
minerals_royalty,2024-04-05,0.08899954035079996,0.04878887414513629,0.040210666205663596
minerals_royalty,2024-04-12,0.056663686937892296,0.031209738023345236,0.025453948914546977
minerals_royalty,2024-04-19,0.010523182935269892,0.0017798396001148346,0.008743343335154972
minerals_royalty,2024-04-26,0.01748102386973911,0.010020588444713863,0.0074604354250251605
minerals_royalty,2024-05-03,-0.04203520152836292,-0.03321028589608895,-0.008824915632274047
minerals_royalty,2024-05-10,-0.012643497063978656,-0.01703373753523196,0.004390240471253217
minerals_royalty,2024-05-17,0.0231208194660157,0.018532566416556033,0.004588253049459583
minerals_royalty,2024-05-24,-0.0054283125399408015,-0.014756664299473858,0.009328351759532973
minerals_royalty,2024-05-31,0.03472462342802061,0.0006246996442217032,0.03409992378379882
minerals_royalty,2024-06-07,-0.010343751771565737,-0.019359579567345443,0.009015827795779623
minerals_royalty,2024-06-14,-0.023160988997229213,-0.019485316632466332,-0.0036756723647629642
minerals_royalty,2024-06-21,-0.008031866864586873,0.011055357227083012,-0.019087224091669967
minerals_royalty,2024-06-28,-0.012058826399599896,0.018962316880345692,-0.031021143279945675
minerals_royalty,2024-07-05,0.021679273377789,0.0376500446711618,-0.01597077129337288
minerals_royalty,2024-07-12,0.05560533485789717,0.03092523337324578,0.024680101484651305
minerals_royalty,2024-07-19,0.04890001048325924,-0.010368559738245697,0.05926857022150485
minerals_royalty,2024-07-26,0.029396755670057423,-0.03528664515789627,0.0646834008279536
minerals_royalty,2024-08-02,-0.02563774087727459,-0.09103531434177667,0.06539757346450198
minerals_royalty,2024-08-09,-0.022700259579579905,-0.07708103196985124,0.05438077239027125
minerals_royalty,2024-08-16,0.009105444349964084,-0.03679039230058655,0.04589583665055054
minerals_royalty,2024-08-23,0.02616712290033164,-0.01784194179319349,0.04400906469352504
minerals_royalty,2024-08-30,0.07244322023064169,0.026393457498923446,0.04604976273171815
minerals_royalty,2024-09-06,-0.01734634578646812,-0.051818061259579884,0.034471715473111675
minerals_royalty,2024-09-13,-0.034148645518052224,-0.040128982705187645,0.005980337187135323
minerals_royalty,2024-09-20,0.0019011434402197366,-0.011660856623340411,0.013562000063560058
minerals_royalty,2024-09-27,-0.0026931859696848566,-0.016124989686684254,0.013431803716999303
minerals_royalty,2024-10-04,0.08956958426697277,0.08484210176780856,0.004727482499164121
minerals_royalty,2024-10-11,0.10593487299836361,0.06625940913350059,0.039675463864862925
minerals_royalty,2024-10-18,0.048363267832907605,0.019113256945349818,0.02925001088755769
minerals_royalty,2024-10-25,0.04765418336133333,0.03079389488059259,0.01686028848074064
minerals_royalty,2024-11-01,0.00037624735723341615,-0.028226298996788055,0.028602546354021374
minerals_royalty,2024-11-08,0.048624693887421765,-0.016665511236668665,0.06529020512409033
minerals_royalty,2024-11-15,0.06167555517544046,-0.01054957491609653,0.07222513009153689
minerals_royalty,2024-11-22,0.12124558288371125,0.017127317377546906,0.10411826550616425
minerals_royalty,2024-11-29,0.11849691931229434,0.016957039642918403,0.10153987966937583
minerals_royalty,2024-12-06,-0.009876875598708097,-0.0027960030025623206,-0.007080872596145878
minerals_royalty,2024-12-13,-0.024686473433694532,0.017995206527939896,-0.042681679961634536
minerals_royalty,2024-12-20,-0.12641530134397314,-0.0308790838410697,-0.09553621750290354
minerals_royalty,2024-12-27,-0.10202036236309313,-0.0022972137494229865,-0.09972314861367024
minerals_royalty,2025-01-03,0.0025344018997976517,0.01949203606949403,-0.016957634169696475
minerals_royalty,2025-01-10,0.017423781620128143,0.02006015733781439,-0.0026363757176863425
minerals_royalty,2025-01-17,0.08949190006996421,0.05668685159941775,0.032805048470546376
minerals_royalty,2025-01-24,0.058100293243994405,0.03390767830035771,0.024192614943636608
minerals_royalty,2025-01-31,-0.020035156647292336,-0.00836973893967572,-0.01166541770761671
minerals_royalty,2025-02-07,-0.01767604762967703,-0.022053941942167046,0.0043778943124899205
minerals_royalty,2025-02-14,-0.03559399959064727,-0.04050718032023684,0.004913180729589476
minerals_royalty,2025-02-21,-0.025157205906726238,-0.041937858465956074,0.016780652559229736
minerals_royalty,2025-02-28,-0.0047125113521334205,-0.03766758339092661,0.03295507203879309
minerals_royalty,2025-03-07,-0.041149852307078655,-0.05314519164134156,0.011995339334262806
minerals_royalty,2025-03-14,-0.03910634715580532,-0.0627934199382169,0.023687072782411472
minerals_royalty,2025-03-21,-0.022775546377715155,-0.03908206264287622,0.016306516265160963
minerals_royalty,2025-03-28,-0.013820603637804588,-0.030697710616402286,0.016877106978597595
minerals_royalty,2025-04-04,-0.09049930396654682,-0.09497022905019417,0.0044709250836472425
minerals_royalty,2025-04-11,-0.07860484781540605,-0.05126581781228651,-0.027339030003119647
minerals_royalty,2025-04-18,-0.034836607827662416,-0.05538674581914334,0.02055013799148083
minerals_royalty,2025-04-25,-0.025222168796594193,-0.033726513839870687,0.008504345043276407
minerals_royalty,2025-05-02,0.08870882773513347,0.047493531436482946,0.04121529629865044
minerals_royalty,2025-05-09,0.03419097360062688,0.02955714427456091,0.004633829326065889
minerals_royalty,2025-05-16,0.01425327310042368,0.050625124132011874,-0.036371851031588284
minerals_royalty,2025-05-23,-0.009850255923939713,0.04230626035956422,-0.052156516283504026
minerals_royalty,2025-05-30,-0.033776804964242034,0.04403291896737266,-0.07780972393161478
minerals_royalty,2025-06-06,0.0075311479640032125,0.05820080052816433,-0.05066965256416121
minerals_royalty,2025-06-13,-0.00031072704295789094,0.07646884092532147,-0.07677956796827945
minerals_royalty,2025-06-20,0.003949108887181025,0.08252772716654994,-0.078578618279369
minerals_royalty,2025-06-27,0.009222732817047323,0.05615571765045766,-0.046932984833410435
minerals_royalty,2025-07-04,0.013195229943746192,0.039233946547119716,-0.02603871660337362
minerals_royalty,2025-07-11,-0.01006185583107423,0.004987866177648617,-0.01504972200872294
minerals_royalty,2025-07-18,-0.02166226190888909,0.003785536376633883,-0.02544779828552307
minerals_royalty,2025-07-25,0.0022914040648823256,0.027048446385535517,-0.02475704232065329
minerals_royalty,2025-08-01,-0.022000831625522615,-0.0013017635259954061,-0.020699068099527304
minerals_royalty,2025-08-08,-0.0014583111759504247,-0.01273497818045969,0.011276667004509171
minerals_royalty,2025-08-15,0.01886320988049996,-0.02386183817187623,0.04272504805237609
minerals_royalty,2025-08-22,0.02841168541730603,-0.0149893976370187,0.043401083054324635
minerals_royalty,2025-08-29,0.050086568475851696,0.0010700604354378852,0.049016508040413714
minerals_royalty,2025-09-05,0.016787628751944138,-0.01282734875774879,0.02961497750969283
minerals_royalty,2025-09-12,0.03483105100412609,0.003281359667138821,0.03154969133698718
minerals_royalty,2025-09-19,0.007227400625486094,0.024193316365355832,-0.01696591573986984
minerals_royalty,2025-09-26,0.03719542328645663,0.036553771030677196,0.0006416522557793312
minerals_royalty,2025-10-03,0.03065948608292016,0.03136952174830866,-0.0007100356653886135
minerals_royalty,2025-10-10,-0.04125090259914175,0.003735521016060969,-0.04498642361520282
minerals_royalty,2025-10-17,-0.037504493709737984,-0.023462412604677234,-0.014042081105060845
minerals_royalty,2025-10-24,-0.05340344075244606,-0.01485888313270356,-0.038544557619742584
minerals_royalty,2025-10-31,-0.024796205151194625,0.017235851260983568,-0.04203205641217829
minerals_royalty,2025-11-07,0.04452544381037447,0.003920079724943806,0.040605364085430556
minerals_royalty,2025-11-14,0.08038336300210279,0.0026420026694504856,0.07774136033265219
minerals_royalty,2025-11-21,0.003831999591772703,-0.04444406019408637,0.04827605978585897
minerals_royalty,2025-11-28,-0.006662595652760519,-0.035898547290791415,0.029235951638030784
minerals_royalty,2025-12-05,0.01666461294231818,0.011060596035994245,0.005604016906323832
minerals_royalty,2025-12-12,-0.048830504244566725,-0.005877899419904697,-0.04295260482466212
minerals_royalty,2025-12-19,-0.02932969238855431,0.010357942221986998,-0.03968763461054141
minerals_royalty,2025-12-26,-0.028907013701281757,-0.005272418131388969,-0.023634595569892884
minerals_royalty,2026-01-02,-0.04349573037947167,-0.019586691977460234,-0.023909038402011543
minerals_royalty,2026-01-09,-0.00974184465703391,0.02531724127765469,-0.035059085934688705
minerals_royalty,2026-01-16,0.05353922025550348,0.0486426799106164,0.0048965403448869745
minerals_royalty,2026-01-23,0.08160855791829918,0.07921222373498141,0.0023963341833176752
minerals_royalty,2026-01-30,0.07597707567017808,0.07790947768924736,-0.0019324020190693795
minerals_royalty,2026-02-06,0.10083355552275257,0.03568384696815487,0.0651497085545976
minerals_royalty,2026-02-13,0.11353254006244076,0.0055570826445768395,0.10797545741786382
minerals_royalty,2026-02-20,0.11474705982062308,-0.003812084283101584,0.11855914410372456
minerals_royalty,2026-02-27,0.11550373512442348,-0.013664905901933463,0.12916864102635686
minerals_royalty,2026-03-06,0.09770413182122754,0.08800408891090333,0.009700042910324086
minerals_royalty,2026-03-13,0.06083714026219249,0.12957309435713568,-0.06873595409494332
minerals_royalty,2026-03-20,0.049490324440445085,0.10983373326260087,-0.0603434088221559
minerals_royalty,2026-03-27,0.050263128330656714,0.11951706994750318,-0.06925394161684659
minerals_royalty,2026-04-03,0.007283539447383615,0.08195947702515036,-0.07467593757776685
minerals_royalty,2026-04-10,-0.03950112366909231,0.028365625869250916,-0.06786674953834335
minerals_royalty,2026-04-17,-0.06516516117455624,-0.008804548625446648,-0.056360612549109707
minerals_royalty,2026-04-24,-0.05315625029924418,0.03391892494071184,-0.08707517523995613
minerals_royalty,2026-05-01,0.006661308486453264,0.019647167907285486,-0.012985859420832344
minerals_royalty,2026-05-08,0.010798127508586913,0.06548163780676408,-0.05468351029817729
midstream_gpt,2021-06-04,0.05938418625088805,0.020294647816578505,0.03908953843430954
midstream_gpt,2021-06-11,0.06544815013685917,0.0423984963046352,0.023049653832223974
midstream_gpt,2021-06-18,0.0013589708864664846,0.03233391050081378,-0.030974939614347302
midstream_gpt,2021-06-25,0.04889261538929823,0.04521670512726317,0.0036759102620350613
midstream_gpt,2021-07-02,0.007220245389413669,0.03103695428029677,-0.023816708890883102
midstream_gpt,2021-07-09,-0.02941817456848108,0.015133348811349534,-0.044551523379830614
midstream_gpt,2021-07-16,-0.03369906741576311,0.011158487210074786,-0.044857554625837896
midstream_gpt,2021-07-23,-0.06479118192066292,-0.0057584097244487605,-0.05903277219621416
midstream_gpt,2021-07-30,-0.056149329483435616,-0.00515562657319372,-0.050993702910241884
midstream_gpt,2021-08-06,-0.03856594775697911,-0.021540633510698067,-0.017025314246281033
midstream_gpt,2021-08-13,0.004194878142721274,0.0011803121345200212,0.003014566008201257
midstream_gpt,2021-08-20,-0.04633396403836679,-0.043941187645946636,-0.0023927763924201425
midstream_gpt,2021-08-27,0.0074226803153652,-0.006618013201469361,0.014040693516834566
midstream_gpt,2021-09-03,0.016844705816275948,0.03545444095917415,-0.01860973514289819
midstream_gpt,2021-09-10,0.014607120908915232,0.037881869431071885,-0.023274748522156642
midstream_gpt,2021-09-17,0.08940255651563264,0.07453842120221424,0.014864135313418438
midstream_gpt,2021-09-24,0.05331762106435271,0.03133151754339657,0.02198610352095617
midstream_gpt,2021-10-01,0.08979297333815506,0.014640549681794176,0.0751524236563609
midstream_gpt,2021-10-08,0.13166952508430452,0.023772654211707527,0.10789687087259701
midstream_gpt,2021-10-15,0.14253762239975282,0.049540628302870204,0.09299699409688261
midstream_gpt,2021-10-22,0.09486959097882286,0.061200483549638904,0.033669107429183956
midstream_gpt,2021-10-29,0.011713190812268279,0.052817297885430596,-0.04110410707316231
midstream_gpt,2021-11-05,0.0021589532721819453,0.044849597635523784,-0.04269064436334183
midstream_gpt,2021-11-12,-0.05880362849728406,0.015347900299007577,-0.07415152879629162
midstream_gpt,2021-11-19,-0.07595276865310732,-0.019480627984775123,-0.056472140668332185
midstream_gpt,2021-11-26,-0.013203971997387254,-0.03025343833135885,0.0170494663339716
midstream_gpt,2021-12-03,-0.06993610705032344,-0.08307744836105348,0.013141341310730036
midstream_gpt,2021-12-10,-0.03709296866434657,-0.04690264149471289,0.009809672830366323
midstream_gpt,2021-12-17,-0.020135581856243725,-0.0436572205721013,0.02352163871585758
midstream_gpt,2021-12-24,-0.03109499991950816,-0.0025085957420920707,-0.02858640417741608
midstream_gpt,2021-12-31,0.021484521171801437,0.05496483069785818,-0.03348030952605674
midstream_gpt,2022-01-07,0.06605045942155832,0.02760116532502091,0.038449294096537426
midstream_gpt,2022-01-14,0.12144591358764925,0.05409889718321619,0.06734701640443307
midstream_gpt,2022-01-21,0.056699621155971026,-0.004921253599056895,0.06162087475502794
midstream_gpt,2022-01-28,0.05622577347713105,-0.004880926389548524,0.06110669986667958
midstream_gpt,2022-02-04,0.03252749221244283,0.009017146668778387,0.023510345543664463
midstream_gpt,2022-02-11,0.024329691546435172,0.0014971890743831905,0.022832502472052
midstream_gpt,2022-02-18,0.05049723762662306,0.017700288203418253,0.032796949423204824
midstream_gpt,2022-02-25,0.04774517099852013,0.02114722354687451,0.026597947451645645
midstream_gpt,2022-03-04,0.0904807489435786,0.06169606096655511,0.028784687977023514
midstream_gpt,2022-03-11,0.03598270598097658,0.042600723277125704,-0.006618017296149099
midstream_gpt,2022-03-18,0.046852712770365554,0.07377510819348984,-0.026922395423124263
midstream_gpt,2022-03-25,0.10285116249701265,0.09376419656302079,0.009086965933991883
midstream_gpt,2022-04-01,0.011051794566197062,-0.012204603596999763,0.023256398163196856
midstream_gpt,2022-04-08,0.060483082998051094,-0.0021510947587598597,0.06263417775681099
midstream_gpt,2022-04-15,0.09849315191090216,-0.001254935517724801,0.099748087428627
midstream_gpt,2022-04-22,-0.0030811862161896388,-0.07182560440967518,0.06874441819348558
midstream_gpt,2022-04-29,-0.01825732699267924,-0.043503595453156206,0.025246268460477006
midstream_gpt,2022-05-06,0.0015540448662595338,-0.026191571047558627,0.0277456159138182
midstream_gpt,2022-05-13,-0.046551730251513226,-0.06029032721489633,0.013738596963383143
midstream_gpt,2022-05-20,-0.002157663928584845,-0.027442913679983687,0.025285249751398883
midstream_gpt,2022-05-27,0.09232236514045163,0.027758085231773366,0.0645642799086783
midstream_gpt,2022-06-03,0.06543604862603285,0.022430057500112965,0.04300599112591993
midstream_gpt,2022-06-10,0.06018660530481821,0.019067354878481026,0.041119250426337225
midstream_gpt,2022-06-17,-0.06822113813421646,-0.041430053583527256,-0.026791084550689168
midstream_gpt,2022-06-24,-0.12527573613844936,-0.057882808525124924,-0.06739292761332438
midstream_gpt,2022-07-01,-0.10658086517478729,-0.06923722301507404,-0.037343642159713225
midstream_gpt,2022-07-08,-0.08000392191057909,-0.04982101383595488,-0.03018290807462416
midstream_gpt,2022-07-15,0.02635405258468678,-0.004579769052222286,0.03093382163690912
midstream_gpt,2022-07-22,0.04262709944660528,-0.023962753006816224,0.06658985245342156
midstream_gpt,2022-07-29,0.08737692684462672,0.020559286721250448,0.06681764012337632
midstream_gpt,2022-08-05,0.052683106926161315,-0.007404353693295333,0.0600874606194567
midstream_gpt,2022-08-12,0.1150785402717749,0.035917036528586646,0.07916150374318831
midstream_gpt,2022-08-19,0.0931053383588157,0.005373258634542806,0.08773207972427294
midstream_gpt,2022-08-26,0.019227306059048113,-0.03903736265173873,0.0582646687107869
midstream_gpt,2022-09-02,0.018607481287199655,-0.04108530828958936,0.05969278957678908
midstream_gpt,2022-09-09,-0.021893351349288964,-0.044834636620369045,0.022941285271080133
midstream_gpt,2022-09-16,-0.041599732408931486,-0.054715938303712165,0.013116205894780734
midstream_gpt,2022-09-23,-0.14106772467293474,-0.0998822552978249,-0.04118546937510978
midstream_gpt,2022-09-30,-0.0946613752794376,-0.07453913764753688,-0.020122237631900672
midstream_gpt,2022-10-07,-0.05315556326181986,-0.04543548466003627,-0.0077200786017835536
midstream_gpt,2022-10-14,-0.046366756330096084,-0.047082338425277925,0.0007155820951818895
midstream_gpt,2022-10-21,0.09526789903673688,0.02857693655338395,0.06669096248335298
midstream_gpt,2022-10-28,0.11621726131133342,0.06110873680721528,0.055108524504118184
midstream_gpt,2022-11-04,0.09111497257949752,0.007853499839470816,0.08326147274002675
midstream_gpt,2022-11-11,0.12312055264699173,0.06943907260402252,0.05368148004296927
midstream_gpt,2022-11-18,0.05977762179576631,0.008245967831140621,0.05153165396462573
midstream_gpt,2022-11-25,0.04090275839531676,-0.02065060673052769,0.061553365125844486
midstream_gpt,2022-12-02,0.03452947138759201,-0.0005021819130758311,0.03503165330066788
midstream_gpt,2022-12-09,-0.0538808795043554,-0.07733192777991589,0.023451048275560535
midstream_gpt,2022-12-16,-0.025478351276405443,-0.035256807936592964,0.009778456660187552
midstream_gpt,2022-12-23,-0.0063486526256892675,-0.013914398853763558,0.007565746228074327
midstream_gpt,2022-12-30,-0.02721659704985034,-0.03142083513208371,0.004204238082233413
midstream_gpt,2023-01-06,0.043860366185311465,0.011243667484100696,0.032616698701210804
midstream_gpt,2023-01-13,0.06393427150118866,0.04477497786012565,0.019159293641063058
midstream_gpt,2023-01-20,0.01697492082100356,0.03017355860189505,-0.013198637780891448
midstream_gpt,2023-01-27,0.015254453733958106,0.03834778478693475,-0.023093331052976597
midstream_gpt,2023-02-03,0.006915788891054999,0.024324443094918227,-0.017408654203863182
midstream_gpt,2023-02-10,-0.019089728478568036,0.006567330388077233,-0.025657058866645228
midstream_gpt,2023-02-17,-0.026494043807865606,-0.014320897653023162,-0.012173146154842402
midstream_gpt,2023-02-24,-0.008554558325880167,-0.03496064302406419,0.026406084698184062
midstream_gpt,2023-03-03,0.021239667742576736,0.015572835990097348,0.00566683175247943
midstream_gpt,2023-03-10,-0.03896136191235726,-0.043310298432042635,0.004348936519685421
midstream_gpt,2023-03-17,-0.06325561149896736,-0.060909132435295395,-0.0023464790636719274
midstream_gpt,2023-03-24,-0.06979244838570897,-0.033697529424067216,-0.03609491896164172
midstream_gpt,2023-03-31,-0.041249180009104186,-0.015213906699833503,-0.02603527330927064
midstream_gpt,2023-04-07,0.021222179834419427,0.0393189160796084,-0.018096736245188937
midstream_gpt,2023-04-14,0.09517402789390834,0.08471652837168406,0.010457499522224327
midstream_gpt,2023-04-21,0.05994156130510997,0.05256319755466579,0.007378363750444214
midstream_gpt,2023-04-28,0.023213734423318214,0.009736951820075116,0.013476782603243143
midstream_gpt,2023-05-05,-0.008838431780391173,-0.031010079485033,0.02217164770464187
midstream_gpt,2023-05-12,-0.04328100905823751,-0.0476632618227051,0.004382252764467637
midstream_gpt,2023-05-19,-0.021281547520462064,-0.017718045374067577,-0.0035635021463944457
midstream_gpt,2023-05-26,-0.06084293793166619,-0.02107149249208212,-0.039771445439584024
midstream_gpt,2023-06-02,-0.0006136624690017967,0.015943655636794545,-0.016557318105796304
midstream_gpt,2023-06-09,0.021786085040911646,0.021412749941471697,0.0003733350994399899
midstream_gpt,2023-06-16,0.034608159649763104,0.030961283975506185,0.0036468756742569514
midstream_gpt,2023-06-23,0.033026422155585614,0.008793832011842851,0.0242325901437428
midstream_gpt,2023-06-30,0.048531333148834635,0.0137038460830088,0.03482748706582586
midstream_gpt,2023-07-07,0.03307272745201397,0.016880226345390967,0.01619250110662303
midstream_gpt,2023-07-14,0.039210878225240116,0.016688472496248035,0.02252240572899211
midstream_gpt,2023-07-21,0.09019975473592945,0.04683297421568433,0.043366780520245146
midstream_gpt,2023-07-28,0.05933678432179825,0.04763961321882959,0.011697171102968695
midstream_gpt,2023-08-04,0.0675410972114666,0.04496079555643207,0.02258030165503456
midstream_gpt,2023-08-11,0.06955811484219789,0.028210562614552296,0.04134755222764562
midstream_gpt,2023-08-18,0.03236097880185142,0.0023754406611656044,0.029985538140685837
midstream_gpt,2023-08-25,0.004612162839679792,-0.01054624386024659,0.015158406699926416
midstream_gpt,2023-09-01,0.020609679247215584,0.020588627016914624,2.1052230300994124e-05
midstream_gpt,2023-09-08,-0.01704268777167391,0.018996822066834472,-0.03603950983850834
midstream_gpt,2023-09-15,0.0031747013227599588,0.05599738015317375,-0.05282267883041376
midstream_gpt,2023-09-22,0.0035879163475165295,0.03515248386677525,-0.03156456751925868
midstream_gpt,2023-09-29,-0.008684330341663497,0.004983080407676209,-0.013667410749339675
midstream_gpt,2023-10-06,-0.0015161065183853725,-0.021800069551491545,0.020283963033106204
midstream_gpt,2023-10-13,0.040759803953786145,-0.024348377710978933,0.06510818166476512
midstream_gpt,2023-10-20,0.04221270229037077,-0.016563678550814438,0.05877638084118523
midstream_gpt,2023-10-27,0.011534649671548672,-0.040335115388474604,0.051869765060023304
midstream_gpt,2023-11-03,0.07418661044351066,0.001650011404558803,0.07253659903895188
midstream_gpt,2023-11-10,-0.0016482614034109243,-0.024164583683047282,0.022516322279636382
midstream_gpt,2023-11-17,0.0328279652681874,0.0009041144306127895,0.03192385083757464
midstream_gpt,2023-11-24,0.06363676069744326,0.027127843961917846,0.036508916735525435
midstream_gpt,2023-12-01,0.018031655839963558,0.01418647460501171,0.003845181234951876
midstream_gpt,2023-12-08,0.02158789531444107,0.010932534687936667,0.010655360626504438
midstream_gpt,2023-12-15,-0.014477767110625782,0.010350096473520046,-0.024827863584145796
midstream_gpt,2023-12-22,-0.003509123122757772,0.023189569707718505,-0.02669869283047625
midstream_gpt,2023-12-29,-0.01740849379045706,0.015306101121137505,-0.032714594911594536
midstream_gpt,2024-01-05,0.017261155636576764,0.024214858197491508,-0.0069537025609147166
midstream_gpt,2024-01-12,0.013628282040149061,0.03423618830152743,-0.020607906261378334
midstream_gpt,2024-01-19,-0.008840846576760947,0.01840089840986377,-0.02724174498662469
midstream_gpt,2024-01-26,0.03787519018164693,0.03881061687975129,-0.0009354266981043274
midstream_gpt,2024-02-02,0.011315223243931617,0.03532024253080746,-0.024005019286875817
midstream_gpt,2024-02-09,0.015170557156321107,0.027135898871000853,-0.011965341714679716
midstream_gpt,2024-02-16,0.0586896508650033,0.030218979851179627,0.02847067101382371
midstream_gpt,2024-02-23,0.04342328549125517,0.009866447306707153,0.033556838184548056
midstream_gpt,2024-03-01,0.07847565736351886,0.03755444863835419,0.04092120872516471
midstream_gpt,2024-03-08,0.09848370524071656,0.0136001986489452,0.0848835065917714
midstream_gpt,2024-03-15,0.07050982771142432,0.015851400200558904,0.05465842751086545
midstream_gpt,2024-03-22,0.07081443833781223,0.029262819174828095,0.04155161916298419
midstream_gpt,2024-03-29,0.06561790132926588,0.018211306002393124,0.04740659532687281
midstream_gpt,2024-04-05,0.06895106614325444,0.03811571610830706,0.03083535003494743
midstream_gpt,2024-04-12,0.0352372768147061,0.02254268941974553,0.01269458739496061
midstream_gpt,2024-04-19,0.01148217513965745,-0.016428946671146527,0.027911121810804018
midstream_gpt,2024-04-26,0.011870843596897543,-0.007430395467410953,0.01930123906430854
midstream_gpt,2024-05-03,-0.016733443417003786,-0.032232302257554184,0.015498858840550437
midstream_gpt,2024-05-10,0.026797101743365324,-0.010851273964496179,0.037648375707861545
midstream_gpt,2024-05-17,0.05168174033819925,0.03227420556869669,0.0194075347695026
midstream_gpt,2024-05-24,0.011682171244662098,0.00027420983848961723,0.011407961406172522
midstream_gpt,2024-05-31,0.042758670785040476,0.007172025235258077,0.035586645549782435
midstream_gpt,2024-06-07,0.0023070055759087382,-0.008263617056787399,0.010570622632696178
midstream_gpt,2024-06-14,-0.02950843787516778,-0.005119475099026875,-0.024388962776140864
midstream_gpt,2024-06-21,0.01222552349190727,0.021281374752398496,-0.009055851260491186
midstream_gpt,2024-06-28,0.01753391322106329,0.02693713885088427,-0.009403225629820933
midstream_gpt,2024-07-05,0.04156092707620457,0.04544003446666793,-0.0038791073904633315
midstream_gpt,2024-07-12,0.06788859124085557,0.03469028495138691,0.0331983062894687
midstream_gpt,2024-07-19,0.072577485590504,-0.003924301203603677,0.07650178679410771
midstream_gpt,2024-07-26,0.024119325455506074,-0.022683499854731063,0.046802825310237176
midstream_gpt,2024-08-02,-0.017640000615602523,-0.06825473186791345,0.050614731252310974
midstream_gpt,2024-08-09,-0.017705631556517828,-0.06359942448718153,0.04589379293066373
midstream_gpt,2024-08-16,-0.016940925183649577,-0.01805796501957343,0.001117039835923886
midstream_gpt,2024-08-23,0.019506635948249793,0.0029813453646662645,0.016525290583583565
midstream_gpt,2024-08-30,0.0719863984842248,0.02967975114175201,0.04230664734247283
midstream_gpt,2024-09-06,0.019925088458440352,-0.03492773673647878,0.054852825194919165
midstream_gpt,2024-09-13,0.01264074642747303,-0.024582936633087128,0.0372236830605602
midstream_gpt,2024-09-20,0.029897549364875937,-0.0048401642414240865,0.03473771360630006
midstream_gpt,2024-09-27,0.0004071474898825877,-0.006316178372162359,0.00672332586204499
midstream_gpt,2024-10-04,0.09457795278926504,0.0760256196191861,0.018552333170078983
midstream_gpt,2024-10-11,0.0905418038354591,0.0523102995186216,0.03823150431683752
midstream_gpt,2024-10-18,0.05324871195406002,0.014027216843536094,0.03922149511052397
midstream_gpt,2024-10-25,0.0663114850231458,0.018888117177817635,0.047423367845328204
midstream_gpt,2024-11-01,-0.010423241576903174,-0.03018720738140459,0.019763965804501453
midstream_gpt,2024-11-08,0.07433820670335417,-0.01062250974551824,0.08496071644887243
midstream_gpt,2024-11-15,0.09115295233131364,-0.016731055037986164,0.10788400736929984
midstream_gpt,2024-11-22,0.150375957022373,0.015225031686188722,0.1351509253361843
midstream_gpt,2024-11-29,0.15695065575959044,0.02615625289670464,0.13079440286288585
midstream_gpt,2024-12-06,0.034919364596089256,0.002863927879194903,0.03205543671689439
midstream_gpt,2024-12-13,0.008758786265016055,0.022482306359455313,-0.013723520094439216
midstream_gpt,2024-12-20,-0.07301234269761923,-0.028648326964837597,-0.04436401573278159
midstream_gpt,2024-12-27,-0.057056191362708356,-0.011649582140883437,-0.04540660922182487
midstream_gpt,2025-01-03,0.014618823914674103,0.0026314690414518654,0.011987354873222278
midstream_gpt,2025-01-10,0.024117390565953495,0.0012019481391338203,0.022915442426819716
midstream_gpt,2025-01-17,0.12847649231309993,0.04524194853213902,0.08323454378096096
midstream_gpt,2025-01-24,0.11859795853190727,0.03316515948770832,0.08543279904419898
midstream_gpt,2025-01-31,0.026394078691592847,-0.0012237870845363055,0.027617865776129204
midstream_gpt,2025-02-07,0.04155756978996483,-0.0025899956344273955,0.044147565424392285
midstream_gpt,2025-02-14,-0.03890300500256614,-0.02257574260929088,-0.016327262393275203
midstream_gpt,2025-02-21,-0.051613677713290354,-0.031741309809285585,-0.019872367904004717
midstream_gpt,2025-02-28,-0.0014379730392464177,-0.024921217395310953,0.023483244356064588
midstream_gpt,2025-03-07,-0.09555194014413135,-0.047789139395601615,-0.04776280074852969
midstream_gpt,2025-03-14,-0.045996701539719305,-0.06103185718200284,0.015035155642283596
midstream_gpt,2025-03-21,-0.002811255167045376,-0.03697654148526409,0.034165286318218774
midstream_gpt,2025-03-28,-0.009316810441503386,-0.035851275118002686,0.026534464676499357
midstream_gpt,2025-04-04,-0.036082167507045196,-0.09186047540949088,0.05577830790244574
midstream_gpt,2025-04-11,-0.07354808952189194,-0.05520527796896216,-0.01834281155292973
midstream_gpt,2025-04-18,-0.055591538285417734,-0.05813996310440087,0.0025484248189831735
midstream_gpt,2025-04-25,-0.04689501573087686,-0.028035478225952367,-0.018859537504924445
midstream_gpt,2025-05-02,0.06138389449757503,0.05286029477019426,0.008523599727380812
midstream_gpt,2025-05-09,0.054031707846512206,0.03968710551635156,0.014344602330160681
midstream_gpt,2025-05-16,0.03819474543497171,0.062296029668498606,-0.02410128423352686
midstream_gpt,2025-05-23,0.01973926531157512,0.03858496669534248,-0.01884570138376732
midstream_gpt,2025-05-30,0.027215205351789708,0.04346690385452764,-0.016251698502737884
midstream_gpt,2025-06-06,0.04647772473694044,0.057959127224112075,-0.0114814024871716
midstream_gpt,2025-06-13,0.007064117219080957,0.06792096616453466,-0.06085684894545367
midstream_gpt,2025-06-20,0.017023699877640353,0.08058685723819208,-0.06356315736055168
midstream_gpt,2025-06-27,0.021511715216503153,0.06015397361682538,-0.03864225840032219
midstream_gpt,2025-07-04,-0.0157963771877435,0.04624483453681234,-0.0620412117245558
midstream_gpt,2025-07-11,-0.030964109278992537,0.012201248345963716,-0.04316535762495622
midstream_gpt,2025-07-18,-0.013709195062002034,0.010538864666841117,-0.02424805972884312
midstream_gpt,2025-07-25,-0.037965426361199886,0.026869057765664294,-0.06483448412686414
midstream_gpt,2025-08-01,-0.008816932779454771,0.0026094844563000173,-0.011426417235754754
midstream_gpt,2025-08-08,0.00918567686200673,-0.0027253783582052832,0.01191105522021205
midstream_gpt,2025-08-15,-0.006881863861265253,-0.011861385554229885,0.004979521692964668
midstream_gpt,2025-08-22,0.01700703989982632,-0.005823527095059421,0.022830566994885775
midstream_gpt,2025-08-29,0.0074176231087386265,0.007382044347684754,3.557876105390791e-05
midstream_gpt,2025-09-05,0.0005740776219142034,-0.0021080662714948835,0.0026821438934091224
midstream_gpt,2025-09-12,0.009282840828285054,0.014800466967313535,-0.005517626139028445
midstream_gpt,2025-09-19,-0.012314639435945516,0.02952187271914416,-0.04183651215508964
midstream_gpt,2025-09-26,0.031550320173415636,0.038226282568738876,-0.006675962395323198
midstream_gpt,2025-10-03,0.006873012403041397,0.032348302201424234,-0.025475289798382796
midstream_gpt,2025-10-10,-0.049661182547914566,0.0026121962167991366,-0.05227337876471367
midstream_gpt,2025-10-17,-0.03042539314883768,-0.015590455214070367,-0.014834937934767277
midstream_gpt,2025-10-24,-0.07107969451706553,-0.003086510408425676,-0.06799318410863983
midstream_gpt,2025-10-31,-0.036486048266322506,0.019295645826727555,-0.05578169409305003
midstream_gpt,2025-11-07,0.027407157707272783,0.008316360735040534,0.019090796972232274
midstream_gpt,2025-11-14,0.03371503145831167,0.0022874457587738085,0.03142758569953789
midstream_gpt,2025-11-21,0.005761517719063899,-0.04414199151197666,0.04990350923104059
midstream_gpt,2025-11-28,0.036193035351300695,-0.027861177714613692,0.06405421306591441
midstream_gpt,2025-12-05,0.04446587439424536,0.0116164043584507,0.03284947003579469
midstream_gpt,2025-12-12,0.025122972312109054,-0.00425492261323936,0.029377894925348452
midstream_gpt,2025-12-19,0.005570407042840474,0.013554318801109706,-0.007983911758269194
midstream_gpt,2025-12-26,-0.003534953904542445,-0.0036237475543390773,8.879364979666633e-05
midstream_gpt,2026-01-02,-0.0033390658320188553,-0.01630100360600643,0.012961937773987608
midstream_gpt,2026-01-09,-0.011391114919322973,0.028298918751763737,-0.03969003367108668
midstream_gpt,2026-01-16,0.057543931244731304,0.04326262809897276,0.01428130314575857
midstream_gpt,2026-01-23,0.07257100600200586,0.056350426009959084,0.016220579992046815
midstream_gpt,2026-01-30,0.08386254582557058,0.06586396693229898,0.01799857889327164
midstream_gpt,2026-02-06,0.1423063384266053,0.02892165709724092,0.11338468132936441
midstream_gpt,2026-02-13,0.1507454054057487,0.009032873913237094,0.14171253149251165
midstream_gpt,2026-02-20,0.13811124748712778,0.013020753793952556,0.12509049369317524
midstream_gpt,2026-02-27,0.12432950495027167,0.0006164985398650325,0.12371300641040667
midstream_gpt,2026-03-06,0.09594474774729507,0.07643373520783277,0.019511012539462344
midstream_gpt,2026-03-13,0.04808838745077385,0.10126159622858968,-0.053173208777815804
midstream_gpt,2026-03-20,0.03332861287406838,0.07509494055004497,-0.04176632767597656
midstream_gpt,2026-03-27,0.03863184534206758,0.07462658802500122,-0.03599474268293361
midstream_gpt,2026-04-03,0.0024305997897788832,0.05699007659364639,-0.054559476803867475
midstream_gpt,2026-04-10,0.013653576306683703,0.027777482710528524,-0.01412390640384479
midstream_gpt,2026-04-17,-0.012254075968863208,0.015753740819728274,-0.028007816788591454
midstream_gpt,2026-04-24,-0.01749617774131001,0.05582476705230717,-0.07332094479361714
midstream_gpt,2026-05-01,0.047779462984327475,0.03474008067611741,0.013039382308210092
midstream_gpt,2026-05-08,0.025842587294508636,0.06828504670211219,-0.042442459407603515
ofs_offshore,2021-06-04,0.09137581967858258,0.042138331458674384,0.0492374882199082
ofs_offshore,2021-06-11,0.06933353853301183,0.0846487446439599,-0.01531520611094804
ofs_offshore,2021-06-18,0.0642743957209624,0.05688121930106621,0.007393176419896204
ofs_offshore,2021-06-25,0.052766488401810474,0.08922151124217424,-0.036455022840363754
ofs_offshore,2021-07-02,-0.11021194758174113,0.04685619567067551,-0.15706814325241664
ofs_offshore,2021-07-09,-0.10514138450064071,0.01155894933541517,-0.11670033383605588
ofs_offshore,2021-07-16,-0.18893777428248754,0.004695388769869864,-0.1936331630523574
ofs_offshore,2021-07-23,-0.19127476248913813,-0.03500469547319081,-0.15627006701594734
ofs_offshore,2021-07-30,-0.16360433477969163,-0.019101773813999842,-0.14450256096569178
ofs_offshore,2021-08-06,-0.13176686456820869,-0.04888910135019971,-0.08287776321800897
ofs_offshore,2021-08-13,-0.043729282271741596,-0.001800879213407092,-0.04192840305833451
ofs_offshore,2021-08-20,-0.13973708344197494,-0.09179599670214741,-0.047941086739827526
ofs_offshore,2021-08-27,-0.00508377481810196,-0.012346848690873796,0.00726307387277185
ofs_offshore,2021-09-03,0.010352182433950644,0.0833681184399889,-0.07301593600603826
ofs_offshore,2021-09-10,-0.002031675107913272,0.1009353283061866,-0.10296700341409987
ofs_offshore,2021-09-17,0.09657348038554572,0.17788753528999246,-0.08131405490444674
ofs_offshore,2021-09-24,-0.019631905612838667,0.08069769171345349,-0.10032959732629217
ofs_offshore,2021-10-01,0.06074893164361596,0.04851123041126819,0.012237701232347763
ofs_offshore,2021-10-08,0.12977197061733714,0.05416853123185088,0.07560343938548628
ofs_offshore,2021-10-15,0.1268668365421678,0.10700508023828945,0.01986175630387832
ofs_offshore,2021-10-22,0.10541287277875795,0.12995547220469866,-0.024542599425940722
ofs_offshore,2021-10-29,-0.04696663160100076,0.09098576287001865,-0.13795239447101942
ofs_offshore,2021-11-05,-0.02985589241346505,0.07234591840146393,-0.10220181081492902
ofs_offshore,2021-11-12,-0.10285235763144748,0.02136793410599376,-0.12422029173744126
ofs_offshore,2021-11-19,-0.19990821640322537,-0.045484629991812145,-0.15442358641141324
ofs_offshore,2021-11-26,-0.1544794924456436,-0.06755123998273485,-0.08692825246290875
ofs_offshore,2021-12-03,-0.22668611046481812,-0.15472402663560217,-0.07196208382921598
ofs_offshore,2021-12-10,-0.08363029309094613,-0.0967247953301642,0.013094502239218056
ofs_offshore,2021-12-17,-0.03234403841436035,-0.09293816338549617,0.0605941249711358
ofs_offshore,2021-12-24,0.01724972606045789,0.0034381889085682155,0.013811537151889652
ofs_offshore,2021-12-31,0.023683206462562306,0.10253355936307391,-0.07885035290051162
ofs_offshore,2022-01-07,0.07731263125467956,0.0668378173147473,0.010474813939932257
ofs_offshore,2022-01-14,0.19036026852478935,0.113281496987637,0.07707877153715234
ofs_offshore,2022-01-21,0.09303476624074843,-0.002849399302616684,0.0958841655433651
ofs_offshore,2022-01-28,0.1878386473730753,-0.00953783264252002,0.19737648001559532
ofs_offshore,2022-02-04,0.06094428573439682,0.0023870306008018094,0.058557255133595006
ofs_offshore,2022-02-11,0.024208894174298237,0.011766767496378628,0.012442126677919604
ofs_offshore,2022-02-18,0.08827256244770736,0.041189622631393405,0.047082939816313944
ofs_offshore,2022-02-25,0.0384606651810232,0.06278231747155354,-0.02432165229053034
ofs_offshore,2022-03-04,0.17331370479468616,0.10174949053805846,0.07156421425662772
ofs_offshore,2022-03-11,0.2770042203855363,0.08777951104051378,0.18922470934502256
ofs_offshore,2022-03-18,0.21067783068083096,0.15011459653088904,0.06056323414994197
ofs_offshore,2022-03-25,0.24249037373625737,0.16151402392872372,0.08097634980753368
ofs_offshore,2022-04-01,0.11833240011007946,0.0242992866990649,0.09403311341101461
ofs_offshore,2022-04-08,-0.054836670927938834,0.018417253476947042,-0.07325392440488585
ofs_offshore,2022-04-15,0.02820705653835096,0.014560858794281633,0.013646197744069357
ofs_offshore,2022-04-22,-0.12618114971678163,-0.09767846629333664,-0.028502683423444978
ofs_offshore,2022-04-29,-0.23048388668084974,-0.06863664503671894,-0.16184724164413078
ofs_offshore,2022-05-06,-0.12972715553525976,-0.0530904690601222,-0.07663668647513754
ofs_offshore,2022-05-13,-0.20444329808738834,-0.12492730661600165,-0.07951599147138666
ofs_offshore,2022-05-20,-0.049691317957753195,-0.06580343520112816,0.01611211724337501
ofs_offshore,2022-05-27,0.1422499559321201,0.026838013552977907,0.11541194237914222
ofs_offshore,2022-06-03,0.053541835137886074,0.025130568346307995,0.028411266791578127
ofs_offshore,2022-06-10,0.06853129419288626,0.03771836574312968,0.03081292844975663
ofs_offshore,2022-06-17,-0.18727222415162148,-0.046885242647034225,-0.14038698150458723
ofs_offshore,2022-06-24,-0.2941093739145369,-0.0813299475810515,-0.21277942633348534
ofs_offshore,2022-07-01,-0.23593984847638896,-0.11234969178841508,-0.12359015668797384
ofs_offshore,2022-07-08,-0.20790631666696904,-0.0796683206394814,-0.1282379960274876
ofs_offshore,2022-07-15,-0.09895407114618526,-0.010881982872089354,-0.08807208827409586
ofs_offshore,2022-07-22,-0.06872303942888919,-0.04597084848398053,-0.022752190944908608
ofs_offshore,2022-07-29,0.036648963628813314,0.03577658532621151,0.0008723783026018395
ofs_offshore,2022-08-05,-0.0173815532166258,-0.01025626357504146,-0.007125289641584303
ofs_offshore,2022-08-12,0.13161105463353645,0.050228138823039406,0.08138291581049707
ofs_offshore,2022-08-19,0.09588683106338874,-0.0035564312458469735,0.09944326230923572
ofs_offshore,2022-08-26,-0.007087852666308833,-0.05932667865223895,0.05223882598593014
ofs_offshore,2022-09-02,0.07386092635929199,-0.05590295952292397,0.129763885882216
ofs_offshore,2022-09-09,0.0297219807446226,-0.05237387387091537,0.08209585461553799
ofs_offshore,2022-09-16,0.017385882757488064,-0.05517562706342822,0.0725615098209163
ofs_offshore,2022-09-23,-0.15406964719620256,-0.14178138565243403,-0.012288261543768504
ofs_offshore,2022-09-30,-0.141668123847272,-0.09923405626341238,-0.042434067583859626
ofs_offshore,2022-10-07,-0.034329890138312974,-0.05628691525589756,0.021957025117584624
ofs_offshore,2022-10-14,-0.047166878698298484,-0.05970627286456714,0.012539394166268678
ofs_offshore,2022-10-21,0.24690001641413767,0.07275050981344276,0.17414950660069495
ofs_offshore,2022-10-28,0.34154062818689057,0.10581876115182569,0.23572186703506492
ofs_offshore,2022-11-04,0.23285917240033202,0.01939406615860543,0.21346510624172663
ofs_offshore,2022-11-11,0.3028282282026544,0.11616281084843774,0.1866654173542167
ofs_offshore,2022-11-18,0.10890611775808012,-0.005766148373473015,0.11467226613155315
ofs_offshore,2022-11-25,-0.024842072294432048,-0.049905392739479956,0.02506332044504793
ofs_offshore,2022-12-02,-0.0021648357834232607,-0.022891272832379315,0.020726437048956076
ofs_offshore,2022-12-09,-0.14421632642645923,-0.1500424228921946,0.005826096465735377
ofs_offshore,2022-12-16,-0.03965021773418313,-0.07126718961533424,0.03161697188115113
ofs_offshore,2022-12-23,0.09955530956271966,-0.019842721658227966,0.11939803122094766
ofs_offshore,2022-12-30,0.10345341232312738,-0.03457020420387302,0.13802361652700046
ofs_offshore,2023-01-06,0.21380187474129236,0.03559307455764529,0.17820880018364713
ofs_offshore,2023-01-13,0.22870090736111934,0.09531842566886714,0.13338248169225225
ofs_offshore,2023-01-20,0.11834909461510064,0.06488851469239801,0.05346057992270266
ofs_offshore,2023-01-27,0.10778739675694143,0.06795308703802161,0.039834309718919846
ofs_offshore,2023-02-03,0.13311622496229383,0.03863465027630822,0.09448157468598564
ofs_offshore,2023-02-10,0.08287592743489494,0.0189584297033469,0.06391749773154806
ofs_offshore,2023-02-17,0.01911632842784211,-0.02334839657232137,0.0424647250001635
ofs_offshore,2023-02-24,-0.011583054439493052,-0.05268316003750786,0.04110010559801483
ofs_offshore,2023-03-03,0.07824240432855431,0.05276114843787396,0.025481255890680378
ofs_offshore,2023-03-10,-0.08657190908186423,-0.07230109666659938,-0.014270812415264816
ofs_offshore,2023-03-17,-0.1447342051899118,-0.12272108854748177,-0.02201311664243002
ofs_offshore,2023-03-24,-0.14832025258191883,-0.08245367048353715,-0.06586658209838167
ofs_offshore,2023-03-31,-0.18051751966250118,-0.04783445792972957,-0.1326830617327716
ofs_offshore,2023-04-07,-0.0562316233273473,0.049603437903728224,-0.10583506123107547
ofs_offshore,2023-04-14,0.09162959438191112,0.15859289091439627,-0.0669632965324851
ofs_offshore,2023-04-21,0.061257503451491425,0.09998599478676651,-0.03872849133527505
ofs_offshore,2023-04-28,-0.018031264928901024,0.013146011291640072,-0.031177276220541044
ofs_offshore,2023-05-05,-0.0266747056547886,-0.05159441144707295,0.024919705792284398
ofs_offshore,2023-05-12,-0.10255822208587245,-0.0897943055561928,-0.012763916529679599
ofs_offshore,2023-05-19,-0.05361294100964037,-0.03230287708390245,-0.02131006392573787
ofs_offshore,2023-05-26,-0.041730768180514174,-0.032857247120081486,-0.00887352106043264
ofs_offshore,2023-06-02,0.049366985578538636,0.032386073999867225,0.016980911578671456
ofs_offshore,2023-06-09,0.07958485632067874,0.046777168379351475,0.032807687941327324
ofs_offshore,2023-06-16,0.030668746429149525,0.06182733764684637,-0.031158591217696804
ofs_offshore,2023-06-23,0.02957570349833335,0.013433021612131883,0.0161426818862015
ofs_offshore,2023-06-30,0.04845053712035057,0.021150774232526707,0.027299762887823896
ofs_offshore,2023-07-07,0.13024360532530133,0.028297725215543402,0.10194588010975796
ofs_offshore,2023-07-14,0.17980012151087515,0.02198722977642755,0.15781289173444765
ofs_offshore,2023-07-21,0.1834873464510974,0.0808324336636406,0.10265491278745684
ofs_offshore,2023-07-28,0.13327900730203635,0.08888829563372652,0.044390711668309865
ofs_offshore,2023-08-04,0.08955937312683535,0.08649423532746986,0.0030651377993655277
ofs_offshore,2023-08-11,0.07456194294402162,0.07124047387163962,0.0033214690723820366
ofs_offshore,2023-08-18,0.03898619686327216,0.03144681559228209,0.007539381270990133
ofs_offshore,2023-08-25,-0.017978763337507118,0.00585550595017181,-0.023834269287678886
ofs_offshore,2023-09-01,0.03743652971018617,0.046167848548214666,-0.008731318838028447
ofs_offshore,2023-09-08,0.049070054604824,0.041783313064086024,0.007286741540738018
ofs_offshore,2023-09-15,0.07409792113211247,0.11156910288212332,-0.0374711817500108
ofs_offshore,2023-09-22,0.0851602322422977,0.0799223077047648,0.0052379245375329345
ofs_offshore,2023-09-29,0.033805648853601045,0.039665865697182036,-0.00586021684358096
ofs_offshore,2023-10-06,-0.06745226834972234,-0.009338366633758869,-0.05811390171596344
ofs_offshore,2023-10-13,-0.020103140062539812,-0.029583718361381742,0.009480578298841958
ofs_offshore,2023-10-20,-0.015792817622043733,-0.01179167792466711,-0.0040011396973765835
ofs_offshore,2023-10-27,-0.11019443528748488,-0.06332387889126086,-0.04687055639622399
ofs_offshore,2023-11-03,0.010852412129422395,-0.00019353269817015684,0.011045944827592587
ofs_offshore,2023-11-10,-0.11083023783814307,-0.03425655561781632,-0.07657368222032672
ofs_offshore,2023-11-17,-0.12691933661103605,-0.0038335295486484726,-0.12308580706238754
ofs_offshore,2023-11-24,-0.06129371676230546,0.050556245862535446,-0.11184996262484088
ofs_offshore,2023-12-01,-0.08943586973309507,0.03111338418682285,-0.1205492539199179
ofs_offshore,2023-12-08,-0.04757290347229963,0.016177364990218813,-0.06375026846251841
ofs_offshore,2023-12-15,0.022915702415164947,0.010620165977456669,0.012295536437708317
ofs_offshore,2023-12-22,0.08669894934922054,0.03207125431190371,0.05462769503731687
ofs_offshore,2023-12-29,0.07593712000104395,0.018638430246499832,0.05729868975454416
ofs_offshore,2024-01-05,0.07155575799158292,0.04091358421368019,0.03064217377790278
ofs_offshore,2024-01-12,-0.024991754008317532,0.06078638864258189,-0.08577814265089936
ofs_offshore,2024-01-19,-0.07787682055679132,0.04909788320002087,-0.12697470375681214
ofs_offshore,2024-01-26,-0.012329032057780999,0.08390023399515882,-0.09622926605293977
ofs_offshore,2024-02-02,-0.06407709432347082,0.07826703523665349,-0.14234412956012427
ofs_offshore,2024-02-09,0.012036070467324484,0.07170357278461804,-0.05966750231729352
ofs_offshore,2024-02-16,0.03333700885649287,0.059294445325841195,-0.025957436469348286
ofs_offshore,2024-02-23,-0.006307219225726465,0.020912972017728442,-0.027220191243454872
ofs_offshore,2024-03-01,0.09439159113839835,0.06943652821798,0.024955062920418367
ofs_offshore,2024-03-08,0.05266489607504825,0.02307716051145274,0.029587735563595542
ofs_offshore,2024-03-15,0.06240657175726558,0.029053554050436727,0.033353017706828886
ofs_offshore,2024-03-22,0.07628881666335977,0.05415994348529991,0.02212887317805989
ofs_offshore,2024-03-29,0.07189347586789264,0.027713142019492293,0.04418033384840039
ofs_offshore,2024-04-05,0.1354756565870669,0.07523576214932604,0.06023989443774091
ofs_offshore,2024-04-12,0.05079556625282389,0.05412754120558482,-0.003331974952760896
ofs_offshore,2024-04-19,-0.04806052717032774,-0.010030951799548347,-0.03802957537077935
ofs_offshore,2024-04-26,0.0034102581025032205,0.010091089575635537,-0.006680831473132278
ofs_offshore,2024-05-03,-0.05801547925975512,-0.047209568388596176,-0.010805910871158906
ofs_offshore,2024-05-10,0.02826588030483463,-0.022908626112413136,0.051174506417247814
ofs_offshore,2024-05-17,0.1252361873949182,0.0458971500680094,0.07933903732690888
ofs_offshore,2024-05-24,0.03244978146554919,-0.010249100817973093,0.042698882283522345
ofs_offshore,2024-05-31,0.0650882388141481,0.008989428290602224,0.05609881052354592
ofs_offshore,2024-06-07,-0.08702994468215605,-0.028714666979227862,-0.058315277702928145
ofs_offshore,2024-06-14,-0.1158686084816034,-0.026189503166789987,-0.08967910531481335
ofs_offshore,2024-06-21,-0.06110826758266209,0.026018281332111714,-0.08712654891477375
ofs_offshore,2024-06-28,-0.0307198247361284,0.032113528154483886,-0.06283335289061225
ofs_offshore,2024-07-05,0.06130645519079502,0.07562797308520429,-0.014321517894409205
ofs_offshore,2024-07-12,0.08815677100072207,0.06786328716858188,0.02029348383214026
ofs_offshore,2024-07-19,0.09654259511903057,-0.009437994988552578,0.10598059010758322
ofs_offshore,2024-07-26,0.06335634040700486,-0.04839681884232763,0.11175315924933257
ofs_offshore,2024-08-02,-0.042120421885514334,-0.14572370559872638,0.10360328371321212
ofs_offshore,2024-08-09,-0.07828250581331213,-0.13431031556608622,0.05602780975277416
ofs_offshore,2024-08-16,-0.06597064741344746,-0.05393204077978079,-0.01203860663366663
ofs_offshore,2024-08-23,-0.07355502761985173,-0.010145483819922694,-0.06340954379992898
ofs_offshore,2024-08-30,0.0651023601933638,0.05833530615596578,0.006767054037398083
ofs_offshore,2024-09-06,-0.050203353177489196,-0.07828918273068569,0.02808582955319655
ofs_offshore,2024-09-13,-0.12940156815022688,-0.05543024356816102,-0.07397132458206582
ofs_offshore,2024-09-20,-0.06345069203708778,-0.014054534311668677,-0.04939615772541905
ofs_offshore,2024-09-27,-0.11217843255536662,-0.01633304428632664,-0.09584538826903993
ofs_offshore,2024-10-04,0.03804668408318698,0.16285020099819875,-0.12480351691501171
ofs_offshore,2024-10-11,0.05223251616014521,0.11981974441993903,-0.06758722825979377
ofs_offshore,2024-10-18,-0.07861874532971032,0.046597171435712695,-0.12521591676542299
ofs_offshore,2024-10-25,-0.05760926346595713,0.055028942404982586,-0.11263820587093967
ofs_offshore,2024-11-01,-0.13253476717092644,-0.04445606388708601,-0.08807870328384036
ofs_offshore,2024-11-08,-0.019280073072727208,-0.01176206901074222,-0.00751800406198494
ofs_offshore,2024-11-15,0.005573606578116473,-0.022452658502456153,0.028026265080572675
ofs_offshore,2024-11-22,0.09978383187755895,0.032398690198656745,0.06738514167890225
ofs_offshore,2024-11-29,0.10917481907427094,0.032227061476477595,0.0769477575977934
ofs_offshore,2024-12-06,-0.07320546017077326,-0.00961150490356472,-0.06359395526720849
ofs_offshore,2024-12-13,-0.08702267342997369,0.021306216078572096,-0.10832888950854576
ofs_offshore,2024-12-20,-0.2035348861701956,-0.0676970131370597,-0.13583787303313583
ofs_offshore,2024-12-27,-0.13101980179551095,-0.018773734192433236,-0.11224606760307769
ofs_offshore,2025-01-03,0.039680665908921386,0.015225805095649022,0.02445486081327241
ofs_offshore,2025-01-10,0.05483148628479306,0.01726416544491367,0.03756732083987944
ofs_offshore,2025-01-17,0.13070605981254374,0.07915943467683259,0.05154662513571118
ofs_offshore,2025-01-24,0.06426580623682002,0.06564023812078051,-0.001374431883960442
ofs_offshore,2025-01-31,-0.0642922162621524,-0.0027266333111835364,-0.06156558295096881
ofs_offshore,2025-02-07,-0.029916657841759182,-0.010805256190320736,-0.01911140165143839
ofs_offshore,2025-02-14,-0.04567968120570883,-0.04021639076352781,-0.005463290442180968
ofs_offshore,2025-02-21,-0.0642265851456847,-0.06993085891852381,0.00570427377283916
ofs_offshore,2025-02-28,0.006245848127553688,-0.06310184968328876,0.0693476978108425
ofs_offshore,2025-03-07,-0.06410423234648373,-0.09978811852354691,0.03568388617706323
ofs_offshore,2025-03-14,-0.1274018840263934,-0.10997055379761411,-0.017431330228779227
ofs_offshore,2025-03-21,-0.0401810674358743,-0.06178563839848092,0.02160457096260668
ofs_offshore,2025-03-28,-0.0543945931519875,-0.05714055268218217,0.002745959530194738
ofs_offshore,2025-04-04,-0.18996076837682582,-0.17338546489194695,-0.016575303484878807
ofs_offshore,2025-04-11,-0.14758351937409564,-0.09852770050186971,-0.049055818872225876
ofs_offshore,2025-04-18,-0.15162423602248154,-0.10203714618574641,-0.04958708983673504
ofs_offshore,2025-04-25,-0.1569580405566592,-0.047205190590143845,-0.10975284996651528
ofs_offshore,2025-05-02,0.07616397137280187,0.1040161917636114,-0.027852220390809472
ofs_offshore,2025-05-09,0.06799367891055226,0.07571653544185428,-0.007722856531301961
ofs_offshore,2025-05-16,0.042745806586755905,0.1111836617289368,-0.06843785514218084
ofs_offshore,2025-05-23,-0.005837645217525202,0.08901606917395598,-0.09485371439148112
ofs_offshore,2025-05-30,-0.038201152472506626,0.09843725025423919,-0.13663840272674577
ofs_offshore,2025-06-06,0.03816802292005595,0.12674022365738297,-0.08857220073732695
ofs_offshore,2025-06-13,0.11411884931721479,0.1577252277810163,-0.04360637846380144
ofs_offshore,2025-06-20,0.14169028922702492,0.16414811549046857,-0.022457826263443552
ofs_offshore,2025-06-27,0.10508874761579858,0.12259138529392985,-0.017502637678131195
ofs_offshore,2025-07-04,0.0544170734465284,0.08833253160144558,-0.033915458154917116
ofs_offshore,2025-07-11,0.007626059730566924,0.022163029001930297,-0.014536969271363314
ofs_offshore,2025-07-18,-0.02001437521294818,0.025385919536831086,-0.045400294749779205
ofs_offshore,2025-07-25,0.06380529822472247,0.06322905766429379,0.0005762405604287438
ofs_offshore,2025-08-01,-0.03167486288692562,0.010203229651628336,-0.041878092538553895
ofs_offshore,2025-08-08,-0.00010463749014470725,-0.005936329021159986,0.005831691531015329
ofs_offshore,2025-08-15,0.04838334079939403,-0.030271822691230906,0.07865516349062499
ofs_offshore,2025-08-22,0.0701710149717563,-0.014560476874104627,0.08473149184586098
ofs_offshore,2025-08-29,0.1466133623082206,0.017397530833617746,0.1292158314746029
ofs_offshore,2025-09-05,0.048224460536613716,-0.010079728568058438,0.05830418910467222
ofs_offshore,2025-09-12,0.04848788595648509,0.02573597270302238,0.022751913253462777
ofs_offshore,2025-09-19,-0.027244625721050592,0.06400340783410739,-0.09124803355515793
ofs_offshore,2025-09-26,0.025197838036294884,0.08339792443899259,-0.05820008640269763
ofs_offshore,2025-10-03,0.011971132785628412,0.07306115343584844,-0.06109002065021996
ofs_offshore,2025-10-10,-0.060794620049849195,0.020335426248843717,-0.08113004629869283
ofs_offshore,2025-10-17,-0.028668212132371546,-0.03121598935834598,0.0025477772259745075
ofs_offshore,2025-10-24,-0.0198929743019602,-0.014387289901361268,-0.00550568440059886
ofs_offshore,2025-10-31,0.016455130179054395,0.04341286163109472,-0.026957731452040255
ofs_offshore,2025-11-07,0.06670296072821222,0.006421217487542111,0.06028174324067018
ofs_offshore,2025-11-14,0.10900446995815948,-0.0020917494621489653,0.1110962194203085
ofs_offshore,2025-11-21,0.01232003270882151,-0.09353015652884203,0.1058501892376636
ofs_offshore,2025-11-28,0.022859024688364208,-0.07140163319382987,0.09426065788219415
ofs_offshore,2025-12-05,0.10543744389323749,0.020724150346344235,0.08471329354689332
ofs_offshore,2025-12-12,0.008616487093119435,-0.009460412785909214,0.01807689987902871
ofs_offshore,2025-12-19,-0.04019992025933766,0.029199500460071057,-0.06939942071940866
ofs_offshore,2025-12-26,-0.03304570373349236,-0.001299576716506651,-0.031746127016985655
ofs_offshore,2026-01-02,-0.06489089927674421,-0.029229965351110908,-0.035660933925633256
ofs_offshore,2026-01-09,0.03357020294621876,0.06947955578840725,-0.03590935284218844
ofs_offshore,2026-01-16,0.1269979865537042,0.11223284428602608,0.014765142267678166
ofs_offshore,2026-01-23,0.1730626875349543,0.12281888745516634,0.050243800079788035
ofs_offshore,2026-01-30,0.1673643926908073,0.1545095502363329,0.012854842454474477
ofs_offshore,2026-02-06,0.14557591052746832,0.06858423028768021,0.07699168023978817
ofs_offshore,2026-02-13,0.1393511346935012,0.020151139435505207,0.11919999525799604
ofs_offshore,2026-02-20,0.1236265636899623,0.047134440478406536,0.07649212321155581
ofs_offshore,2026-02-27,0.13824311077161722,0.003539701175400747,0.13470340959621652
ofs_offshore,2026-03-06,0.06755916461045755,0.14233168659896278,-0.0747725219885052
ofs_offshore,2026-03-13,0.014027327545434065,0.18682572207626974,-0.17279839453083565
ofs_offshore,2026-03-20,-0.009388538960392389,0.1510814471316499,-0.16046998609204224
ofs_offshore,2026-03-27,0.01471638350812654,0.15504018316528945,-0.14032379965716285
ofs_offshore,2026-04-03,0.026722235057899425,0.0967693701033735,-0.07004713504547402
ofs_offshore,2026-04-10,0.1047754038251775,0.07232417589819799,0.03245122792697958
ofs_offshore,2026-04-17,0.06949549612802823,0.034658000576659694,0.03483749555136861
ofs_offshore,2026-04-24,0.047243953733292175,0.09608875017425128,-0.048844796440959036
ofs_offshore,2026-05-01,0.06335356354756912,0.08047305186523782,-0.017119488317668633
ofs_offshore,2026-05-08,-0.023591643051440014,0.09929679563012804,-0.122888438681568
midstream_pipelines,2021-06-04,0.08724327139229106,0.02042355036076204,0.06681972103152901
midstream_pipelines,2021-06-11,0.11929447375168284,0.038322650026954966,0.08097182372472786
midstream_pipelines,2021-06-18,0.03012090280774654,0.031524096411235145,-0.0014031936034886033
midstream_pipelines,2021-06-25,0.052140618669882774,0.040052069330679854,0.012088549339202927
midstream_pipelines,2021-07-02,0.029108994975380033,0.02840949762028177,0.0006994973550982671
midstream_pipelines,2021-07-09,-0.052057270993652364,0.015752814310563693,-0.06781008530421605
midstream_pipelines,2021-07-16,-0.05647295698047843,0.013015585017107516,-0.06948854199758595
midstream_pipelines,2021-07-23,-0.06332258245880548,-0.0028775186721231444,-0.060445063786682345
midstream_pipelines,2021-07-30,-0.08921231503742738,-0.0015467602893066371,-0.08766555474812074
midstream_pipelines,2021-08-06,-0.10590755080516864,-0.01916660547608961,-0.08674094532907903
midstream_pipelines,2021-08-13,-0.04610333978333034,-0.00017382789636967043,-0.045929511886960664
midstream_pipelines,2021-08-20,-0.10666257474743335,-0.041956988552957694,-0.06470558619447564
midstream_pipelines,2021-08-27,-0.06778750897495274,-0.008104857268805825,-0.059682651706146915
midstream_pipelines,2021-09-03,0.006292350603642156,0.03476169078953907,-0.02846934018589692
midstream_pipelines,2021-09-10,-0.00045511217683847846,0.036846997194142965,-0.03730210937098145
midstream_pipelines,2021-09-17,0.07707079439916642,0.0717243046845646,0.005346489714601822
midstream_pipelines,2021-09-24,0.059501698884410814,0.02921966977374795,0.030282029110662863
midstream_pipelines,2021-10-01,0.06728285031365822,0.011100952446840229,0.05618189786681799
midstream_pipelines,2021-10-08,0.1242816108533163,0.018247082941734834,0.10603452791158145
midstream_pipelines,2021-10-15,0.14344432511685462,0.043957568802893504,0.09948675631396113
midstream_pipelines,2021-10-22,0.10927854068328746,0.05519009770014498,0.05408844298314248
midstream_pipelines,2021-10-29,0.035619731996142184,0.04817232863743029,-0.012552596641288112
midstream_pipelines,2021-11-05,0.012089667310370172,0.047815064416827945,-0.03572539710645778
midstream_pipelines,2021-11-12,-0.021026919164990603,0.019422222000838804,-0.040449141165829414
midstream_pipelines,2021-11-19,-0.04899704157492034,-0.011553252104815486,-0.037443789470104856
midstream_pipelines,2021-11-26,-0.02215721486832051,-0.028029179792738265,0.0058719649244177476
midstream_pipelines,2021-12-03,-0.08242323538982915,-0.07600994469286064,-0.006413290696968516
midstream_pipelines,2021-12-10,-0.09337510694253,-0.043910160433461166,-0.04946494650906883
midstream_pipelines,2021-12-17,-0.06611995157470495,-0.03985318898777538,-0.026266762586929577
midstream_pipelines,2021-12-24,-0.04673470051817949,0.002646423528676632,-0.04938112404685613
midstream_pipelines,2021-12-31,0.01717330810947657,0.04916867719411479,-0.03199536908463822
midstream_pipelines,2022-01-07,0.08459413742496565,0.025611768149826297,0.058982369275139335
midstream_pipelines,2022-01-14,0.12434274110164524,0.049328227592601706,0.07501451350904353
midstream_pipelines,2022-01-21,0.08585525668070791,-0.0005973870239776094,0.08645264370468551
midstream_pipelines,2022-01-28,0.1061392292940027,-0.002211987725791552,0.10835121701979424
midstream_pipelines,2022-02-04,0.1082788734778589,0.008683586989002475,0.0995952864888564
midstream_pipelines,2022-02-11,0.05317154575371086,0.0002825008131420872,0.052889044940568744
midstream_pipelines,2022-02-18,0.03664162751587531,0.013846199410167475,0.022795428105707817
midstream_pipelines,2022-02-25,-0.01245022315277142,0.02144881196867337,-0.03389903512144481
midstream_pipelines,2022-03-04,-0.040720186779812255,0.05416113322189864,-0.09488132000171091
midstream_pipelines,2022-03-11,-0.019355760094601573,0.038692720698009817,-0.05804848079261142
midstream_pipelines,2022-03-18,0.0026805146249678433,0.06713215908943332,-0.0644516444644655
midstream_pipelines,2022-03-25,0.0688390909323991,0.07574568939019174,-0.006906598457792665
midstream_pipelines,2022-04-01,0.015916437085997513,-0.0088969241803665,0.024813361266363992
midstream_pipelines,2022-04-08,0.04309225540968481,-0.004372306257411746,0.04746456166709653
midstream_pipelines,2022-04-15,0.0803370025184628,-0.0064816743533229,0.08681867687178568
midstream_pipelines,2022-04-22,0.01865963495418782,-0.0640527009926739,0.0827123359468617
midstream_pipelines,2022-04-29,-0.013494720550216707,-0.043709717099787146,0.030214996549570414
midstream_pipelines,2022-05-06,0.006032260967665619,-0.02924359661584464,0.03527585758351025
midstream_pipelines,2022-05-13,-0.051784205703850505,-0.059010433755621663,0.007226228051771137
midstream_pipelines,2022-05-20,-0.022864651400116093,-0.029019320101166896,0.006154668701050782
midstream_pipelines,2022-05-27,0.07958553553647697,0.024420201342937695,0.05516533419353926
midstream_pipelines,2022-06-03,0.04812369757829477,0.02172881896595176,0.026394878612342985
midstream_pipelines,2022-06-10,0.06177946746473424,0.018639577278508877,0.043139890186225334
midstream_pipelines,2022-06-17,-0.07698931936799865,-0.030173169190622497,-0.04681615017737617
midstream_pipelines,2022-06-24,-0.1111272711325158,-0.047899135968553906,-0.06322813516396192
midstream_pipelines,2022-07-01,-0.10545484705716043,-0.05458112484938502,-0.050873722207775446
midstream_pipelines,2022-07-08,-0.07810995541936606,-0.03677357172703392,-0.04133638369233216
midstream_pipelines,2022-07-15,0.03310602862122801,0.005392687465097327,0.027713341156130656
midstream_pipelines,2022-07-22,0.02658649238572236,-0.014360062640636276,0.040946555026358605
midstream_pipelines,2022-07-29,0.10308553171766947,0.027994943388052845,0.0750905883296166
midstream_pipelines,2022-08-05,0.08704648598850866,0.0035739299928106393,0.08347255599569799
midstream_pipelines,2022-08-12,0.14904722205202608,0.036647829152870154,0.1123993928991559
midstream_pipelines,2022-08-19,0.13572993685404625,0.00539370953602103,0.1303362273180252
midstream_pipelines,2022-08-26,0.07377799505219954,-0.03246719816556152,0.10624519321776103
midstream_pipelines,2022-09-02,0.06273309796037203,-0.036692784819758406,0.09942588278013041
midstream_pipelines,2022-09-09,0.026709356539095598,-0.041343579836715064,0.06805293637581063
midstream_pipelines,2022-09-16,-0.014714123882748842,-0.04822898350378722,0.033514859621038354
midstream_pipelines,2022-09-23,-0.1386069515701489,-0.09630738585850743,-0.04229956571164149
midstream_pipelines,2022-09-30,-0.10976051511935407,-0.06766334922821265,-0.04209716589114145
midstream_pipelines,2022-10-07,-0.08003904950031043,-0.04457567390121445,-0.035463375599096035
midstream_pipelines,2022-10-14,-0.05873665532261453,-0.0436319673195856,-0.015104688003028964
midstream_pipelines,2022-10-21,0.0865616129186888,0.02660078908038031,0.05996082383830845
midstream_pipelines,2022-10-28,0.12444156001366827,0.0551580132612763,0.06928354675239193
midstream_pipelines,2022-11-04,0.0958538564334063,0.00961384057041336,0.08624001586299292
midstream_pipelines,2022-11-11,0.09573318516852876,0.06695397533230085,0.02877920983622788
midstream_pipelines,2022-11-18,0.036674822851415836,0.01427904124512902,0.022395781606286774
midstream_pipelines,2022-11-25,-0.006682333273229273,-0.016236236038202033,0.009553902764972722
midstream_pipelines,2022-12-02,-0.0319700113101139,0.005035028190345963,-0.0370050395004599
midstream_pipelines,2022-12-09,-0.07286119398856185,-0.07053667445187653,-0.0023245195366853634
midstream_pipelines,2022-12-16,-0.04966377707322362,-0.03367302357564349,-0.015990753497580168
midstream_pipelines,2022-12-23,-0.038909150414386084,-0.016637579153962596,-0.022271571260423513
midstream_pipelines,2022-12-30,-0.01956472177409717,-0.03349191834557371,0.013927196571476518
midstream_pipelines,2023-01-06,0.05617815160910676,0.010102045061995782,0.04607610654711095
midstream_pipelines,2023-01-13,0.07832886910476766,0.04118791435363529,0.037140954751132355
midstream_pipelines,2023-01-20,0.08072158541315015,0.034186466056416745,0.04653511935673337
midstream_pipelines,2023-01-27,0.10697829703073725,0.04202046860554467,0.06495782842519257
midstream_pipelines,2023-02-03,0.0861635725180655,0.02874923362045802,0.05741433889760745
midstream_pipelines,2023-02-10,0.07315884277229176,0.009691588956497833,0.06346725381579389
midstream_pipelines,2023-02-17,0.0867446508019618,-0.011457881025621137,0.09820253182758289
midstream_pipelines,2023-02-24,0.04154351947466765,-0.03334904358002724,0.07489256305469487
midstream_pipelines,2023-03-03,0.07325675964859597,0.010514856147976169,0.06274190350061977
midstream_pipelines,2023-03-10,0.02479471725759595,-0.041731519660621635,0.06652623691821755
midstream_pipelines,2023-03-17,-0.06138355546478073,-0.05797965466823886,-0.0034039007965418963
midstream_pipelines,2023-03-24,-0.07857622387101491,-0.03012828367399814,-0.048447940197016814
midstream_pipelines,2023-03-31,-0.062365269708625076,-0.012828205349372554,-0.04953706435925256
midstream_pipelines,2023-04-07,-0.02145279004558953,0.03907204023230307,-0.060524830277892634
midstream_pipelines,2023-04-14,0.05027063735084622,0.07908117703253165,-0.028810539681685465
midstream_pipelines,2023-04-21,0.06714941728806625,0.04907013585388009,0.018079281434186113
midstream_pipelines,2023-04-28,0.022545578783906457,0.011836233612190576,0.010709345171715835
midstream_pipelines,2023-05-05,-0.021290964125138326,-0.02742960318507877,0.006138639059940399
midstream_pipelines,2023-05-12,-0.03253146004390895,-0.04068860914571149,0.008157149101802503
midstream_pipelines,2023-05-19,0.014645906106669049,-0.014923654652234813,0.029569560758903823
midstream_pipelines,2023-05-26,0.013060525826567545,-0.017912089738697384,0.030972615565264892
midstream_pipelines,2023-06-02,0.05402586044260711,0.01709179224457576,0.03693406819803132
midstream_pipelines,2023-06-09,0.06924912322362413,0.021146788294720293,0.0481023349289038
midstream_pipelines,2023-06-16,0.04600570871073306,0.03196526197642796,0.01404044673430506
midstream_pipelines,2023-06-23,0.0058781643768994404,0.010178777938446345,-0.00430061356154695
midstream_pipelines,2023-06-30,0.017799365534356702,0.012912885322271852,0.004886480212084806
midstream_pipelines,2023-07-07,0.012156045012143138,0.016437034787750056,-0.0042809897756069595
midstream_pipelines,2023-07-14,-0.0029612567007873958,0.01695610195318291,-0.019917358653970346
midstream_pipelines,2023-07-21,0.03417572848877932,0.04559615653615694,-0.01142042804737766
midstream_pipelines,2023-07-28,0.0328623195515645,0.045390020584294914,-0.012527701032730456
midstream_pipelines,2023-08-04,-0.0006857816169512816,0.04234182568707604,-0.04302760730402736
midstream_pipelines,2023-08-11,0.025804057512193817,0.024765029199166476,0.0010390283130273029
midstream_pipelines,2023-08-18,0.008310263610938538,0.0005065370869334791,0.007803726524005018
midstream_pipelines,2023-08-25,-0.014085575708157091,-0.008965190445293645,-0.005120385262863489
midstream_pipelines,2023-09-01,0.039628852303318265,0.019040739084251825,0.02058811321906639
midstream_pipelines,2023-09-08,-0.011925074375767064,0.017323329624035873,-0.029248403999802983
midstream_pipelines,2023-09-15,0.015825912536716173,0.05093742260980209,-0.03511151007308596
midstream_pipelines,2023-09-22,0.028229299820419752,0.029576160062975303,-0.001346860242555592
midstream_pipelines,2023-09-29,0.015521140094196922,0.002639767511199778,0.012881372582997099
midstream_pipelines,2023-10-06,0.0004442195701796006,-0.022112824497088377,0.02255704406726793
midstream_pipelines,2023-10-13,0.02825492496095813,-0.02255187109068035,0.05080679605163843
midstream_pipelines,2023-10-20,0.019447707179500055,-0.01722033895944904,0.03666804613894904
midstream_pipelines,2023-10-27,-0.002710511071336661,-0.036539852982861346,0.03382934191152464
midstream_pipelines,2023-11-03,0.0913605222338087,0.0065957018660989415,0.08476482036770971
midstream_pipelines,2023-11-10,0.026194896356220333,-0.01906846755296574,0.045263363909186026
midstream_pipelines,2023-11-17,0.04874951924390446,0.0050550283914879805,0.043694490852416425
midstream_pipelines,2023-11-24,0.05843775759157324,0.025150705221736697,0.0332870523698365
midstream_pipelines,2023-12-01,0.03727688317283607,0.008727107939916792,0.028549775232919232
midstream_pipelines,2023-12-08,0.03014033737676406,0.007516733917613861,0.022623603459150154
midstream_pipelines,2023-12-15,0.013232045252028033,0.009536147461404928,0.00369589779062306
midstream_pipelines,2023-12-22,0.0361033649352266,0.023443336830804073,0.012660028104422481
midstream_pipelines,2023-12-29,0.008671205698539622,0.015987220922081446,-0.007316015223541871
midstream_pipelines,2024-01-05,0.05081898281336607,0.021857214148801686,0.028961768664564333
midstream_pipelines,2024-01-12,0.04752628899580503,0.03257824782420726,0.014948041171597717
midstream_pipelines,2024-01-19,0.007640294601991435,0.016210342591103804,-0.008570047989112418
midstream_pipelines,2024-01-26,0.03962600774203272,0.0350650630957458,0.004560944646286869
midstream_pipelines,2024-02-02,0.023134702860649742,0.03534506488709564,-0.012210362026445949
midstream_pipelines,2024-02-09,0.01647709387571847,0.02280638444125665,-0.006329290565538232
midstream_pipelines,2024-02-16,0.061889669867037506,0.024993914924538365,0.03689575494249908
midstream_pipelines,2024-02-23,0.0397485345459528,0.007303169631029048,0.0324453649149237
midstream_pipelines,2024-03-01,0.05057437534797963,0.028288756669857307,0.022285618678122256
midstream_pipelines,2024-03-08,0.04117694424167054,0.009814128456565648,0.03136281578510483
midstream_pipelines,2024-03-15,0.01093588252347728,0.012007235973075462,-0.0010713534495982403
midstream_pipelines,2024-03-22,0.003235376294690652,0.026247868253291104,-0.02301249195860051
midstream_pipelines,2024-03-29,0.006148045569577888,0.017470330650834608,-0.011322285081256777
midstream_pipelines,2024-04-05,0.03480072399477065,0.03620886844833701,-0.0014081444535664171
midstream_pipelines,2024-04-12,0.008968908777525982,0.023905148307846305,-0.014936239530320378
midstream_pipelines,2024-04-19,0.0033094945510599716,-0.01515149510777786,0.01846098965883777
midstream_pipelines,2024-04-26,0.014440732309756312,-0.00596264469398719,0.02040337700374344
midstream_pipelines,2024-05-03,-0.0007256892874944769,-0.02953961699818207,0.028813927710687533
midstream_pipelines,2024-05-10,0.030043983271149086,-0.0109953324878839,0.04103931575903293
midstream_pipelines,2024-05-17,0.023881606202559157,0.029761581280531448,-0.005879975077972345
midstream_pipelines,2024-05-24,-0.013887378367610163,0.0003660107953370271,-0.014253389162947246
midstream_pipelines,2024-05-31,-0.006726953232677567,0.006926311391193726,-0.013653264623871352
midstream_pipelines,2024-06-07,-0.00965250430219545,-0.006538208871899457,-0.003114295430296051
midstream_pipelines,2024-06-14,-0.01794549618143309,-0.0016081070975045263,-0.016337389083928622
midstream_pipelines,2024-06-21,0.014071863514580582,0.02386423336854033,-0.009792369853959806
midstream_pipelines,2024-06-28,0.03068812440840637,0.026775023013180695,0.003913101395225611
midstream_pipelines,2024-07-05,0.032117968084230765,0.04503590292668561,-0.01291793484245491
midstream_pipelines,2024-07-12,0.03450539470090815,0.033781534091459266,0.0007238606094488297
midstream_pipelines,2024-07-19,0.034293903384701924,-0.0032364545167747893,0.037530357901476644
midstream_pipelines,2024-07-26,-0.009687976587520793,-0.01873704209269467,0.009049065505173813
midstream_pipelines,2024-08-02,-0.03557809520993953,-0.058990243291609665,0.02341214808167007
midstream_pipelines,2024-08-09,-0.03816927188042126,-0.05568816238179813,0.017518890501376803
midstream_pipelines,2024-08-16,-0.02857945861365846,-0.01331865765939988,-0.015260800954258639
midstream_pipelines,2024-08-23,-0.007999022201493951,0.007438336194512433,-0.015437358396006445
midstream_pipelines,2024-08-30,0.027930385665237246,0.02841925891421626,-0.0004888732489790777
midstream_pipelines,2024-09-06,0.01165442678471424,-0.02995166612251081,0.04160609290722499
midstream_pipelines,2024-09-13,0.011586766357541637,-0.019966306018036072,0.031553072375577654
midstream_pipelines,2024-09-20,0.016482239870697815,-0.004253880350302556,0.020736120221000312
midstream_pipelines,2024-09-27,0.0014931190324895365,-0.005187721855435024,0.006680840887924498
midstream_pipelines,2024-10-04,0.043374074066526054,0.07100187039730518,-0.027627796330779192
midstream_pipelines,2024-10-11,0.015187877812704928,0.04841303498767747,-0.0332251571749726
midstream_pipelines,2024-10-18,-0.016712885218541376,0.01494492076941364,-0.031657805987955076
midstream_pipelines,2024-10-25,-0.018845351923955637,0.019748210277012523,-0.03859356220096822
midstream_pipelines,2024-11-01,-0.05879759128349386,-0.025868849306201223,-0.032928741977292696
midstream_pipelines,2024-11-08,-0.011306571319851057,-0.009002783929281166,-0.0023037873905699495
midstream_pipelines,2024-11-15,0.02748455786141012,-0.01566950175058632,0.043154059611996386
midstream_pipelines,2024-11-22,0.07839198828281768,0.014926669402817104,0.06346531888000051
midstream_pipelines,2024-11-29,0.14377998244245144,0.027332600942728977,0.11644738149972239
midstream_pipelines,2024-12-06,0.06633554140094813,0.006895944296324565,0.05943959710462351
midstream_pipelines,2024-12-13,0.03548149379047649,0.022546194330071812,0.012935299460404625
midstream_pipelines,2024-12-20,-0.04520620006099678,-0.026612146955851207,-0.018594053105145624
midstream_pipelines,2024-12-27,-0.07989017946632813,-0.014138557680524157,-0.06575162178580403
midstream_pipelines,2025-01-03,-0.017936619167865122,-0.0008543996446988694,-0.01708221952316631
midstream_pipelines,2025-01-10,0.009146715743821329,-0.0017032849200524724,0.010850000663873743
midstream_pipelines,2025-01-17,0.10096642939524464,0.04268497873047915,0.05828145066476543
midstream_pipelines,2025-01-24,0.09972091044923184,0.034384621005476436,0.06533628944375534
midstream_pipelines,2025-01-31,0.07303466399485332,0.0021880930246899258,0.07084657097016334
midstream_pipelines,2025-02-07,0.07217766883604573,0.0026329049007575616,0.0695447639352881
midstream_pipelines,2025-02-14,0.020191375618969932,-0.01835704136569233,0.0385484169846622
midstream_pipelines,2025-02-21,0.01442284416801201,-0.02974328732219598,0.04416613149020793
midstream_pipelines,2025-02-28,0.028113624133339954,-0.021639044450667475,0.04975266858400737
midstream_pipelines,2025-03-07,-0.02002629311440834,-0.04315128231314925,0.023124989198740845
midstream_pipelines,2025-03-14,-0.0033606509796619,-0.0560078551351608,0.05264720415549884
midstream_pipelines,2025-03-21,0.01320607284026553,-0.03225005663615141,0.04545612947641687
midstream_pipelines,2025-03-28,0.010318183522829183,-0.03129999100218264,0.04161817452501176
midstream_pipelines,2025-04-04,-0.06535170834813561,-0.07928690559327536,0.013935197245139676
midstream_pipelines,2025-04-11,-0.1216947685620131,-0.049181307963569995,-0.07251346059844319
midstream_pipelines,2025-04-18,-0.09758415489068549,-0.05085302185783361,-0.04673113303285195
midstream_pipelines,2025-04-25,-0.08275499235422847,-0.025297470058152246,-0.0574575222960763
midstream_pipelines,2025-05-02,0.0027940821614808806,0.04384016472962361,-0.041046082568142815
midstream_pipelines,2025-05-09,0.040483371650481825,0.03737008202486369,0.003113289625618045
midstream_pipelines,2025-05-16,0.04915956270148202,0.05554867602296569,-0.006389113321483755
midstream_pipelines,2025-05-23,0.017767343668705065,0.036703684055816685,-0.018936340387111707
midstream_pipelines,2025-05-30,0.03907913062209972,0.04368345527031868,-0.004604324648219036
midstream_pipelines,2025-06-06,0.06857582437139326,0.05542039765261013,0.01315542671878304
midstream_pipelines,2025-06-13,0.04810373735023271,0.06639169646423478,-0.018287959114002147
midstream_pipelines,2025-06-20,0.0570219546317356,0.07720661199892487,-0.02018465736718935
midstream_pipelines,2025-06-27,0.057714101920082674,0.05792391792438868,-0.0002098160043060883
midstream_pipelines,2025-07-04,0.030782202767854327,0.04426319586167419,-0.013480993093819942
midstream_pipelines,2025-07-11,-0.001085289813463434,0.009803312813672305,-0.010888602627135818
midstream_pipelines,2025-07-18,-0.0028598230432504063,0.006917706028454339,-0.009777529071704823
midstream_pipelines,2025-07-25,-0.0038547957086098113,0.02291296193523699,-0.02676775764384688
midstream_pipelines,2025-08-01,-0.005173922322165736,0.0016808863178936866,-0.006854808640059502
midstream_pipelines,2025-08-08,-0.000772279152501595,-0.0022190971846619396,0.001446818032160264
midstream_pipelines,2025-08-15,0.004658458540552531,-0.010691394397209118,0.015349852937761569
midstream_pipelines,2025-08-22,0.016273211763854455,-0.005046785298616184,0.021319997062470557
midstream_pipelines,2025-08-29,0.03462938882821565,0.006929827547989774,0.027699561280225795
midstream_pipelines,2025-09-05,0.014718060839075037,-0.00036479170429702234,0.015082852543371968
midstream_pipelines,2025-09-12,0.018373682266618313,0.017144052728564747,0.0012296295380534762
midstream_pipelines,2025-09-19,0.010622608147016932,0.02975671837659929,-0.019134110229582446
midstream_pipelines,2025-09-26,0.00019499409852205725,0.03862867236518833,-0.038433678266666355
midstream_pipelines,2025-10-03,-0.010512048388997507,0.0326434878088708,-0.0431555361978684
midstream_pipelines,2025-10-10,-0.06233685805790232,0.0036894589835390346,-0.06602631704144143
midstream_pipelines,2025-10-17,-0.04559254443112457,-0.014044022992935085,-0.03154852143818957
midstream_pipelines,2025-10-24,-0.026898991631284466,-0.001974165037778027,-0.02492482659350652
midstream_pipelines,2025-10-31,0.006923704140778113,0.01843253180538998,-0.01150882766461194
midstream_pipelines,2025-11-07,0.07229769600604544,0.006538319485035721,0.06575937652100963
midstream_pipelines,2025-11-14,0.07810513022280009,0.0010109072628462154,0.0770942229599538
midstream_pipelines,2025-11-21,0.04996640894680837,-0.043218392027642175,0.09318480097445048
midstream_pipelines,2025-11-28,0.06310987349265545,-0.026239802041300678,0.08934967553395605
midstream_pipelines,2025-12-05,0.04602948133181727,0.010511617969724992,0.0355178633620922
midstream_pipelines,2025-12-12,0.00895832419610837,-0.003521289101095542,0.012479613297203835
midstream_pipelines,2025-12-19,-0.005430568225109294,0.012968319139982629,-0.018398887365091997
midstream_pipelines,2025-12-26,-0.02181777958927239,-0.0026454895081002936,-0.01917229008117217
midstream_pipelines,2026-01-02,-0.010556067862247009,-0.014088710397649813,0.0035326425354027316
midstream_pipelines,2026-01-09,0.02394641032947141,0.029509229775765772,-0.005562819446294436
midstream_pipelines,2026-01-16,0.06869465512438595,0.04345099969609261,0.025243655428293266
midstream_pipelines,2026-01-23,0.0658023371162178,0.051718091926264365,0.01408424518995336
midstream_pipelines,2026-01-30,0.07961359356453257,0.06288339373654497,0.01673019982798752
midstream_pipelines,2026-02-06,0.0813766204166515,0.02725684711745814,0.054119773299193284
midstream_pipelines,2026-02-13,0.08738347456192486,0.009385743221826382,0.07799773134009841
midstream_pipelines,2026-02-20,0.09936156023282916,0.015337988345120904,0.08402357188770818
midstream_pipelines,2026-02-27,0.06912540027561369,0.002154333303062504,0.06697106697255113
midstream_pipelines,2026-03-06,0.05907273868038608,0.07120642497848224,-0.012133686298096233
midstream_pipelines,2026-03-13,0.009285446416656898,0.09085833379917305,-0.08157288738251622
midstream_pipelines,2026-03-20,0.011071508923148373,0.07664964552896364,-0.06557813660581535
midstream_pipelines,2026-03-27,0.026609252877506824,0.07611407358601961,-0.04950482070851288
midstream_pipelines,2026-04-03,-0.00336703337529946,0.05202855058823136,-0.05539558396353089
midstream_pipelines,2026-04-10,0.016101325012364512,0.0365888052322221,-0.020487480219857655
midstream_pipelines,2026-04-17,-0.020033420693188593,0.013034269431871788,-0.03306769012506045
midstream_pipelines,2026-04-24,-0.011031870579482034,0.04834829720781242,-0.05938016778729452
midstream_pipelines,2026-05-01,0.05217595532843031,0.03335290100511393,0.01882305432331631
midstream_pipelines,2026-05-08,0.03294074812336112,0.05030396288112074,-0.017363214757759683
ofs_equipment,2021-06-04,0.14523443349130807,0.04729454512464294,0.09793988836666515
ofs_equipment,2021-06-11,0.144707848849984,0.08008588076059046,0.06462196808939356
ofs_equipment,2021-06-18,0.14235087532745483,0.06328362532146514,0.0790672500059897
ofs_equipment,2021-06-25,0.14742082471816706,0.08571216731233813,0.06170865740582894
ofs_equipment,2021-07-02,-0.009878978659308747,0.04835757039176462,-0.058236549051073366
ofs_equipment,2021-07-09,-0.041175884943669264,0.018519212652724083,-0.05969509759639335
ofs_equipment,2021-07-16,-0.13065374560948684,0.010063784803751974,-0.1407175304132388
ofs_equipment,2021-07-23,-0.19299833330380636,-0.02781499780320395,-0.16518333550060244
ofs_equipment,2021-07-30,-0.15844209468385917,-0.014385557763920215,-0.14405653691993894
ofs_equipment,2021-08-06,-0.17117919173576754,-0.04811287582270045,-0.12306631591306709
ofs_equipment,2021-08-13,-0.0694693125515217,-0.006121067421858695,-0.063348245129663
ofs_equipment,2021-08-20,-0.12792785182948502,-0.09626365943892368,-0.03166419239056132
ofs_equipment,2021-08-27,-0.020205101609818032,-0.017980358682093495,-0.002224742927724531
ofs_equipment,2021-09-03,-0.003089267300627141,0.07761094678585412,-0.08070021408648125
ofs_equipment,2021-09-10,0.014976393075383896,0.09219659398648414,-0.07722020091110023
ofs_equipment,2021-09-17,0.10379940522004097,0.1739894178660876,-0.0701900126460466
ofs_equipment,2021-09-24,0.0015645007872638686,0.07791647807697749,-0.07635197728971362
ofs_equipment,2021-10-01,0.1346146778609487,0.04555713177692737,0.08905754608402132
ofs_equipment,2021-10-08,0.16614596146141694,0.05427374020770194,0.11187222125371499
ofs_equipment,2021-10-15,0.20217827799711247,0.10362766818287068,0.0985506098142418
ofs_equipment,2021-10-22,0.19330362356757363,0.12538328584451372,0.06792033772305991
ofs_equipment,2021-10-29,0.053318212735115354,0.09245047406458398,-0.03913226132946863
ofs_equipment,2021-11-05,0.052661512143903376,0.07934568924059981,-0.026684177096696435
ofs_equipment,2021-11-12,-0.054446429246182745,0.0294168341326113,-0.08386326337879405
ofs_equipment,2021-11-19,-0.17538738125521244,-0.03778421093665349,-0.13760317031855895
ofs_equipment,2021-11-26,-0.14207836276993327,-0.06123077792428776,-0.08084758484564553
ofs_equipment,2021-12-03,-0.22861931484942555,-0.15749115939363728,-0.07112815545578828
ofs_equipment,2021-12-10,-0.08227667816461809,-0.097550415989118,0.015273737824499894
ofs_equipment,2021-12-17,-0.06072277447505477,-0.08731163261849834,0.026588858143443556
ofs_equipment,2021-12-24,-0.0175968935997826,0.002412840213039731,-0.02000973381282234
ofs_equipment,2021-12-31,0.03127625875369867,0.10411462510132655,-0.07283836634762789
ofs_equipment,2022-01-07,0.049749498640656274,0.06946964892052447,-0.019720150279868218
ofs_equipment,2022-01-14,0.2291054217812991,0.11601277952514003,0.11309264225615906
ofs_equipment,2022-01-21,0.11982351699019134,0.015056340086335183,0.10476717690385612
ofs_equipment,2022-01-28,0.171944253140987,0.009299382683595573,0.1626448704573914
ofs_equipment,2022-02-04,0.1170372566333433,0.016914937118626572,0.1001223195147167
ofs_equipment,2022-02-11,0.023999758786304438,0.014612252466477002,0.00938750631982741
ofs_equipment,2022-02-18,0.04967264837511746,0.03807913010488441,0.011593518270233028
ofs_equipment,2022-02-25,-0.03096523286762752,0.05927439753410668,-0.09023963040173422
ofs_equipment,2022-03-04,0.023673607390503462,0.0904794606624619,-0.06680585327195845
ofs_equipment,2022-03-11,0.1396758086558081,0.08063184463328589,0.05904396402252216
ofs_equipment,2022-03-18,0.10447321151426554,0.13812106293923757,-0.03364785142497205
ofs_equipment,2022-03-25,0.1949936131936279,0.14509903710081584,0.04989457609281202
ofs_equipment,2022-04-01,0.09841848483907102,0.02634320379514779,0.07207528104392319
ofs_equipment,2022-04-08,-0.021250006684714218,0.0217604964307979,-0.04301050311551216
ofs_equipment,2022-04-15,0.10488766318081172,0.01668737169756247,0.08820029148324922
ofs_equipment,2022-04-22,-0.0027712738943091245,-0.08307877395784014,0.08030750006353099
ofs_equipment,2022-04-29,-0.1009521619634656,-0.057646626745055066,-0.04330553521841056
ofs_equipment,2022-05-06,-0.05351540783457052,-0.046204517494329696,-0.007310890340240857
ofs_equipment,2022-05-13,-0.16348286032985787,-0.11189254842318647,-0.051590311906671446
ofs_equipment,2022-05-20,-0.08845221871681534,-0.06193044869781588,-0.026521770018999496
ofs_equipment,2022-05-27,0.12486658670108314,0.02529749634695612,0.09956909035412699
ofs_equipment,2022-06-03,0.08382456269773984,0.025051582171696674,0.05877298052604315
ofs_equipment,2022-06-10,0.12718397645987956,0.037559055716639186,0.08962492074324037
ofs_equipment,2022-06-17,-0.08947752366595298,-0.0314154832061684,-0.058062040459784595
ofs_equipment,2022-06-24,-0.28908509571669266,-0.06475537735664666,-0.224329718360046
ofs_equipment,2022-07-01,-0.28106230882465055,-0.09218298872561434,-0.1888793200990362
ofs_equipment,2022-07-08,-0.29819093705076727,-0.06144061022336884,-0.2367503268273985
ofs_equipment,2022-07-15,-0.21697802277204725,-0.001522196232180608,-0.21545582653986667
ofs_equipment,2022-07-22,-0.10260517465167993,-0.03557528203041377,-0.06702989262126621
ofs_equipment,2022-07-29,0.03888324086592601,0.04393254009063064,-0.005049299224704679
ofs_equipment,2022-08-05,0.07029502403893806,-0.000217558832456069,0.07051258287139407
ofs_equipment,2022-08-12,0.27703895230425746,0.055428149309740216,0.22161080299451716
ofs_equipment,2022-08-19,0.20625895714763232,0.006392474178090024,0.19986648296954224
ofs_equipment,2022-08-26,0.11589148115178535,-0.04399396965208073,0.159885450803866
ofs_equipment,2022-09-02,0.09451764361198711,-0.046724981800149105,0.14124262541213614
ofs_equipment,2022-09-09,0.018016657939137877,-0.04678832280006844,0.06480498073920625
ofs_equipment,2022-09-16,0.02083182103401729,-0.05269475577306837,0.07352657680708559
ofs_equipment,2022-09-23,-0.17441303224150284,-0.14191095991725797,-0.03250207232424494
ofs_equipment,2022-09-30,-0.09009340343920696,-0.09279146222988552,0.002698058790678491
ofs_equipment,2022-10-07,0.0022618800815489837,-0.05010980829504261,0.05237168837659152
ofs_equipment,2022-10-14,0.003665337278851988,-0.051493052121899544,0.05515838940075147
ofs_equipment,2022-10-21,0.2716847379888557,0.07434872908712703,0.1973360089017286
ofs_equipment,2022-10-28,0.26815256516965186,0.10554575936918448,0.16260680580046732
ofs_equipment,2022-11-04,0.22584025332029262,0.023652248080000854,0.20218800524029168
ofs_equipment,2022-11-11,0.29946355575657296,0.11021435694890487,0.18924919880766805
ofs_equipment,2022-11-18,0.1468210283358152,0.0003427486979516725,0.14647827963786345
ofs_equipment,2022-11-25,0.08626101483657792,-0.050933089519142896,0.13719410435572074
ofs_equipment,2022-12-02,0.04042876356391907,-0.02399653561486185,0.06442529917878086
ofs_equipment,2022-12-09,-0.11317966006611888,-0.14976003182617498,0.03658037176005602
ofs_equipment,2022-12-16,-0.029460168421141103,-0.07393405261580947,0.0444738841946683
ofs_equipment,2022-12-23,0.029526214309973427,-0.019508334184992572,0.049034548494965934
ofs_equipment,2022-12-30,0.00419226766142306,-0.03562158973739324,0.03981385739881623
ofs_equipment,2023-01-06,0.12466691308787492,0.03286684413269156,0.09180006895518329
ofs_equipment,2023-01-13,0.12030677980979351,0.08951231551825327,0.03079446429154018
ofs_equipment,2023-01-20,0.09077728163622495,0.062370195078319215,0.028407086557905668
ofs_equipment,2023-01-27,0.0951847396764567,0.06617355786784188,0.029011181808614752
ofs_equipment,2023-02-03,0.07815117815237867,0.04450141937783766,0.03364975877454095
ofs_equipment,2023-02-10,0.08007162527268849,0.023998188833416097,0.056073436439272345
ofs_equipment,2023-02-17,0.03218739579168259,-0.017831204046443318,0.05001859983812584
ofs_equipment,2023-02-24,0.012959191971500464,-0.048727424942536283,0.06168661691403669
ofs_equipment,2023-03-03,0.07353807036255265,0.049088586479759944,0.024449483882792653
ofs_equipment,2023-03-10,-0.10973703240434324,-0.07311008343267326,-0.036626948971670036
ofs_equipment,2023-03-17,-0.23441743637031126,-0.12794051880803578,-0.10647691756227556
ofs_equipment,2023-03-24,-0.21369873341880302,-0.08379041899843824,-0.12990831442036485
ofs_equipment,2023-03-31,-0.1756256943548966,-0.046951294566605684,-0.12867439978829098
ofs_equipment,2023-04-07,-0.0743348835398568,0.05127942871763737,-0.12561431225749423
ofs_equipment,2023-04-14,0.11814266729800689,0.16132813993760936,-0.04318547263960253
ofs_equipment,2023-04-21,0.0612500571675952,0.10207345637823781,-0.04082339921064266
ofs_equipment,2023-04-28,-0.05600231087934039,0.017968507803022137,-0.07397081868236256
ofs_equipment,2023-05-05,-0.06307629112947682,-0.05097644757162258,-0.012099843557854283
ofs_equipment,2023-05-12,-0.14040191225994056,-0.08654592792111182,-0.05385598433882879
ofs_equipment,2023-05-19,-0.06318518213624778,-0.028883566950847178,-0.03430161518540065
ofs_equipment,2023-05-26,-0.04900502482926921,-0.02596307515483156,-0.0230419496744377
ofs_equipment,2023-06-02,0.02047946287527458,0.03810485207951878,-0.017625389204244245
ofs_equipment,2023-06-09,0.09532520962113941,0.04865004288824987,0.0466751667328895
ofs_equipment,2023-06-16,0.05150252144349855,0.06248776933127125,-0.010985247887772755
ofs_equipment,2023-06-23,0.03487914600249009,0.012048814555899089,0.022830331446590958
ofs_equipment,2023-06-30,0.07974717893548451,0.023197001637700117,0.056550177297784346
ofs_equipment,2023-07-07,0.09339182835046854,0.03750149561105587,0.05589033273941262
ofs_equipment,2023-07-14,0.13182824658953698,0.029735395685174516,0.10209285090436242
ofs_equipment,2023-07-21,0.18296197774905357,0.08971339211086106,0.09324858563819247
ofs_equipment,2023-07-28,0.12744497501162966,0.09495879549588385,0.03248617951574576
ofs_equipment,2023-08-04,0.08304306616696064,0.08737530637665855,-0.004332240209697959
ofs_equipment,2023-08-11,0.07983748431369339,0.07093024897543644,0.008907235338256901
ofs_equipment,2023-08-18,0.030583220215798696,0.030074489161708334,0.0005087310540903027
ofs_equipment,2023-08-25,-0.018150512960430704,0.00588236690424792,-0.02403287986467868
ofs_equipment,2023-09-01,0.0534149710164008,0.04436959876761072,0.009045372248790033
ofs_equipment,2023-09-08,0.04876301783557004,0.040535672188613536,0.008227345646956458
ofs_equipment,2023-09-15,0.0729629920930641,0.1055217730006241,-0.03255878090756005
ofs_equipment,2023-09-22,0.05406876785215825,0.0740116458568306,-0.019942878004672374
ofs_equipment,2023-09-29,-0.018244984214175645,0.03563702805016935,-0.05388201226434504
ofs_equipment,2023-10-06,-0.10747019141704506,-0.012347604441992802,-0.0951225869750523
ofs_equipment,2023-10-13,-0.04111799040655999,-0.027560483452923626,-0.01355750695363641
ofs_equipment,2023-10-20,-0.018286474797431798,-0.010699208112334487,-0.007587266685097358
ofs_equipment,2023-10-27,-0.029456836095010465,-0.05554692699648197,0.02609009090147146
ofs_equipment,2023-11-03,0.07272039150290745,0.004249129025824066,0.06847126247708335
ofs_equipment,2023-11-10,-0.04511604436163068,-0.035554155654166475,-0.009561888707464251
ofs_equipment,2023-11-17,-0.04433173663456594,-0.01091060670529893,-0.03342112992926705
ofs_equipment,2023-11-24,-0.040608242568761575,0.03138039308503384,-0.07198863565379546
ofs_equipment,2023-12-01,-0.07397857767221748,0.008553977950507061,-0.08253255562272457
ofs_equipment,2023-12-08,-0.06895252385486964,0.0008815030340627167,-0.0698340268889324
ofs_equipment,2023-12-15,-0.020125058079116215,-0.002625496046774898,-0.01749956203234137
ofs_equipment,2023-12-22,0.02610721917745477,0.023103758087364194,0.003003461090090521
ofs_equipment,2023-12-29,0.018041912285149855,0.014376352449539971,0.0036655598356098327
ofs_equipment,2024-01-05,0.0527038791475143,0.037752594604241504,0.01495128454327274
ofs_equipment,2024-01-12,-0.035598494739039095,0.06372884647803793,-0.09932734121707708
ofs_equipment,2024-01-19,-0.09279813985408245,0.04507224698079468,-0.13787038683487718
ofs_equipment,2024-01-26,-0.015858221215449164,0.08390337051346759,-0.09976159172891683
ofs_equipment,2024-02-02,-0.10800525936465677,0.07023440525725134,-0.17823966462190816
ofs_equipment,2024-02-09,-0.029670956822498675,0.06020670174267967,-0.08987765856517839
ofs_equipment,2024-02-16,0.023530616390453066,0.05543555543869117,-0.03190493904823816
ofs_equipment,2024-02-23,-0.041455317402047755,0.014226552395751137,-0.05568186979779894
ofs_equipment,2024-03-01,0.07789217249055803,0.06230280316651835,0.015589369324039641
ofs_equipment,2024-03-08,0.049797840918895796,0.016759477162746287,0.03303836375614945
ofs_equipment,2024-03-15,0.05282674333551837,0.024887358728406708,0.027939384607111616
ofs_equipment,2024-03-22,0.08403328556610315,0.052156441944954765,0.03187684362114834
ofs_equipment,2024-03-29,0.08437169519714657,0.03158492434484866,0.05278677085229787
ofs_equipment,2024-04-05,0.13484686765722215,0.08035627755480543,0.05449059010241668
ofs_equipment,2024-04-12,0.0450048773199829,0.056699292855338944,-0.011694415535356086
ofs_equipment,2024-04-19,-0.013607786622804471,-0.004904748126190239,-0.008703038496614277
ofs_equipment,2024-04-26,-0.036621464264027154,0.013179195636426541,-0.04980065990045374
ofs_equipment,2024-05-03,-0.11084483162529218,-0.0470879457092791,-0.06375688591601314
ofs_equipment,2024-05-10,-0.042214139912778545,-0.023180483988725683,-0.01903365592405291
ofs_equipment,2024-05-17,-0.004580000885476099,0.043518949534682425,-0.048098950420158576
ofs_equipment,2024-05-24,-0.031804037237875636,-0.011171542619984317,-0.02063249461789137
ofs_equipment,2024-05-31,0.007105637819385809,0.010400309482280934,-0.003294671662895177
ofs_equipment,2024-06-07,-0.09235386511582135,-0.023408930052128095,-0.0689449350636933
ofs_equipment,2024-06-14,-0.09388984831761887,-0.02020943030041631,-0.07368041801720263
ofs_equipment,2024-06-21,-0.03600553996732857,0.030891118860519283,-0.0668966588278479
ofs_equipment,2024-06-28,-0.004766802277262894,0.03628994791011605,-0.041056750187378976
ofs_equipment,2024-07-05,0.034923655051532825,0.0775018539693082,-0.04257819891777542
ofs_equipment,2024-07-12,0.06916698768626744,0.06526408772292615,0.0039028999633412623
ofs_equipment,2024-07-19,0.08776485040766796,-0.007754836887644508,0.09551968729531242
ofs_equipment,2024-07-26,0.06518421363801344,-0.04322933029584656,0.10841354393385996
ofs_equipment,2024-08-02,0.06393766312449145,-0.1355300192777471,0.19946768240223853
ofs_equipment,2024-08-09,-0.014375833670818787,-0.12026046969932602,0.1058846360285072
ofs_equipment,2024-08-16,-0.034233166779105664,-0.0464367946881155,0.0122036279090098
ofs_equipment,2024-08-23,-0.03028501175805361,-0.007395127972336722,-0.02288988378571693
ofs_equipment,2024-08-30,-0.0020245128147402796,0.0545157746074412,-0.05654028742218151
ofs_equipment,2024-09-06,-0.07197893521321497,-0.07791284944439622,0.005933914231181209
ofs_equipment,2024-09-13,-0.09403238606219695,-0.05526281955129621,-0.03876956651090077
ofs_equipment,2024-09-20,-0.044904799867617584,-0.014111000205560838,-0.03079379966205676
ofs_equipment,2024-09-27,-0.10095975153402026,-0.018668890407242643,-0.08229086112677764
ofs_equipment,2024-10-04,0.07171932116053689,0.1566243801224136,-0.08490505896187671
ofs_equipment,2024-10-11,0.06056264317226097,0.11825794554203681,-0.05769530236977587
ofs_equipment,2024-10-18,-0.09068021086579053,0.0445603161723019,-0.13524052703809247
ofs_equipment,2024-10-25,-0.03415325308451301,0.06091606565728831,-0.09506931874180136
ofs_equipment,2024-11-01,-0.10400890165662903,-0.038582845686161146,-0.0654260559704679
ofs_equipment,2024-11-08,0.0185938716804339,-0.01300524434697703,0.031599116027410896
ofs_equipment,2024-11-15,0.05835414122732755,-0.021199247095215073,0.07955338832254258
ofs_equipment,2024-11-22,0.13117464303012819,0.03318227670675196,0.09799236632337618
ofs_equipment,2024-11-29,0.11734729800935656,0.034888377430574116,0.0824589205787824
ofs_equipment,2024-12-06,-0.049013959124974124,-0.001512956875642831,-0.047501002249331334
ofs_equipment,2024-12-13,-0.012436811137034952,0.03443855788204199,-0.04687536901907698
ofs_equipment,2024-12-20,-0.15958689592806324,-0.05754572351856576,-0.10204117240949753
ofs_equipment,2024-12-27,-0.11510994693901969,-0.01128061069981447,-0.10382933623920526
ofs_equipment,2025-01-03,0.01119492747376779,0.022069585123338738,-0.01087465764957099
ofs_equipment,2025-01-10,-0.0028649482699946646,0.020667199958927872,-0.023532148228922578
ofs_equipment,2025-01-17,0.15940574912769195,0.086960306492122,0.0724454426355699
ofs_equipment,2025-01-24,0.09761186006145336,0.06971904423099257,0.027892815830460743
ofs_equipment,2025-01-31,-0.03159790886617243,0.00027126566072378094,-0.031869174526896256
ofs_equipment,2025-02-07,0.0034591578413507885,-0.010267073598449389,0.013726231439800136
ofs_equipment,2025-02-14,-0.037393354796279386,-0.04266276279699917,0.0052694080007197434
ofs_equipment,2025-02-21,-0.06260169605697483,-0.0690150229314457,0.00641332687447084
ofs_equipment,2025-02-28,-0.005280578424298171,-0.05913141153130106,0.05385083310700286
ofs_equipment,2025-03-07,-0.10577187651908102,-0.09377491794345771,-0.011996958575623329
ofs_equipment,2025-03-14,-0.1431416553767384,-0.10669645873359651,-0.03644519664314191
ofs_equipment,2025-03-21,-0.04248306177282946,-0.05883288517991145,0.016349823407081965
ofs_equipment,2025-03-28,-0.030145377173563498,-0.04973964609448237,0.019594268920918843
ofs_equipment,2025-04-04,-0.1527519305408569,-0.15853590545182414,0.005783974910967188
ofs_equipment,2025-04-11,-0.16989486148388538,-0.0912031660921874,-0.07869169539169797
ofs_equipment,2025-04-18,-0.15588742390398275,-0.09187007923314057,-0.06401734467084216
ofs_equipment,2025-04-25,-0.16387173808730712,-0.04903807077732064,-0.11483366730998651
ofs_equipment,2025-05-02,0.08990536496910556,0.08776875021775837,0.00213661475134716
ofs_equipment,2025-05-09,0.12586823385121057,0.07045130975905078,0.05541692409215973
ofs_equipment,2025-05-16,0.11358684517204175,0.10054855891927608,0.013038286252765634
ofs_equipment,2025-05-23,0.049471145036558174,0.08290769514886621,-0.033436550112308075
ofs_equipment,2025-05-30,-0.0011164668115959191,0.0960018157083209,-0.09711828251991686
ofs_equipment,2025-06-06,0.06516748478578353,0.12004883272991171,-0.05488134794412822
ofs_equipment,2025-06-13,0.11425915085521676,0.1539695258119215,-0.039710374956704764
ofs_equipment,2025-06-20,0.17513422707199522,0.16343335083847288,0.011700876233522301
ofs_equipment,2025-06-27,0.15810728318983036,0.1188835571159928,0.039223726073837534
ofs_equipment,2025-07-04,0.09701738192173338,0.08409311588366772,0.012924266038065627
ofs_equipment,2025-07-11,0.042234984426524666,0.014096367993930669,0.028138616432593955
ofs_equipment,2025-07-18,-0.020834182888355555,0.011475661442106305,-0.0323098443304619
ofs_equipment,2025-07-25,0.05777878823780239,0.05286973277340686,0.004909055464395504
ofs_equipment,2025-08-01,-0.06437739902738493,0.005649334071729052,-0.07002673309911402
ofs_equipment,2025-08-08,-0.07255287651602754,-0.012171156311452866,-0.06038172020457472
ofs_equipment,2025-08-15,0.007737386059546238,-0.033599759743432156,0.041337145802978356
ofs_equipment,2025-08-22,0.012562824014480375,-0.017513513124664547,0.030076337139144885
ofs_equipment,2025-08-29,0.14151300957234897,0.010115446400489477,0.13139756317185947
ofs_equipment,2025-09-05,0.11735694977018472,-0.011873416137722055,0.12923036590790674
ofs_equipment,2025-09-12,0.09622773925193208,0.024059033985309987,0.07216870526662203
ofs_equipment,2025-09-19,0.02575471386577895,0.05784558902538786,-0.032090875159608956
ofs_equipment,2025-09-26,0.06303430418237221,0.08084707147678186,-0.017812767294409677
ofs_equipment,2025-10-03,0.009516637664021117,0.06779791090687498,-0.0582812732428539
ofs_equipment,2025-10-10,-0.06924757216472188,0.01329295556895229,-0.08254052773367422
ofs_equipment,2025-10-17,-0.026106432385331786,-0.035575891618589484,0.009469459233257642
ofs_equipment,2025-10-24,0.015388934782241376,-0.01704949970636168,0.03243843448860301
ofs_equipment,2025-10-31,0.06792782849979669,0.04024059797282193,0.027687230526974704
ofs_equipment,2025-11-07,0.17590828080473686,0.00956745862823978,0.16634082217649698
ofs_equipment,2025-11-14,0.14853058888639742,0.005142168092756602,0.14338842079364075
ofs_equipment,2025-11-21,0.029558918687130405,-0.09012093542179522,0.11967985410892557
ofs_equipment,2025-11-28,0.05748384269388379,-0.0680887880205097,0.12557263071439345
ofs_equipment,2025-12-05,0.09175939162043695,0.01929882727984606,0.07246056434059081
ofs_equipment,2025-12-12,0.09489829914217518,-0.012550777754387323,0.10744907689656245
ofs_equipment,2025-12-19,0.0887132661407615,0.023942709717176075,0.06477055642358537
ofs_equipment,2025-12-26,0.058149386302175775,-0.003978712205673758,0.062128098507849484
ofs_equipment,2026-01-02,0.04032736736437081,-0.029760082837805388,0.07008745020217615
ofs_equipment,2026-01-09,0.1046666152442114,0.06604235298961264,0.038624262254598724
ofs_equipment,2026-01-16,0.14039123578779886,0.10559471997310979,0.03479651581468901
ofs_equipment,2026-01-23,0.17464844496001863,0.12160027793144812,0.05304816702857047
ofs_equipment,2026-01-30,0.15888717610557587,0.14959236807847054,0.009294808027105281
ofs_equipment,2026-02-06,0.1404580230445277,0.06912095763318342,0.07133706541134423
ofs_equipment,2026-02-13,0.13460757277118618,0.022961922881916605,0.11164564988926953
ofs_equipment,2026-02-20,0.19146598978589743,0.04508895365003182,0.14637703613586556
ofs_equipment,2026-02-27,0.16762530942158188,0.004327212585863556,0.16329809683571828
ofs_equipment,2026-03-06,0.0323057052224312,0.1532111329502866,-0.12090542772785545
ofs_equipment,2026-03-13,-0.014254416288846439,0.19837234487925878,-0.21262676116810528
ofs_equipment,2026-03-20,-0.09175793935778292,0.1690106856876289,-0.2607686250454119
ofs_equipment,2026-03-27,-0.02501213988877775,0.17320140736132378,-0.19821354725010154
ofs_equipment,2026-04-03,0.01388354747900588,0.09218900263305921,-0.07830545515405338
ofs_equipment,2026-04-10,0.10301103306359038,0.07194493660438417,0.031066096459206168
ofs_equipment,2026-04-17,0.039756873513593416,0.02324175538447925,0.016515118129114124
ofs_equipment,2026-04-24,0.044552774500362435,0.08386482820573087,-0.03931205370536847
ofs_equipment,2026-05-01,0.06570411896710396,0.0734861678270142,-0.007782048859910268
ofs_equipment,2026-05-08,-0.039422992005126445,0.08329505106694435,-0.12271804307207082
upstream_offshore_drillers,2021-06-04,0.12415931018411391,0.03409038976211018,0.09006892042200373
upstream_offshore_drillers,2021-06-11,0.09273462387341552,0.06043995123669595,0.03229467263671959
upstream_offshore_drillers,2021-06-18,0.08334476218795789,0.038657464963683705,0.0446872972242742
upstream_offshore_drillers,2021-06-25,0.11709794041500957,0.06330637264117334,0.05379156777383624
upstream_offshore_drillers,2021-07-02,0.037783419945555716,0.028759741696438634,0.009023678249117088
upstream_offshore_drillers,2021-07-09,0.03203490588440887,0.0029842911036477293,0.02905061478076114
upstream_offshore_drillers,2021-07-16,-0.04855665856414433,-0.0007164558620127021,-0.04784020270213162
upstream_offshore_drillers,2021-07-23,-0.11803972425612363,-0.03650240251906241,-0.08153732173706123
upstream_offshore_drillers,2021-07-30,-0.14791125654301798,-0.022899327636361842,-0.12501192890665613
upstream_offshore_drillers,2021-08-06,-0.1380053308114287,-0.04494814217684823,-0.09305718863458047
upstream_offshore_drillers,2021-08-13,-0.029382444587880446,-0.007711625681966464,-0.021670818905913977
upstream_offshore_drillers,2021-08-20,-0.07179527032543874,-0.08089349650683222,0.009098226181393478
upstream_offshore_drillers,2021-08-27,0.030661237439101055,-0.015001798953649004,0.04566303639275007
upstream_offshore_drillers,2021-09-03,0.09840891780180983,0.0706787249441187,0.02773019285769112
upstream_offshore_drillers,2021-09-10,0.1315538043714501,0.087045840201108,0.04450796417034209
upstream_offshore_drillers,2021-09-17,0.1551834298159452,0.15139869581797855,0.00378473399796668
upstream_offshore_drillers,2021-09-24,0.05323112493229077,0.06829954384119175,-0.015068418908900951
upstream_offshore_drillers,2021-10-01,0.07776401270591726,0.03332431224576987,0.044439700460147405
upstream_offshore_drillers,2021-10-08,0.04790381953945628,0.03873380680091358,0.009170012738542718
upstream_offshore_drillers,2021-10-15,0.07491592787761435,0.08906014164339585,-0.014144213765781483
upstream_offshore_drillers,2021-10-22,0.05584605777838342,0.11520132108967254,-0.05935526331128911
upstream_offshore_drillers,2021-10-29,-0.04663829779567151,0.08317909005483523,-0.12981738785050673
upstream_offshore_drillers,2021-11-05,-0.012370633594467748,0.0725574290223385,-0.08492806261680624
upstream_offshore_drillers,2021-11-12,-0.038746309390493845,0.027774366847571605,-0.06652067623806544
upstream_offshore_drillers,2021-11-19,-0.09075132878119707,-0.03921153272144472,-0.05153979605975235
upstream_offshore_drillers,2021-11-26,-0.09600077816070791,-0.056620130980834765,-0.039380647179873135
upstream_offshore_drillers,2021-12-03,-0.13905211784442897,-0.1443705967013264,0.005318478856897464
upstream_offshore_drillers,2021-12-10,-0.06747312378540796,-0.09660488546052698,0.02913176167511903
upstream_offshore_drillers,2021-12-17,-0.024878114961561438,-0.08528758169357473,0.060409466732013306
upstream_offshore_drillers,2021-12-24,0.06488803141677014,-0.005328588684311866,0.07021662010108204
upstream_offshore_drillers,2021-12-31,0.0504460323654608,0.08456075333476377,-0.03411472096930295
upstream_offshore_drillers,2022-01-07,0.08223065278988823,0.06084970560450711,0.02138094718538113
upstream_offshore_drillers,2022-01-14,0.115775426048082,0.101755361218502,0.014020064829580011
upstream_offshore_drillers,2022-01-21,0.012085555219957578,0.007088960778049373,0.004996594441908229
upstream_offshore_drillers,2022-01-28,0.07171921083204333,0.003074379229229273,0.06864483160281407
upstream_offshore_drillers,2022-02-04,0.0552526360065151,0.010098004346251355,0.04515463166026376
upstream_offshore_drillers,2022-02-11,0.015373899528158184,0.01182131577744965,0.003552583750708549
upstream_offshore_drillers,2022-02-18,0.05429534512601001,0.03409951144360408,0.020195833682405944
upstream_offshore_drillers,2022-02-25,0.01290005775800064,0.05641912960253233,-0.04351907184453167
upstream_offshore_drillers,2022-03-04,0.08691194191547305,0.09558379118942795,-0.008671849273954882
upstream_offshore_drillers,2022-03-11,0.15601895976972238,0.08465202806220004,0.07136693170752234
upstream_offshore_drillers,2022-03-18,0.14320230391135663,0.13603034608186174,0.007171957829494917
upstream_offshore_drillers,2022-03-25,0.26034139679017926,0.1624262029959701,0.09791519379420918
upstream_offshore_drillers,2022-04-01,0.08758019878678305,0.017984321573316378,0.06959587721346669
upstream_offshore_drillers,2022-04-08,0.02659253844215152,0.023246459864866568,0.003346078577284965
upstream_offshore_drillers,2022-04-15,0.06764672659530156,0.031041501912845524,0.03660522468245607
upstream_offshore_drillers,2022-04-22,-0.10591881689072398,-0.08808406945667167,-0.017834747434052278
upstream_offshore_drillers,2022-04-29,-0.08711263089305069,-0.046307831882954474,-0.04080479901009618
upstream_offshore_drillers,2022-05-06,-0.006285102831649347,-0.03567572959331283,0.029390626761663506
upstream_offshore_drillers,2022-05-13,-0.027894486020172728,-0.1091755990156784,0.08128111299550571
upstream_offshore_drillers,2022-05-20,0.022220117802554118,-0.05668236913987755,0.0789024869424317
upstream_offshore_drillers,2022-05-27,0.108232554055089,0.026719899645057922,0.0815126544100311
upstream_offshore_drillers,2022-06-03,0.03833659573160209,0.02591655069482264,0.012420045036779483
upstream_offshore_drillers,2022-06-10,0.031314753088050165,0.04904074946406087,-0.017725996376010664
upstream_offshore_drillers,2022-06-17,-0.05468981757491524,-0.03382765502617788,-0.02086216254873733
upstream_offshore_drillers,2022-06-24,-0.20915868552664926,-0.06709874613363463,-0.1420599393930146
upstream_offshore_drillers,2022-07-01,-0.23615882428177545,-0.10342072265272678,-0.13273810162904864
upstream_offshore_drillers,2022-07-08,-0.21168029961795737,-0.08020513455762467,-0.1314751650603327
upstream_offshore_drillers,2022-07-15,-0.19368679722280363,-0.02002962920852136,-0.17365716801428224
upstream_offshore_drillers,2022-07-22,-0.08689685346893561,-0.05154649560030402,-0.03535035786863156
upstream_offshore_drillers,2022-07-29,0.08469639367016993,0.02538790529151623,0.05930848837865372
upstream_offshore_drillers,2022-08-05,0.07712383444071998,-0.01673199800878611,0.0938558324495061
upstream_offshore_drillers,2022-08-12,0.21196150658351576,0.04814868697500252,0.16381281960851327
upstream_offshore_drillers,2022-08-19,0.17424791557783584,0.007339925610154091,0.16690798996768175
upstream_offshore_drillers,2022-08-26,0.02470288527932392,-0.0379198797022397,0.06262276498156363
upstream_offshore_drillers,2022-09-02,0.041166764952444465,-0.037739166685866216,0.0789059316383107
upstream_offshore_drillers,2022-09-09,0.02558270978000219,-0.033849318115689184,0.05943202789569138
upstream_offshore_drillers,2022-09-16,-0.023535926397939,-0.04043359170876843,0.016897665310829445
upstream_offshore_drillers,2022-09-23,-0.14781825843492655,-0.12309254779494919,-0.02472571063997736
upstream_offshore_drillers,2022-09-30,-0.12192628474779398,-0.08045712225289271,-0.04146916249490125
upstream_offshore_drillers,2022-10-07,-0.058215401765355015,-0.04315503509760338,-0.01506036666775163
upstream_offshore_drillers,2022-10-14,-0.006302096500175096,-0.046857403019481624,0.04055530651930653
upstream_offshore_drillers,2022-10-21,0.21318912649965854,0.07261019319147125,0.14057893330818733
upstream_offshore_drillers,2022-10-28,0.23252025799515183,0.09468882264800223,0.1378314353471496
upstream_offshore_drillers,2022-11-04,0.16326001687126043,0.02277900854259117,0.14048100832866928
upstream_offshore_drillers,2022-11-11,0.21532503713728535,0.09723592899321773,0.11808910814406762
upstream_offshore_drillers,2022-11-18,0.09394901897586048,-0.010313331271686071,0.10426235024754657
upstream_offshore_drillers,2022-11-25,0.02276641454981837,-0.05164064027196682,0.0744070548217852
upstream_offshore_drillers,2022-12-02,0.012419977457360454,-0.037675916277323196,0.050095893734683664
upstream_offshore_drillers,2022-12-09,-0.12032958904443028,-0.14037084255214563,0.02004125350771536
upstream_offshore_drillers,2022-12-16,-0.05070912802222799,-0.07543265309350525,0.02472352507127726
upstream_offshore_drillers,2022-12-23,0.03790219823384374,-0.023064396678029536,0.060966594911873284
upstream_offshore_drillers,2022-12-30,0.02701704188629326,-0.030741076008082187,0.057758117894375446
upstream_offshore_drillers,2023-01-06,0.1163476837280877,0.02483680983264754,0.09151087389544015
upstream_offshore_drillers,2023-01-13,0.1524960350374462,0.07735324682203701,0.07514278821540918
upstream_offshore_drillers,2023-01-20,0.13725405165839483,0.04751417369929706,0.0897398779590978
upstream_offshore_drillers,2023-01-27,0.16744274823155808,0.05119467129962656,0.11624807693193154
upstream_offshore_drillers,2023-02-03,0.16556020287459433,0.03719145865873173,0.1283687442158626
upstream_offshore_drillers,2023-02-10,0.13460062527725478,0.023735356414626707,0.11086526886262808
upstream_offshore_drillers,2023-02-17,0.04333629216856077,-0.008956473818175732,0.05229276598673653
upstream_offshore_drillers,2023-02-24,-0.05473484668859119,-0.039645122801260466,-0.015089723887330701
upstream_offshore_drillers,2023-03-03,0.041796160208153535,0.04207336355669759,-0.00027720334854403755
upstream_offshore_drillers,2023-03-10,-0.09273155183598955,-0.07623611132827793,-0.016495440507711602
upstream_offshore_drillers,2023-03-17,-0.15721381625362196,-0.12594119089216838,-0.031272625361453574
upstream_offshore_drillers,2023-03-24,-0.055582149064615956,-0.09046137108831295,0.03487922202369702
upstream_offshore_drillers,2023-03-31,-0.09739140348418474,-0.05600150028443,-0.04138990319975471
upstream_offshore_drillers,2023-04-07,-0.035291722387761904,0.031527104442933634,-0.06681882683069551
upstream_offshore_drillers,2023-04-14,0.08933745008704673,0.1342867497683514,-0.04494929968130464
upstream_offshore_drillers,2023-04-21,-0.00466592386929169,0.08674044667265057,-0.09140637054194226
upstream_offshore_drillers,2023-04-28,-0.05523037519815594,0.011758867271666027,-0.06698924246982195
upstream_offshore_drillers,2023-05-05,-0.02993931877148345,-0.03791330138395871,0.007973982612475276
upstream_offshore_drillers,2023-05-12,-0.05877893548571452,-0.07446300227253702,0.01568406678682252
upstream_offshore_drillers,2023-05-19,-0.004713974713156111,-0.021311586244540964,0.016597611531384865
upstream_offshore_drillers,2023-05-26,0.026469091656847007,-0.017412334355881014,0.043881426012728035
upstream_offshore_drillers,2023-06-02,0.05391788396276409,0.03700748116735794,0.01691040279540616
upstream_offshore_drillers,2023-06-09,0.03498364674405492,0.04730895270099082,-0.012325305956935892
upstream_offshore_drillers,2023-06-16,0.025788593833225355,0.056257166582513625,-0.030468572749288263
upstream_offshore_drillers,2023-06-23,-0.03546556383017655,0.010979293713310669,-0.04644485754348721
upstream_offshore_drillers,2023-06-30,0.03641731358168228,0.020556538932550664,0.01586077464913163
upstream_offshore_drillers,2023-07-07,0.1141951906836707,0.03183419080865763,0.08236099987501308
upstream_offshore_drillers,2023-07-14,0.15404840140765966,0.02100560062367296,0.13304280078398673
upstream_offshore_drillers,2023-07-21,0.2231646090223835,0.0728838306491896,0.15028077837319395
upstream_offshore_drillers,2023-07-28,0.14690134299574495,0.07817441683501161,0.06872692616073339
upstream_offshore_drillers,2023-08-04,0.09505449079287906,0.07238467995669974,0.02266981083617936
upstream_offshore_drillers,2023-08-11,0.07285358634223134,0.06385308557642998,0.00900050076580138
upstream_offshore_drillers,2023-08-18,0.025686672139974977,0.029301850667755647,-0.003615178527780656
upstream_offshore_drillers,2023-08-25,-0.0233528168876821,0.007254025843608233,-0.030606842731290315
upstream_offshore_drillers,2023-09-01,0.019420989848888626,0.04124510187500274,-0.021824112026114097
upstream_offshore_drillers,2023-09-08,-0.027375679232918084,0.037559165334703375,-0.06493484456762144
upstream_offshore_drillers,2023-09-15,-0.0022730930098299462,0.09900350599268165,-0.10127659900251158
upstream_offshore_drillers,2023-09-22,-0.00035586753047599923,0.07243608680273722,-0.0727919543332132
upstream_offshore_drillers,2023-09-29,-0.04119253434897732,0.03973911483947253,-0.08093164918844983
upstream_offshore_drillers,2023-10-06,-0.04625400251572858,-0.002255795688948018,-0.043998206826780545
upstream_offshore_drillers,2023-10-13,-0.05296681835633459,-0.024950850038140703,-0.02801596831819387
upstream_offshore_drillers,2023-10-20,-0.06824770732719661,-0.005251688802193687,-0.0629960185250029
upstream_offshore_drillers,2023-10-27,-0.11047480364033047,-0.05118995094639551,-0.05928485269393492
upstream_offshore_drillers,2023-11-03,-0.023497006207136822,-0.004200702398953551,-0.019296303808183257
upstream_offshore_drillers,2023-11-10,-0.06470549834751382,-0.033270101020499245,-0.03143539732701455
upstream_offshore_drillers,2023-11-17,-0.020134153684042363,-0.020008704790771326,-0.00012544889327100947
upstream_offshore_drillers,2023-11-24,0.020937257804510667,0.021419714461545676,-0.00048245665703497854
upstream_offshore_drillers,2023-12-01,-0.008766209563224601,-0.00011425467568709855,-0.008651954887537474
upstream_offshore_drillers,2023-12-08,-0.04575939681938388,-0.005876640842908964,-0.03988275597647488
upstream_offshore_drillers,2023-12-15,-0.009563301158456772,-0.014866367221418878,0.005303066062962141
upstream_offshore_drillers,2023-12-22,0.03977920104481323,0.004780596206522356,0.03499860483829091
upstream_offshore_drillers,2023-12-29,0.025382344693560523,0.002491988993024788,0.02289035570053577
upstream_offshore_drillers,2024-01-05,0.08831079313428265,0.022215785016754867,0.0660950081175278
upstream_offshore_drillers,2024-01-12,0.0022565215385232373,0.055672665966150656,-0.053416144427627384
upstream_offshore_drillers,2024-01-19,-0.05899262684532025,0.04305321563454416,-0.10204584247986437
upstream_offshore_drillers,2024-01-26,-0.02638302817116981,0.07485562424766348,-0.10123865241883326
upstream_offshore_drillers,2024-02-02,-0.08725097743267429,0.06274913366491432,-0.15000011109758857
upstream_offshore_drillers,2024-02-09,-0.040370047614127345,0.04875416338618785,-0.08912421100031515
upstream_offshore_drillers,2024-02-16,-0.0380846001229596,0.04394418986021059,-0.08202878998317016
upstream_offshore_drillers,2024-02-23,-0.07134155385454267,0.006978968173445094,-0.07832052202798771
upstream_offshore_drillers,2024-03-01,0.015822344350931706,0.04625789931112631,-0.03043555496019456
upstream_offshore_drillers,2024-03-08,0.037891657587600394,0.0055925580759151,0.032299099511685345
upstream_offshore_drillers,2024-03-15,0.0956239959652778,0.015504448307545085,0.08011954765773276
upstream_offshore_drillers,2024-03-22,0.10388108211758033,0.042166681759857286,0.06171440035772309
upstream_offshore_drillers,2024-03-29,0.09743769264933261,0.02595945564888085,0.07147823700045179
upstream_offshore_drillers,2024-04-05,0.10179971247821187,0.07663345310753097,0.025166259370680944
upstream_offshore_drillers,2024-04-12,0.0164038529720335,0.05255519646674782,-0.03615134349471427
upstream_offshore_drillers,2024-04-19,-0.0442169980265031,-0.0005342492740753185,-0.043682748752427725
upstream_offshore_drillers,2024-04-26,-0.04692510385419846,0.0171723208771572,-0.0640974247313556
upstream_offshore_drillers,2024-05-03,-0.08619656403455789,-0.04308843577399413,-0.04310812826056372
upstream_offshore_drillers,2024-05-10,-0.01871114911739722,-0.021903625617140005,0.0031924764997428336
upstream_offshore_drillers,2024-05-17,0.10814029398638694,0.036583945295779845,0.07155634869060713
upstream_offshore_drillers,2024-05-24,0.06939400481240668,-0.013052525032539949,0.08244652984494666
upstream_offshore_drillers,2024-05-31,0.1310258939188119,0.008942787256859314,0.12208310666195264
upstream_offshore_drillers,2024-06-07,0.01681301068122698,-0.025245009311662646,0.04205801999288968
upstream_offshore_drillers,2024-06-14,-0.0673220647964505,-0.028756939336278695,-0.03856512546017174
upstream_offshore_drillers,2024-06-21,-0.03632856081163523,0.015032493729233657,-0.05136105454086882
upstream_offshore_drillers,2024-06-28,-0.048828681925942766,0.0194921142654121,-0.06832079619135481
upstream_offshore_drillers,2024-07-05,0.022563513130241596,0.05918101416533424,-0.036617501035092585
upstream_offshore_drillers,2024-07-12,0.06771991210379343,0.05401175631426014,0.013708155789533348
upstream_offshore_drillers,2024-07-19,0.0617886635404356,-0.01240459409706323,0.0741932576374989
upstream_offshore_drillers,2024-07-26,0.07491865813764104,-0.0457611390012794,0.12067979713892052
upstream_offshore_drillers,2024-08-02,-0.032586345664515015,-0.13808335631525828,0.10549701065074334
upstream_offshore_drillers,2024-08-09,-0.12889647459625958,-0.12225197761920636,-0.006644496977053119
upstream_offshore_drillers,2024-08-16,-0.12101074949693047,-0.05450093282498078,-0.06650981667194963
upstream_offshore_drillers,2024-08-23,-0.18331072098574872,-0.01818794880094486,-0.16512277218480376
upstream_offshore_drillers,2024-08-30,-0.06782842295002477,0.048734508907199506,-0.11656293185722422
upstream_offshore_drillers,2024-09-06,-0.0504147682542753,-0.07283823181709191,0.022423463562816673
upstream_offshore_drillers,2024-09-13,-0.0481520814372326,-0.05176078929670559,0.003608707859473051
upstream_offshore_drillers,2024-09-20,0.01047675722421805,-0.014874184980406997,0.025350942204625103
upstream_offshore_drillers,2024-09-27,0.016233874768755922,-0.014121612592608164,0.030355487361364144
upstream_offshore_drillers,2024-10-04,0.08445421740071907,0.1437577309711356,-0.059303513570416466
upstream_offshore_drillers,2024-10-11,-0.009246719653271882,0.10977712907719363,-0.11902384873046544
upstream_offshore_drillers,2024-10-18,-0.09158812553868018,0.05227513804216459,-0.1438632635808447
upstream_offshore_drillers,2024-10-25,-0.08782685601146462,0.05975536156932509,-0.14758221758078965
upstream_offshore_drillers,2024-11-01,-0.1133920503337004,-0.025328050470931184,-0.08806399986276914
upstream_offshore_drillers,2024-11-08,0.02219357515684707,-0.005217372383618198,0.027410947540465337
upstream_offshore_drillers,2024-11-15,0.01642427769984854,-0.017438052319806177,0.03386233001965479
upstream_offshore_drillers,2024-11-22,0.06982770708680856,0.030818460968685683,0.03900924611812295
upstream_offshore_drillers,2024-11-29,0.03365788403486595,0.026618205063202564,0.007039678971663452
upstream_offshore_drillers,2024-12-06,-0.11205896354899697,-0.0052019801947646655,-0.10685698335423223
upstream_offshore_drillers,2024-12-13,-0.061326198939109,0.022903097875501346,-0.08422929681461026
upstream_offshore_drillers,2024-12-20,-0.16422140917611636,-0.05546314810601538,-0.10875826107010089
upstream_offshore_drillers,2024-12-27,-0.1067255643862035,-0.011206531367783287,-0.09551903301842014
upstream_offshore_drillers,2025-01-03,0.06661657235934305,0.01771758579486584,0.0488989865644773
upstream_offshore_drillers,2025-01-10,0.03670549969163912,0.01611857628357613,0.020586923408063073
upstream_offshore_drillers,2025-01-17,0.11438182971730168,0.0697266417712091,0.04465518794609265
upstream_offshore_drillers,2025-01-24,0.11274092624233295,0.05853035257055055,0.054210573671782475
upstream_offshore_drillers,2025-01-31,-0.007376167976182943,-0.004646133693898116,-0.0027300342822847486
upstream_offshore_drillers,2025-02-07,-0.06126175473784307,-0.013696640171073077,-0.04756511456676992
upstream_offshore_drillers,2025-02-14,-0.07118716809920726,-0.040846506975564384,-0.030340661123642806
upstream_offshore_drillers,2025-02-21,-0.15113245471242998,-0.07292669651273671,-0.07820575819969319
upstream_offshore_drillers,2025-02-28,-0.20908097801041142,-0.06600089667912162,-0.14308008133128974
upstream_offshore_drillers,2025-03-07,-0.15647861171040517,-0.0945068035377109,-0.06197180817269416
upstream_offshore_drillers,2025-03-14,-0.1835735417389054,-0.10551356299822655,-0.07805997874067876
upstream_offshore_drillers,2025-03-21,-0.09638981773747643,-0.06064858158591875,-0.035741236151557595
upstream_offshore_drillers,2025-03-28,0.006938476529226943,-0.05156185462427533,0.05850033115350235
upstream_offshore_drillers,2025-04-04,-0.18784504828775633,-0.15038675689500525,-0.03745829139275098
upstream_offshore_drillers,2025-04-11,-0.1434130567801617,-0.07485887440295926,-0.06855418237720239
upstream_offshore_drillers,2025-04-18,-0.13373560913105015,-0.08269644322386828,-0.05103916590718179
upstream_offshore_drillers,2025-04-25,-0.12978673168124236,-0.037857302941573814,-0.09192942873966845
upstream_offshore_drillers,2025-05-02,0.15014245947585894,0.09464623790110357,0.05549622157475545
upstream_offshore_drillers,2025-05-09,0.18264119757412794,0.06185795959882774,0.1207832379753003
upstream_offshore_drillers,2025-05-16,0.19777682945538083,0.09702009010699443,0.10075673934838648
upstream_offshore_drillers,2025-05-23,0.17377494754244036,0.0851873576727005,0.08858758986973993
upstream_offshore_drillers,2025-05-30,0.11133550234202286,0.08658435056135795,0.024751151780664987
upstream_offshore_drillers,2025-06-06,0.08463828135858474,0.10772570119248441,-0.02308741983389959
upstream_offshore_drillers,2025-06-13,0.11876525329968304,0.1292410918094445,-0.010475838509761377
upstream_offshore_drillers,2025-06-20,0.08451742162778796,0.12858712729551344,-0.04406970566772542
upstream_offshore_drillers,2025-06-27,0.025463801536744997,0.09589461298508871,-0.07043081144834362
upstream_offshore_drillers,2025-07-04,0.042371010379159274,0.06681936133865143,-0.024448350959492077
upstream_offshore_drillers,2025-07-11,-0.003548757191655344,0.012027687442439195,-0.015576444634094456
upstream_offshore_drillers,2025-07-18,0.0373105817131207,0.01580810316332707,0.02150247854979371
upstream_offshore_drillers,2025-07-25,0.14368052142924267,0.04715769406798996,0.09652282736125281
upstream_offshore_drillers,2025-08-01,0.012566205484760756,-0.0025014636470935617,0.015067669131854408
upstream_offshore_drillers,2025-08-08,0.013284574242393744,-0.0102782309453904,0.023562805187784235
upstream_offshore_drillers,2025-08-15,-0.007266030494732765,-0.03166603942128007,0.02440000892654739
upstream_offshore_drillers,2025-08-22,0.008324404600625127,-0.02222727359745704,0.030551678198082247
upstream_offshore_drillers,2025-08-29,0.0646938881492639,0.010879943999471535,0.053813944149792445
upstream_offshore_drillers,2025-09-05,0.007405546848407368,-0.014061099177191198,0.02146664602559864
upstream_offshore_drillers,2025-09-12,0.06671024886034921,0.014918967469358295,0.051791281390990984
upstream_offshore_drillers,2025-09-19,-0.019720794076270337,0.054189901293568946,-0.0739106953698392
upstream_offshore_drillers,2025-09-26,-0.04601582742615837,0.06951544172934682,-0.11553126915550509
upstream_offshore_drillers,2025-10-03,-0.011723588243589392,0.0639622750495488,-0.0756858632931381
upstream_offshore_drillers,2025-10-10,-0.12899494927328198,0.02000545793485371,-0.1490004072081356
upstream_offshore_drillers,2025-10-17,-0.13548179277887662,-0.026800006283014505,-0.10868178649586202
upstream_offshore_drillers,2025-10-24,0.02693059057220132,-0.014463028010122267,0.041393618582323696
upstream_offshore_drillers,2025-10-31,-0.05344420716540733,0.03352446984110248,-0.08696867700650972
upstream_offshore_drillers,2025-11-07,-0.047557555392704405,0.0007945611676385411,-0.048352116560342856
upstream_offshore_drillers,2025-11-14,-0.03418060679546127,-0.008442641397884205,-0.02573796539757698
upstream_offshore_drillers,2025-11-21,-0.1675177245974405,-0.08425259807612392,-0.0832651265213165
upstream_offshore_drillers,2025-11-28,-0.06868516231539064,-0.06697517858825137,-0.0017099837271391666
upstream_offshore_drillers,2025-12-05,0.10147291836225154,0.01459590060164329,0.08687701776060834
upstream_offshore_drillers,2025-12-12,0.08253717351389292,-0.006195262164180947,0.08873243567807396
upstream_offshore_drillers,2025-12-19,0.09460718658945563,0.027662818300396953,0.06694436828905877
upstream_offshore_drillers,2025-12-26,0.08998801984077943,1.0214062202706237e-05,0.08997780577857681
upstream_offshore_drillers,2026-01-02,0.09823519149342402,-0.022490132552207148,0.12072532404563126
upstream_offshore_drillers,2026-01-09,0.11633804339584775,0.05475569222152528,0.061582351174322536
upstream_offshore_drillers,2026-01-16,0.15631727321070304,0.09049759634182625,0.0658196768688769
upstream_offshore_drillers,2026-01-23,0.16001276071286638,0.10361817237182372,0.05639458834104275
upstream_offshore_drillers,2026-01-30,0.0740506320010201,0.11815377231059215,-0.044103140309571964
upstream_offshore_drillers,2026-02-06,0.11294992085006551,0.0485306419401455,0.0644192789099201
upstream_offshore_drillers,2026-02-13,0.21395692932861432,0.0033497474427602,0.2106071818858542
upstream_offshore_drillers,2026-02-20,0.18629225828597368,0.02130083012651805,0.1649914281594557
upstream_offshore_drillers,2026-02-27,0.15403306407801975,-0.00943854145144164,0.1634716055294615
upstream_offshore_drillers,2026-03-06,0.144849124828491,0.11426714444549493,0.030581980382996116
upstream_offshore_drillers,2026-03-13,0.07138019787378909,0.16412904466292125,-0.09274884678913206
upstream_offshore_drillers,2026-03-20,0.05654500304767034,0.13529604048133959,-0.07875103743366915
upstream_offshore_drillers,2026-03-27,0.16335892013114228,0.14556290555170975,0.017796014579432612
upstream_offshore_drillers,2026-04-03,0.10014343988748212,0.09853646616646011,0.001606973721022073
upstream_offshore_drillers,2026-04-10,-0.004975675557038279,0.056851427632288384,-0.06182710318932658
upstream_offshore_drillers,2026-04-17,-0.04956211866194273,0.01684387138660621,-0.06640599004854886
upstream_offshore_drillers,2026-04-24,-0.09893250764263956,0.0732792657438023,-0.17221177338644175
upstream_offshore_drillers,2026-05-01,0.016789767538480556,0.05644196561583859,-0.03965219807735794
upstream_offshore_drillers,2026-05-08,-0.011146180227337904,0.09076259886281052,-0.10190877909014834
iocs_integrated,2021-06-04,-0.0017827710013431641,0.02054073144153616,-0.022323502442879322
iocs_integrated,2021-06-11,0.010294880761572442,0.04246875104994202,-0.032173870288369585
iocs_integrated,2021-06-18,0.0071422522322288975,0.034330626461896004,-0.027188374229667106
iocs_integrated,2021-06-25,0.06779988328688467,0.05132427420331634,0.016475609083568328
iocs_integrated,2021-07-02,0.0027078313606000576,0.028813715791543182,-0.026105884430943124
iocs_integrated,2021-07-09,-0.02573452909869952,0.008495914731962472,-0.034230443830662
iocs_integrated,2021-07-16,-0.048042851518905104,-0.002291293111794577,-0.04575155840711054
iocs_integrated,2021-07-23,-0.10365706381499463,-0.022830946937663934,-0.08082611687733073
iocs_integrated,2021-07-30,-0.06690956539334263,-0.012484144686579518,-0.05442542070676312
iocs_integrated,2021-08-06,-0.038596223012663564,-0.03426784551866065,-0.004328377494002923
iocs_integrated,2021-08-13,0.019343578604456672,-0.00887241090625977,0.02821598951071644
iocs_integrated,2021-08-20,-0.0485937665256109,-0.05568715523829172,0.007093388712680823
iocs_integrated,2021-08-27,-0.017491068161282278,-0.015568723963304727,-0.0019223441979775505
iocs_integrated,2021-09-03,-0.03468886026786111,0.03515172738022054,-0.06984058764808165
iocs_integrated,2021-09-10,-0.04825294847134874,0.0448108990717854,-0.09306384754313415
iocs_integrated,2021-09-17,0.035308202181318235,0.08967800172781071,-0.054369799546492466
iocs_integrated,2021-09-24,0.025893971551330226,0.04358740027380087,-0.017693428722470643
iocs_integrated,2021-10-01,0.08628402617257966,0.03674179803143286,0.049542228141146796
iocs_integrated,2021-10-08,0.12946849186542322,0.042833732726431095,0.08663475913899214
iocs_integrated,2021-10-15,0.12553123043765327,0.06260864143067961,0.06292258900697366
iocs_integrated,2021-10-22,0.10307650445572034,0.06821786133659216,0.034858643119128174
iocs_integrated,2021-10-29,0.07470142179471197,0.04068238306934344,0.034019038725368524
iocs_integrated,2021-11-05,0.05236798253038988,0.019187043424322488,0.0331809391060674
iocs_integrated,2021-11-12,0.037048175665840025,-0.004614352587232926,0.041662528253072956
iocs_integrated,2021-11-19,-0.0113342076374821,-0.03934165682417757,0.02800744918669547
iocs_integrated,2021-11-26,-0.01311017037186598,-0.04647049075467749,0.033360320382811504
iocs_integrated,2021-12-03,-0.02183243984112091,-0.0858533230694446,0.06402088322832367
iocs_integrated,2021-12-10,0.017032946195937766,-0.056241737641133195,0.07327468383707096
iocs_integrated,2021-12-17,0.002191850325994636,-0.05209886481914021,0.054290715145134845
iocs_integrated,2021-12-24,0.0063472796375860785,-0.004524318693695933,0.010871598331282015
iocs_integrated,2021-12-31,0.015143590509641763,0.051479064070085075,-0.03633547356044331
iocs_integrated,2022-01-07,0.07182811652548075,0.03920288172617757,0.03262523479930319
iocs_integrated,2022-01-14,0.15321258313620584,0.06956586220589396,0.08364672093031189
iocs_integrated,2022-01-21,0.12688708270121177,0.021238281400055552,0.10564880130115621
iocs_integrated,2022-01-28,0.15693881649261743,0.01993472604330295,0.13700409044931447
iocs_integrated,2022-02-04,0.12517540387539056,0.02551996206551249,0.09965544180987804
iocs_integrated,2022-02-11,0.09720882164700803,0.02555509942313766,0.07165372222387034
iocs_integrated,2022-02-18,0.07046931391987044,0.030441038787815337,0.04002827513205509
iocs_integrated,2022-02-25,0.06352361587949687,0.035239282348780314,0.028284333530716542
iocs_integrated,2022-03-04,0.09924815054796654,0.09450393152984077,0.004744219018125764
iocs_integrated,2022-03-11,0.13259397083782015,0.07550062433504148,0.057093346502778676
iocs_integrated,2022-03-18,0.09946367442794982,0.09111910280090481,0.008344571627045008
iocs_integrated,2022-03-25,0.1337168728243976,0.11427255967914043,0.019444313145257172
iocs_integrated,2022-04-01,0.011452086308531222,-0.02955422708877068,0.041006313397301916
iocs_integrated,2022-04-08,0.00833275076642867,-0.027108074918415413,0.03544082568484409
iocs_integrated,2022-04-15,0.08466056259798588,0.0034316240279747626,0.08122893857001112
iocs_integrated,2022-04-22,-0.02572978874821033,-0.07137007809090579,0.045640289342695456
iocs_integrated,2022-04-29,-0.010881085957211845,-0.018877888557565232,0.007996802600353393
iocs_integrated,2022-05-06,0.029404240017463508,0.005918570149398842,0.02348566986806467
iocs_integrated,2022-05-13,-3.397944091869387e-05,-0.04335809280087072,0.043324113359952024
iocs_integrated,2022-05-20,0.0681343222289906,-0.0029972635347285653,0.07113158576371917
iocs_integrated,2022-05-27,0.14139234039861176,0.03333315376401951,0.10805918663459226
iocs_integrated,2022-06-03,0.06784208927084126,0.02869658055444542,0.03914550871639585
iocs_integrated,2022-06-10,0.08738478997706446,0.03987022501824633,0.04751456495881813
iocs_integrated,2022-06-17,-0.041328742248310874,-0.0207756223068676,-0.02055311994144327
iocs_integrated,2022-06-24,-0.1096222023528313,-0.0472170845719667,-0.06240511778086457
iocs_integrated,2022-07-01,-0.10563840454862411,-0.06471441997951116,-0.04092398456911295
iocs_integrated,2022-07-08,-0.12766725865854675,-0.06750257203095039,-0.06016468662759634
iocs_integrated,2022-07-15,-0.04678953157467422,-0.03002540642574888,-0.016764125148925328
iocs_integrated,2022-07-22,-0.0009726886178433244,-0.04465495758266313,0.04368226896481981
iocs_integrated,2022-07-29,0.09893706829174735,-0.012585010355751908,0.11152207864749927
iocs_integrated,2022-08-05,0.04260090778709094,-0.042397103378947074,0.08499801116603803
iocs_integrated,2022-08-12,0.12496274172948231,-0.004591888061975878,0.1295546297914582
iocs_integrated,2022-08-19,0.08509817977602677,-0.026557974597178832,0.11165615437320561
iocs_integrated,2022-08-26,0.013051871847835447,-0.04852903848857882,0.06158091033641428
iocs_integrated,2022-09-02,0.061689053510875586,-0.035657938621840496,0.09734699213271611
iocs_integrated,2022-09-09,0.018021740855291332,-0.04126343312907882,0.059285173984370165
iocs_integrated,2022-09-16,-0.008592549625955952,-0.03370590555582321,0.025113355929867274
iocs_integrated,2022-09-23,-0.126660029357025,-0.08154615991468428,-0.04511386944234072
iocs_integrated,2022-09-30,-0.09236470656819698,-0.04959716835552449,-0.042767538212672485
iocs_integrated,2022-10-07,0.00913535355160909,-0.005659460627221946,0.01479481417883105
iocs_integrated,2022-10-14,0.02875788961547825,-0.020509482079761006,0.049267371695239266
iocs_integrated,2022-10-21,0.18097271959021904,0.03721191850604124,0.14376080108417782
iocs_integrated,2022-10-28,0.21735345076991414,0.0465460764818163,0.17080737428809784
iocs_integrated,2022-11-04,0.12113139771465568,0.00024954566305276406,0.12088185205160294
iocs_integrated,2022-11-11,0.1454453188760866,0.04537400416682896,0.10007131470925767
iocs_integrated,2022-11-18,0.06393069897092771,-0.017791519915913184,0.08172221888684092
iocs_integrated,2022-11-25,0.02930134320491512,-0.043786000453378215,0.07308734365829336
iocs_integrated,2022-12-02,-0.009724113038585239,-0.03999346113192036,0.03026934809333514
iocs_integrated,2022-12-09,-0.09216545966005718,-0.09687282276429761,0.004707363104240442
iocs_integrated,2022-12-16,-0.07465241648762935,-0.039436348407393775,-0.03521606808023557
iocs_integrated,2022-12-23,-0.03786678892196227,-0.0023773833320783894,-0.035489405589883866
iocs_integrated,2022-12-30,-0.002273086623248018,-0.014350606661294127,0.012077520038046123
iocs_integrated,2023-01-06,0.05751298345478452,0.016007850827343933,0.0415051326274406
iocs_integrated,2023-01-13,0.06434166818123022,0.0424663181545609,0.021875350026669325
iocs_integrated,2023-01-20,0.03080486651378317,0.025352129124475712,0.0054527373893074734
iocs_integrated,2023-01-27,0.023397895923429807,0.02231758820372977,0.0010803077197000513
iocs_integrated,2023-02-03,-0.014302855188335975,0.006904382602894027,-0.021207237791229988
iocs_integrated,2023-02-10,0.009924186055906274,0.0024575279864272118,0.007466658069479073
iocs_integrated,2023-02-17,-0.05353928588464735,-0.026158209208996235,-0.0273810766756511
iocs_integrated,2023-02-24,-0.06312650234229897,-0.028521218504516156,-0.0346052838377828
iocs_integrated,2023-03-03,-0.0012337599606835371,0.0370629789886458,-0.03829673894932932
iocs_integrated,2023-03-10,-0.07910155876766109,-0.030369037519904885,-0.04873252124775619
iocs_integrated,2023-03-17,-0.08759771606373781,-0.06426178762751632,-0.02333592843622149
iocs_integrated,2023-03-24,-0.05364867716020996,-0.048992377328985245,-0.004656299831224703
iocs_integrated,2023-03-31,-0.019645963628109858,-0.03215705944231147,0.012511095814201628
iocs_integrated,2023-04-07,0.05702189205703413,0.021877379426226126,0.03514451263080803
iocs_integrated,2023-04-14,0.1371933481973578,0.08872167043152297,0.04847167776583482
iocs_integrated,2023-04-21,0.09709143239752278,0.053921161810695825,0.04317027058682698
iocs_integrated,2023-04-28,0.05442819097838099,0.004339822131004978,0.05008836884737604
iocs_integrated,2023-05-05,-0.051175890623202186,-0.04399017820633921,-0.007185712416862958
iocs_integrated,2023-05-12,-0.0944433606312061,-0.06418358275419363,-0.030259777877012454
iocs_integrated,2023-05-19,-0.07755171335736619,-0.0317586328633928,-0.04579308049397337
iocs_integrated,2023-05-26,-0.0957205245954814,-0.029116503691853632,-0.06660402090362774
iocs_integrated,2023-06-02,-0.016907584763640647,0.0058197502750949376,-0.02272733503873557
iocs_integrated,2023-06-09,0.023845694621849094,0.01250142702798183,0.011344267593867276
iocs_integrated,2023-06-16,0.0011507217978615966,0.01918587323178024,-0.01803515143391863
iocs_integrated,2023-06-23,-0.021332339582809966,-0.004165091333197337,-0.01716724824961262
iocs_integrated,2023-06-30,0.010470867901419045,0.001527723380074092,0.008943144521344964
iocs_integrated,2023-07-07,-0.03491456563680935,0.013175940200140866,-0.04809050583695021
iocs_integrated,2023-07-14,-0.032175057437326425,0.01010965123837262,-0.04228470867569903
iocs_integrated,2023-07-21,0.03090177326442352,0.03975476214622631,-0.008852988881802772
iocs_integrated,2023-07-28,-0.009810402684341505,0.04901297988136427,-0.05882338256570577
iocs_integrated,2023-08-04,0.03646868012891731,0.04862219427304945,-0.012153514144132134
iocs_integrated,2023-08-11,0.08450630148003183,0.04332149311996132,0.041184808360070504
iocs_integrated,2023-08-18,0.04453509755377175,0.02332599466952197,0.02120910288424979
iocs_integrated,2023-08-25,0.02890813826330833,0.003991141007290243,0.024916997256018092
iocs_integrated,2023-09-01,0.05190150291498649,0.022602540690193157,0.02929896222479334
iocs_integrated,2023-09-08,0.034720512034674744,0.024139491844909926,0.01058102018976482
iocs_integrated,2023-09-15,0.04648750861530465,0.0632976828998579,-0.01681017428455324
iocs_integrated,2023-09-22,0.051990537164983724,0.05299882106327799,-0.0010082838982942537
iocs_integrated,2023-09-29,0.03054676501276307,0.030695860540516706,-0.0001490955277536274
iocs_integrated,2023-10-06,-0.053020741746194075,-0.008735964758459825,-0.04428477698773424
iocs_integrated,2023-10-13,-0.03753585485058239,-0.014923423019740496,-0.02261243183084189
iocs_integrated,2023-10-20,-0.015428518455317087,-0.0053979281117712405,-0.010030590343545833
iocs_integrated,2023-10-27,-0.11253945725356213,-0.03574176686223074,-0.07679769039133136
iocs_integrated,2023-11-03,-0.025251987163458806,-0.007072635198017048,-0.018179351965441737
iocs_integrated,2023-11-10,-0.07839462201628271,-0.03896690117896712,-0.039427720837315564
iocs_integrated,2023-11-17,-0.07142572661186503,-0.030137350639231758,-0.04128837597263324
iocs_integrated,2023-11-24,0.007002678121503772,-0.0029705104393694987,0.009973188560873298
iocs_integrated,2023-12-01,-0.022540282363104274,0.0015141055709432692,-0.024054387934047516
iocs_integrated,2023-12-08,-0.006162290604190792,-0.0039395845920736985,-0.0022227060121170657
iocs_integrated,2023-12-15,-0.003079696341492799,-0.003720834109628427,0.0006411377681356557
iocs_integrated,2023-12-22,0.0079003514768293,0.011809163938270473,-0.003908812461441145
iocs_integrated,2023-12-29,-3.236776096356836e-05,0.0026748245273939177,-0.0027071922883574583
iocs_integrated,2024-01-05,0.03590244368695725,0.02157696620718206,0.014325477479775214
iocs_integrated,2024-01-12,-0.011742541087632934,0.03037592629692516,-0.042118467384558066
iocs_integrated,2024-01-19,-0.054995021740393106,0.019378862207913676,-0.07437388394830675
iocs_integrated,2024-01-26,0.01481223015738277,0.04188550092248541,-0.027073270765102617
iocs_integrated,2024-02-02,0.0028541062200832914,0.027185129443938146,-0.024331023223854834
iocs_integrated,2024-02-09,0.02166117422062257,0.03099675329978026,-0.009335579079157667
iocs_integrated,2024-02-16,0.08560942475480819,0.03092308051265947,0.05468634424214876
iocs_integrated,2024-02-23,0.03228481440529614,0.007017580389107092,0.025267234016189077
iocs_integrated,2024-03-01,0.03054502067368383,0.041335901304875286,-0.010790880631191428
iocs_integrated,2024-03-08,0.037660914923414286,0.012725850195466192,0.024935064727948125
iocs_integrated,2024-03-15,0.038050159847575364,0.013622663411102345,0.024427496436473052
iocs_integrated,2024-03-22,0.044431750549240534,0.022808392791113755,0.021623357758126814
iocs_integrated,2024-03-29,0.06274076564492136,0.010714527581274579,0.052026238063646806
iocs_integrated,2024-04-05,0.09424481418185235,0.041464234895867175,0.0527805792859852
iocs_integrated,2024-04-12,0.05014798737776265,0.030320241527474846,0.01982774585028784
iocs_integrated,2024-04-19,0.04436051745033799,0.0018079595802823721,0.04255255787005566
iocs_integrated,2024-04-26,0.032532710464009545,0.007970563928735203,0.02456214653527438
iocs_integrated,2024-05-03,-0.026821371099046212,-0.03592535538563606,0.009103984286589883
iocs_integrated,2024-05-10,0.01101279224157134,-0.026303440928910203,0.037316233170481584
iocs_integrated,2024-05-17,0.016341386973561904,0.006676505987509557,0.009664880986052393
iocs_integrated,2024-05-24,-0.035712148277316995,-0.024462833704425955,-0.011249314572890997
iocs_integrated,2024-05-31,0.02082592742647772,-0.006340120249977311,0.027166047676455078
iocs_integrated,2024-06-07,-0.043784905000708876,-0.02469657162846134,-0.019088333372247492
iocs_integrated,2024-06-14,-0.07811544576690667,-0.017997511765186033,-0.06011793400172058
iocs_integrated,2024-06-21,-0.019756829734534884,0.016339132317412908,-0.03609596205194774
iocs_integrated,2024-06-28,-0.027660277784098124,0.02187698032493772,-0.049537258109035795
iocs_integrated,2024-07-05,-0.0029606839061249272,0.04295061531162476,-0.04591129921774964
iocs_integrated,2024-07-12,0.028509378423679774,0.033380279644700375,-0.004870901221020563
iocs_integrated,2024-07-19,0.03572247716959369,-0.008130586412523483,0.04385306358211721
iocs_integrated,2024-07-26,0.014026372054033138,-0.03347971135104733,0.047506083405080515
iocs_integrated,2024-08-02,-0.0037755345954602337,-0.07960044022460364,0.07582490562914346
iocs_integrated,2024-08-09,-0.011235887204734191,-0.06782420373840473,0.056588316533670587
iocs_integrated,2024-08-16,-0.025815046453320622,-0.032783555654423084,0.006968509201102516
iocs_integrated,2024-08-23,-0.02821876757728522,-0.012685497034540166,-0.015533270542745005
iocs_integrated,2024-08-30,0.012064788639498558,0.020899359823770235,-0.008834571184271629
iocs_integrated,2024-09-06,-0.03993908343514828,-0.05082857863274112,0.010889495197592882
iocs_integrated,2024-09-13,-0.04819569056232178,-0.040520148119123967,-0.007675542443197776
iocs_integrated,2024-09-20,-0.011148406507112539,-0.014395803200876585,0.003247396693764084
iocs_integrated,2024-09-27,-0.017452866505638837,-0.022306260702185943,0.004853394196547142
iocs_integrated,2024-10-04,0.0935045177144004,0.07361429020172403,0.019890227512676398
iocs_integrated,2024-10-11,0.09015911031439501,0.056755067681989214,0.03340404263240582
iocs_integrated,2024-10-18,0.03725409636314173,0.007083248841514681,0.030170847521627086
iocs_integrated,2024-10-25,0.03355436381982626,0.022361052981211375,0.011193310838614925
iocs_integrated,2024-11-01,-0.033558445324433334,-0.03507135363060038,0.0015129083061670798
iocs_integrated,2024-11-08,0.0076549745689459305,-0.02218606468395422,0.029841039252900187
iocs_integrated,2024-11-15,0.03536021674733373,-0.012476585340498676,0.04783680208783244
iocs_integrated,2024-11-22,0.05559682709816194,0.00966656384081296,0.045930263257349016
iocs_integrated,2024-11-29,0.05022501584958162,0.007837858964628078,0.04238715688495358
iocs_integrated,2024-12-06,-0.028387197416413233,-0.010055747390906856,-0.018331450025506346
iocs_integrated,2024-12-13,-0.05569488953084055,0.007125166260897474,-0.062820055791738
iocs_integrated,2024-12-20,-0.13405354385327428,-0.03531245732846296,-0.09874108652481128
iocs_integrated,2024-12-27,-0.109869613669343,-0.007907298571993054,-0.10196231509734992
iocs_integrated,2025-01-03,-0.05017966473058519,0.014036877410958187,-0.06421654214154335
iocs_integrated,2025-01-10,-0.022161343200588414,0.01920653169907407,-0.04136787489966244
iocs_integrated,2025-01-17,0.09083198506449502,0.048564853076076664,0.0422671319884184
iocs_integrated,2025-01-24,0.049031526241151986,0.0299432745570351,0.019088251684116923
iocs_integrated,2025-01-31,-0.00028649408058658427,-0.007086930149921684,0.006800436069335131
iocs_integrated,2025-02-07,0.009208156434990376,-0.021251561862445176,0.030459718297435583
iocs_integrated,2025-02-14,-0.027884241275782578,-0.035977275005566973,0.008093033729784434
iocs_integrated,2025-02-21,0.023285765978504055,-0.03468954137956533,0.057975307358069425
iocs_integrated,2025-02-28,0.06124317760521106,-0.03022429676848229,0.09146747437369339
iocs_integrated,2025-03-07,0.022605329494141155,-0.0445044167255161,0.06710974621965729
iocs_integrated,2025-03-14,0.022005818491050693,-0.04682700610078909,0.06883282459183983
iocs_integrated,2025-03-21,0.0456150380235634,-0.027614676036702524,0.07322971406026596
iocs_integrated,2025-03-28,0.050956776948488366,-0.022786234716409205,0.07374301166489762
iocs_integrated,2025-04-04,-0.03948458751870011,-0.07692634937462725,0.03744176185592718
iocs_integrated,2025-04-11,-0.08791052624562484,-0.05187140110568045,-0.03603912513994434
iocs_integrated,2025-04-18,-0.1015838842505026,-0.04919839435761673,-0.05238548989288582
iocs_integrated,2025-04-25,-0.10442959389294927,-0.03436923087688948,-0.07006036301605975
iocs_integrated,2025-05-02,-0.008083447341803811,0.027231429459189972,-0.03531487680099375
iocs_integrated,2025-05-09,0.03025102981378426,0.023797490312433136,0.006453539501351153
iocs_integrated,2025-05-16,0.02559799094417539,0.03240573362327684,-0.006807742679101418
iocs_integrated,2025-05-23,-0.02350613496771211,0.028812177021930074,-0.05231831198964216
iocs_integrated,2025-05-30,-0.014657724862542586,0.03889285171377441,-0.05355057657631697
iocs_integrated,2025-06-06,0.002439954177114307,0.0528987819309774,-0.05045882775386306
iocs_integrated,2025-06-13,0.03712329203475771,0.08239450933792977,-0.045271217303172025
iocs_integrated,2025-06-20,0.0991565232101364,0.08886967577190953,0.010286847438226906
iocs_integrated,2025-06-27,0.05874177097450251,0.05623689751548229,0.002504873459020245
iocs_integrated,2025-07-04,0.06493348505818089,0.03857736896451615,0.026356116093664776
iocs_integrated,2025-07-11,0.0457637531449316,0.00016762748340916692,0.04559612566152246
iocs_integrated,2025-07-18,-0.029524795490228822,-0.0037863597471065723,-0.02573843574312222
iocs_integrated,2025-07-25,0.041660262318949974,0.025313496096997623,0.01634676622195238
iocs_integrated,2025-08-01,-0.0014323322555326087,0.005448286251297204,-0.0068806185068297845
iocs_integrated,2025-08-08,-0.03981991172906563,-0.012639066708563516,-0.02718084502050208
iocs_integrated,2025-08-15,0.019893838305792815,-0.022422750704408315,0.04231658901020116
iocs_integrated,2025-08-22,0.02480682642785285,-0.009766148572624669,0.034572975000477554
iocs_integrated,2025-08-29,0.0604306699668154,-0.0012621375186165698,0.061692807485432
iocs_integrated,2025-09-05,0.017041740415795134,-0.010730414522612995,0.027772154938408164
iocs_integrated,2025-09-12,0.033258338844469694,0.0073486586057343786,0.02590968023873534
iocs_integrated,2025-09-19,0.0006058796222857044,0.02104873373655431,-0.020442854114268577
iocs_integrated,2025-09-26,0.011285002593835233,0.03552483479422176,-0.024239832200386502
iocs_integrated,2025-10-03,0.017757073851732634,0.026878939226053646,-0.009121865374320984
iocs_integrated,2025-10-10,-0.03325146130667313,0.0018252814101653875,-0.035076742716838485
iocs_integrated,2025-10-17,-0.01269741844528293,-0.02359819425179433,0.010900775806511429
iocs_integrated,2025-10-24,-0.02243839160600272,-0.017439255090761937,-0.004999136515240754
iocs_integrated,2025-10-31,0.018230223852478245,0.015077786065057518,0.0031524377874207537
iocs_integrated,2025-11-07,0.04861852056642171,-0.0003723272558180876,0.04899084782223982
iocs_integrated,2025-11-14,0.04942650620545422,0.0012140588613783277,0.048212447344075926
iocs_integrated,2025-11-21,-0.0010872913392483696,-0.04221363014410441,0.04112633880485607
iocs_integrated,2025-11-28,-0.004658420863185122,-0.033668166898448156,0.029009746035263063
iocs_integrated,2025-12-05,-0.00946087741884594,0.007929163788525678,-0.017390041207371594
iocs_integrated,2025-12-12,-0.021229816594473608,-0.009031270513523457,-0.012198546080950126
iocs_integrated,2025-12-19,-0.00915849540195423,0.005502501385889638,-0.014660996787843843
iocs_integrated,2025-12-26,0.009887635713810102,-0.005050628055663333,0.014938263769473461
iocs_integrated,2026-01-02,0.044839807267353954,-0.01931778863949636,0.06415759590685034
iocs_integrated,2026-01-09,0.06264282928790259,0.028888942820013638,0.033753886467888974
iocs_integrated,2026-01-16,0.11259916398567985,0.051796146153232074,0.060803017832447806
iocs_integrated,2026-01-23,0.11527617531416828,0.06326772629764785,0.05200844901652048
iocs_integrated,2026-01-30,0.13431388918477227,0.08098501159627314,0.05332887758849915
iocs_integrated,2026-02-06,0.14427052784838948,0.03829750118841925,0.10597302665997026
iocs_integrated,2026-02-13,0.12008621200255015,0.014566977018883478,0.10551923498366671
iocs_integrated,2026-02-20,0.10095021988703991,0.022635536831483047,0.07831468305555689
iocs_integrated,2026-02-27,0.07309487465645054,-0.00043778035750950423,0.07353265501396009
iocs_integrated,2026-03-06,0.039875447992925694,0.10469550066079908,-0.06482005266787334
iocs_integrated,2026-03-13,0.06443972673421308,0.13908211719597352,-0.07464239046176038
iocs_integrated,2026-03-20,0.08657429154624652,0.13191688570807453,-0.045342594161827954
iocs_integrated,2026-03-27,0.11859246156139465,0.14142126705981803,-0.022828805498423338
iocs_integrated,2026-04-03,0.05362661738965094,0.09330289789696164,-0.039676280507310646
iocs_integrated,2026-04-10,-0.03316059109026636,0.03994788354925899,-0.0731084746395253
iocs_integrated,2026-04-17,-0.08927103963274532,-0.02165214981643256,-0.0676188898163127
iocs_integrated,2026-04-24,-0.13467069299020756,0.02057786918285084,-0.15524856217305835
iocs_integrated,2026-05-01,-0.046747061890762956,0.009249838702892026,-0.05599690059365495
iocs_integrated,2026-05-08,-0.021754708734877594,0.05005205110762872,-0.07180675984250628
downstream_refiners,2021-06-04,0.027629060394517506,0.02756369237836395,6.536801615355387e-05
downstream_refiners,2021-06-11,0.0505146044067665,0.05468090808954455,-0.004166303682778063
downstream_refiners,2021-06-18,-0.013899419166627708,0.03989116734279054,-0.05379058650941825
downstream_refiners,2021-06-25,0.06404131311308908,0.06954640662082942,-0.0055050935077403385
downstream_refiners,2021-07-02,-0.05791991933784502,0.03767650375454018,-0.0955964230923852
downstream_refiners,2021-07-09,-0.09365607408677179,0.011788115320549792,-0.10544418940732157
downstream_refiners,2021-07-16,-0.13178896342351065,-0.0003320337780942789,-0.13145692964541636
downstream_refiners,2021-07-23,-0.21882501288682146,-0.031644362322883965,-0.18718065056393748
downstream_refiners,2021-07-30,-0.12174767875515277,-0.018840706761851282,-0.1029069719933015
downstream_refiners,2021-08-06,-0.09453075389789904,-0.04068813499910347,-0.053842618898795575
downstream_refiners,2021-08-13,0.010846131559653326,-0.0033353706124660295,0.014181502172119359
downstream_refiners,2021-08-20,-0.05208964153156657,-0.07148943076738107,0.019399789235814507
downstream_refiners,2021-08-27,0.032556608166155424,-0.009680262044354307,0.04223687021050973
downstream_refiners,2021-09-03,0.01192182381219132,0.05466163229208593,-0.042739808479894614
downstream_refiners,2021-09-10,0.007053436421166154,0.06523131050345267,-0.05817787408228652
downstream_refiners,2021-09-17,0.1064861053060459,0.12677605415815174,-0.020289948852105832
downstream_refiners,2021-09-24,0.02825102335877072,0.061936623684395446,-0.03368560032562473
downstream_refiners,2021-10-01,0.10647204587432024,0.047689944078160226,0.058782101796160016
downstream_refiners,2021-10-08,0.18259964286495053,0.059873980670419394,0.12272566219453115
downstream_refiners,2021-10-15,0.19502694365555043,0.08745518594181702,0.1075717577137334
downstream_refiners,2021-10-22,0.16273635581353124,0.09523888679881191,0.06749746901471934
downstream_refiners,2021-10-29,0.06326661659337957,0.060755371800687755,0.002511244792691804
downstream_refiners,2021-11-05,-0.019236729442321902,0.030993048281335287,-0.05022977772365719
downstream_refiners,2021-11-12,-0.02402962863656595,0.0031230739184340793,-0.027152702555000026
downstream_refiners,2021-11-19,-0.153982201614025,-0.04314245891576604,-0.11083974269825897
downstream_refiners,2021-11-26,-0.08677766372497019,-0.06182924475898012,-0.02494841896599006
downstream_refiners,2021-12-03,-0.07081911121635406,-0.11601354117660956,0.04519442996025551
downstream_refiners,2021-12-10,-0.07363441890336492,-0.07119501661032293,-0.0024394022930419625
downstream_refiners,2021-12-17,-0.0022321335898973227,-0.07460452733974662,0.0723723937498493
downstream_refiners,2021-12-24,0.0011256762939341764,0.00438182857170194,-0.0032561522777677585
downstream_refiners,2021-12-31,0.029271222039991742,0.08056887244861308,-0.05129765040862134
downstream_refiners,2022-01-07,0.10984839418739104,0.0584199457386634,0.05142844844872763
downstream_refiners,2022-01-14,0.212684251999691,0.10040730406435845,0.11227694793533255
downstream_refiners,2022-01-21,0.10112908005538021,0.017513383041520045,0.08361569701386018
downstream_refiners,2022-01-28,0.08202119069501114,0.01509258312375953,0.06692860757125162
downstream_refiners,2022-02-04,0.025426560405686353,0.020592331492780273,0.004834228912906099
downstream_refiners,2022-02-11,0.023624754171602293,0.02219198900354058,0.0014327651680617337
downstream_refiners,2022-02-18,0.06141959412876066,0.04050666308539115,0.020912931043369526
downstream_refiners,2022-02-25,0.001658716585745755,0.049696948038586146,-0.04803823145284037
downstream_refiners,2022-03-04,-0.02831253164102947,0.07680907548230528,-0.10512160712333472
downstream_refiners,2022-03-11,-0.010120787832116396,0.07285581964575248,-0.08297660747786885
downstream_refiners,2022-03-18,-0.00928942874806208,0.11810601947726361,-0.12739544822532567
downstream_refiners,2022-03-25,0.10122213805146685,0.13861014859656337,-0.0373880105450965
downstream_refiners,2022-04-01,0.1174064718748084,0.023510913183434394,0.09389555869137403
downstream_refiners,2022-04-08,0.04387712027047398,0.020104240759928248,0.02377287951054577
downstream_refiners,2022-04-15,0.1178923142504168,0.02480582649348513,0.0930864877569317
downstream_refiners,2022-04-22,0.05142480118115829,-0.06401680098899387,0.11544160217015219
downstream_refiners,2022-04-29,0.02211649662781921,-0.027944021038858118,0.050060517666677365
downstream_refiners,2022-05-06,0.09791994612202175,-0.007940291179889387,0.10586023730191117
downstream_refiners,2022-05-13,0.07466542257726944,-0.07378219560146333,0.1484476181787328
downstream_refiners,2022-05-20,0.0899573615891122,-0.03869148537720685,0.1286488469663191
downstream_refiners,2022-05-27,0.15099763841255698,0.022811731942130972,0.12818590647042605
downstream_refiners,2022-06-03,0.12400496534782038,0.01652729585192948,0.10747766949589094
downstream_refiners,2022-06-10,0.16577194248480745,0.0385541160162791,0.1272178264685284
downstream_refiners,2022-06-17,-0.012851410043044603,-0.01336140218572282,0.0005099921426782589
downstream_refiners,2022-06-24,-0.11303907006875052,-0.04821327447561011,-0.06482579559314036
downstream_refiners,2022-07-01,-0.1483335836962247,-0.08517253250910374,-0.0631610511871209
downstream_refiners,2022-07-08,-0.21254120848064828,-0.06725786177659387,-0.14528334670405435
downstream_refiners,2022-07-15,-0.06046816303767208,-0.025988210589045265,-0.03447995244862677
downstream_refiners,2022-07-22,-0.021141419100673395,-0.04945791041669372,0.02831649131602037
downstream_refiners,2022-07-29,0.07080941175434519,0.006145698358524715,0.06466371339582053
downstream_refiners,2022-08-05,0.07454977893113587,-0.030141453509779377,0.1046912324409153
downstream_refiners,2022-08-12,0.18983155657720774,0.016615441662895067,0.17321611491431274
downstream_refiners,2022-08-19,0.19259815997946655,-0.011221543337049326,0.20381970331651594
downstream_refiners,2022-08-26,0.11628655953261893,-0.04190453335315583,0.15819109288577482
downstream_refiners,2022-09-02,0.08497443900817628,-0.03719337638360101,0.12216781539177736
downstream_refiners,2022-09-09,-0.005454353654478935,-0.036751837282642905,0.03129748362816402
downstream_refiners,2022-09-16,-0.09756131380483417,-0.03288706568205238,-0.06467424812278173
downstream_refiners,2022-09-23,-0.18259923061360617,-0.08574817878101074,-0.09685105183259538
downstream_refiners,2022-09-30,-0.07404478604342957,-0.051414392203251925,-0.0226303938401776
downstream_refiners,2022-10-07,0.011206477462853123,-0.012408441740373907,0.02361491920322708
downstream_refiners,2022-10-14,0.08473524368406124,-0.019235631430999545,0.10397087511506083
downstream_refiners,2022-10-21,0.23928332981208905,0.0651445746296376,0.17413875518245148
downstream_refiners,2022-10-28,0.19475983439118388,0.07713048233551946,0.1176293520556645
downstream_refiners,2022-11-04,0.12146406222604103,0.015499555551507158,0.10596450667453393
downstream_refiners,2022-11-11,0.15761015387323216,0.06793982657758182,0.08967032729565039
downstream_refiners,2022-11-18,0.0631809794823441,-0.021110657636589217,0.08429163711893337
downstream_refiners,2022-11-25,0.05753155164828308,-0.053267198139999666,0.11079874978828282
downstream_refiners,2022-12-02,-0.054669428035738876,-0.04770545784523249,-0.006963970190506319
downstream_refiners,2022-12-09,-0.1801719488609203,-0.12447629664421637,-0.055695652216703855
downstream_refiners,2022-12-16,-0.14731536740185774,-0.06365503724504212,-0.08366033015681554
downstream_refiners,2022-12-23,-0.12533536153161187,-0.009483412372535693,-0.11585194915907612
downstream_refiners,2022-12-30,-0.007287263370045656,-0.01512113953693126,0.007833876166885665
downstream_refiners,2023-01-06,0.07796894182423174,0.0197684717058403,0.05820047011839149
downstream_refiners,2023-01-13,0.060368379221606885,0.06010358839573854,0.00026479082586839883
downstream_refiners,2023-01-20,0.08004111686084811,0.028846045871908525,0.05119507098893963
downstream_refiners,2023-01-27,0.07457607699623536,0.029246601392911024,0.045329475603324385
downstream_refiners,2023-02-03,0.04052857291934449,0.017848498370087958,0.022680074549256586
downstream_refiners,2023-02-10,0.06719735844944136,0.014477080540241702,0.05272027790919969
downstream_refiners,2023-02-17,-0.003433798372818958,-0.01650697735016743,0.013073178977348512
downstream_refiners,2023-02-24,-0.02252806706428608,-0.025255945671183944,0.0027278786068979065
downstream_refiners,2023-03-03,0.07017781458103264,0.05996320746831465,0.01021460711271804
downstream_refiners,2023-03-10,-0.05138142244957917,-0.046767675426491497,-0.004613747023087627
downstream_refiners,2023-03-17,-0.07357069959995333,-0.10018423634264571,0.026613536742692432
downstream_refiners,2023-03-24,-0.07216851172714074,-0.07968502946693437,0.0075165177397936815
downstream_refiners,2023-03-31,-0.058516523718215294,-0.05375966085977918,-0.004756862858436069
downstream_refiners,2023-04-07,-0.016890901097884627,0.02248030363863979,-0.039371204736524376
downstream_refiners,2023-04-14,0.02460761801134266,0.12223355635325034,-0.09762593834190765
downstream_refiners,2023-04-21,-0.03372959322883302,0.08116936211867123,-0.11489895534750422
downstream_refiners,2023-04-28,-0.10943666820764947,0.006735698070077423,-0.11617236627772685
downstream_refiners,2023-05-05,-0.15128862107614088,-0.04580577529563967,-0.10548284578050118
downstream_refiners,2023-05-12,-0.12348875131482681,-0.07848292399425565,-0.045005827320571144
downstream_refiners,2023-05-19,-0.05182866640773055,-0.030149549841615907,-0.021679116566114605
downstream_refiners,2023-05-26,-0.026062268395765427,-0.021485907881966422,-0.0045763605137989615
downstream_refiners,2023-06-02,0.04733232561478098,0.023074610433396175,0.02425771518138484
downstream_refiners,2023-06-09,0.07382768298638577,0.035036547033206925,0.03879113595317889
downstream_refiners,2023-06-16,0.05399405477954128,0.03857048110610972,0.015423573673431598
downstream_refiners,2023-06-23,0.018036331505936122,0.0012022682552797273,0.016834063250656436
downstream_refiners,2023-06-30,0.048645775337609644,0.016581384303986126,0.03206439103362355
downstream_refiners,2023-07-07,0.013773483115164735,0.031945412142328,-0.018171929027163226
downstream_refiners,2023-07-14,0.016741693071936996,0.017761276591900105,-0.0010195835199630684
downstream_refiners,2023-07-21,0.10465895978885503,0.06132535199537201,0.04333360779348306
downstream_refiners,2023-07-28,0.11452669668867266,0.07106857905511138,0.04345811763356132
downstream_refiners,2023-08-04,0.10389418114913937,0.06363354793468674,0.04026063321445266
downstream_refiners,2023-08-11,0.17173942276347853,0.06524192329417597,0.1064974994693026
downstream_refiners,2023-08-18,0.08928111289655698,0.038190892321436895,0.05109022057512011
downstream_refiners,2023-08-25,0.03693848694682536,0.010977538313506644,0.02596094863331875
downstream_refiners,2023-09-01,0.05750789325725027,0.03411159207793258,0.023396301179317708
downstream_refiners,2023-09-08,0.04449376543635047,0.031066457169405065,0.01342730826694543
downstream_refiners,2023-09-15,0.0479590420596261,0.08133781445922672,-0.033378772399600604
downstream_refiners,2023-09-22,0.05008661318466878,0.06491711537244571,-0.014830502187776902
downstream_refiners,2023-09-29,0.03355041820057059,0.042200757650203494,-0.008650339449632876
downstream_refiners,2023-10-06,-0.11027657747370352,0.008071912857715701,-0.1183484903314192
downstream_refiners,2023-10-13,-0.08430494752661268,-0.008946218948429929,-0.07535872857818274
downstream_refiners,2023-10-20,-0.05602059753006169,0.007863428004555306,-0.06388402553461697
downstream_refiners,2023-10-27,-0.12076745630629815,-0.03767329868132417,-0.08309415762497396
downstream_refiners,2023-11-03,0.01197091464817774,-0.01220674364499918,0.024177658293176932
downstream_refiners,2023-11-10,-0.012817415478418118,-0.03621955569410767,0.02340214021568956
downstream_refiners,2023-11-17,-0.006059298083326777,-0.030950463437956884,0.024891165354630117
downstream_refiners,2023-11-24,0.07717701951425765,0.012556841008593255,0.0646201785056644
downstream_refiners,2023-12-01,0.055083581610872984,0.007587591884012932,0.04749598972686006
downstream_refiners,2023-12-08,0.027615645487301485,-0.006371221375423144,0.03398686686272463
downstream_refiners,2023-12-15,0.026931401442580404,-0.009845226699008149,0.036776628141588566
downstream_refiners,2023-12-22,0.028892427410035847,0.005863659227022287,0.023028768183013575
downstream_refiners,2023-12-29,0.00014103344817568454,7.197080408810098e-05,6.906264408759917e-05
downstream_refiners,2024-01-05,0.03816062508252405,0.02555234270091785,0.01260828238160622
downstream_refiners,2024-01-12,0.01188646892285402,0.051558545378151646,-0.03967207645529762
downstream_refiners,2024-01-19,-0.04268886076567734,0.03961097394227909,-0.08229983470795643
downstream_refiners,2024-01-26,0.027065444601654935,0.06781062400577122,-0.04074517940411627
downstream_refiners,2024-02-02,0.03898147138140719,0.04757226637662339,-0.008590794995216186
downstream_refiners,2024-02-09,0.08363427972381973,0.04939890256698154,0.03423537715683821
downstream_refiners,2024-02-16,0.10465763258171218,0.04696950844492589,0.05768812413678629
downstream_refiners,2024-02-23,0.041780448720972516,0.01970670545514213,0.022073743265830392
downstream_refiners,2024-03-01,0.010167649906583,0.06083524574242835,-0.05066759583584535
downstream_refiners,2024-03-08,-0.019396586092233582,0.01655032828765561,-0.035946914379889186
downstream_refiners,2024-03-15,0.042717978065150645,0.021920052067338415,0.02079792599781223
downstream_refiners,2024-03-22,0.06982857051427752,0.03331115792681738,0.03651741258746014
downstream_refiners,2024-03-29,0.09601044825982523,0.0171995163726863,0.07881093188713893
downstream_refiners,2024-04-05,0.1319248999521312,0.06072285245020399,0.07120204750192721
downstream_refiners,2024-04-12,0.02671062937048753,0.04457810172602258,-0.01786747235553504
downstream_refiners,2024-04-19,-0.0489146412691498,0.005919663530495466,-0.05483430479964527
downstream_refiners,2024-04-26,-0.04496094742942193,0.02166224388797677,-0.0666231913173987
downstream_refiners,2024-05-03,-0.14531387375273006,-0.03630902747046476,-0.1090048462822653
downstream_refiners,2024-05-10,-0.1072589060690117,-0.022565199174830644,-0.08469370689418106
downstream_refiners,2024-05-17,-0.035070594827981284,0.01837854250984179,-0.05344913733782308
downstream_refiners,2024-05-24,-0.06278010437844175,-0.023752036736976758,-0.03902806764146499
downstream_refiners,2024-05-31,-0.028743647962991836,-0.0007565571273594953,-0.02798709083563234
downstream_refiners,2024-06-07,-0.03840413954343143,-0.02801059352297684,-0.01039354602045459
downstream_refiners,2024-06-14,-0.08087461301529339,-0.0242161641076286,-0.05665844890766479
downstream_refiners,2024-06-21,-0.0539821722523917,0.01829583238067977,-0.07227800463307146
downstream_refiners,2024-06-28,-0.023422193675517494,0.027000654095640283,-0.05042284777115778
downstream_refiners,2024-07-05,-0.030676137937959275,0.052440838927654866,-0.08311697686561414
downstream_refiners,2024-07-12,-0.0297878384834666,0.04659734133706522,-0.07638517982053183
downstream_refiners,2024-07-19,-0.05720424919286447,-0.01011793716925101,-0.047086312023613464
downstream_refiners,2024-07-26,-0.028627296947235564,-0.04561474276160272,0.016987445814367154
downstream_refiners,2024-08-02,-0.0639572631009889,-0.12143591070032064,0.05747864759933176
downstream_refiners,2024-08-09,-0.021265015231178186,-0.10301893958330297,0.08175392435212481
downstream_refiners,2024-08-16,0.03908303751351829,-0.05067663202009284,0.08975966953361114
downstream_refiners,2024-08-23,-0.007987052289357706,-0.022613594780773065,0.014626542491415357
downstream_refiners,2024-08-30,0.05010531835135254,0.04308021710692647,0.00702510124442607
downstream_refiners,2024-09-06,-0.035190268883615226,-0.06794406658646307,0.03275379770284785
downstream_refiners,2024-09-13,-0.07973023789570909,-0.05425372283284286,-0.02547651506286622
downstream_refiners,2024-09-20,-0.049435901958961234,-0.016580017269175323,-0.032855884689785904
downstream_refiners,2024-09-27,-0.06346315445818211,-0.0277240330040296,-0.035739121454152506
downstream_refiners,2024-10-04,0.05482008199758666,0.1189019013213736,-0.06408181932378693
downstream_refiners,2024-10-11,0.05173127942219802,0.09541893079037585,-0.043687651368177836
downstream_refiners,2024-10-18,-0.006421512342125624,0.029013455374322275,-0.0354349677164479
downstream_refiners,2024-10-25,-0.017873063905050526,0.048075588382867435,-0.06594865228791796
downstream_refiners,2024-11-01,-0.1494067281901188,-0.033063584318804996,-0.11634314387131381
downstream_refiners,2024-11-08,-0.07040012496578653,-0.014848851203788503,-0.05555127376199801
downstream_refiners,2024-11-15,-0.0203002285368972,-0.0024242634480609176,-0.01787596508883628
downstream_refiners,2024-11-22,0.028827843099383625,0.026365519593082417,0.002462323506301208
downstream_refiners,2024-11-29,0.10716696725557046,0.0182270865471666,0.08893988070840386
downstream_refiners,2024-12-06,0.0019522041265912712,-0.01104627433462847,0.012998478461219737
downstream_refiners,2024-12-13,-0.03241405647798788,0.014780596980880245,-0.04719465345886813
downstream_refiners,2024-12-20,-0.12888520362196218,-0.04267970252213528,-0.0862055010998269
downstream_refiners,2024-12-27,-0.102159943924748,0.0013400422924298213,-0.10349998621717782
downstream_refiners,2025-01-03,-0.025198670871544537,0.02910210511552822,-0.054300775987072766
downstream_refiners,2025-01-10,-0.007840360224110329,0.03166736187747473,-0.039507722101585055
downstream_refiners,2025-01-17,0.11154627085928431,0.07087729657081326,0.040668974288471056
downstream_refiners,2025-01-24,0.05609512428063955,0.045293616387527505,0.01080150789311205
downstream_refiners,2025-01-31,-0.0023222167606865712,-0.005365958715796967,0.003043741955110396
downstream_refiners,2025-02-07,-0.014175943469398076,-0.02779087989680022,0.013614936427402139
downstream_refiners,2025-02-14,-0.058802896160714484,-0.045920804842702084,-0.012882091318012403
downstream_refiners,2025-02-21,-0.03691904512351342,-0.051691303519077234,0.014772258395563806
downstream_refiners,2025-02-28,-0.05487148499287126,-0.051016507852286536,-0.0038549771405847356
downstream_refiners,2025-03-07,-0.10788589352622198,-0.06898355438543813,-0.03890233914078387
downstream_refiners,2025-03-14,-0.07872035897998154,-0.07945563070084316,0.0007352717208615883
downstream_refiners,2025-03-21,-0.04195903860981223,-0.049801338953491966,0.007842300343679713
downstream_refiners,2025-03-28,-0.028687112475198864,-0.03795578649186248,0.009268674016663602
downstream_refiners,2025-04-04,-0.1295768717281916,-0.13430914346111417,0.004732271732922552
downstream_refiners,2025-04-11,-0.13111046913399818,-0.07053231184944947,-0.06057815728454869
downstream_refiners,2025-04-18,-0.15113294955124085,-0.07413614696565286,-0.07699680258558796
downstream_refiners,2025-04-25,-0.08433297258697392,-0.045931791518512864,-0.038401181068461056
downstream_refiners,2025-05-02,0.12863690143007894,0.0670346996250188,0.06160220180506013
downstream_refiners,2025-05-09,0.1745880381055037,0.03880877209791243,0.13577926600759127
downstream_refiners,2025-05-16,0.2694324518711255,0.06893298491400873,0.2004994669571168
downstream_refiners,2025-05-23,0.20368387714244457,0.05786922237522503,0.14581465476721955
downstream_refiners,2025-05-30,0.144302377244515,0.06447968351809798,0.07982269372641702
downstream_refiners,2025-06-06,0.07341420404072665,0.08695120893185213,-0.01353700489112547
downstream_refiners,2025-06-13,0.03889141690113665,0.1100278919690624,-0.07113647506792575
downstream_refiners,2025-06-20,0.10846156011652594,0.11794561159919559,-0.009484051482669661
downstream_refiners,2025-06-27,0.08760938607619008,0.08115771962800003,0.006451666448190037
downstream_refiners,2025-07-04,0.1668013035613538,0.05645245952082659,0.1103488440405272
downstream_refiners,2025-07-11,0.14821327957640018,0.012965476029626763,0.1352478035467734
downstream_refiners,2025-07-18,0.040272021847755905,0.01219499013959683,0.02807703170815906
downstream_refiners,2025-07-25,0.061333987366352226,0.04572887577303157,0.01560511159332064
downstream_refiners,2025-08-01,-0.08118136858076555,0.00336695268443506,-0.08454832126520062
downstream_refiners,2025-08-08,-0.1495915882431938,-0.015640123451829562,-0.13395146479136427
downstream_refiners,2025-08-15,-0.06540308426608155,-0.02835612494442522,-0.03704695932165634
downstream_refiners,2025-08-22,0.013953101579371976,-0.013757427843296643,0.02771052942266858
downstream_refiners,2025-08-29,0.13802611206335763,0.007484518095815627,0.13054159396754195
downstream_refiners,2025-09-05,0.1763115417436707,-0.017301416304746964,0.1936129580484176
downstream_refiners,2025-09-12,0.12563347062857072,0.0059126632979698834,0.1197208073306008
downstream_refiners,2025-09-19,0.10967294165121003,0.03138721945786771,0.07828572219334226
downstream_refiners,2025-09-26,0.09745488349560152,0.052887000637855605,0.04456788285774588
downstream_refiners,2025-10-03,0.0366909398112866,0.045499873618862124,-0.00880893380757557
downstream_refiners,2025-10-10,0.01796603591342201,0.003289195016485051,0.014676840896936917
downstream_refiners,2025-10-17,-0.010620318195827594,-0.03597537893789322,0.02535506074206558
downstream_refiners,2025-10-24,0.03223571445048676,-0.02415200893136369,0.05638772338185041
downstream_refiners,2025-10-31,0.05044708112047239,0.025961895397479406,0.02448518572299295
downstream_refiners,2025-11-07,0.12200079156672501,0.008145776376123556,0.11385501519060143
downstream_refiners,2025-11-14,0.11778483077756682,0.011613921329310186,0.10617090944825662
downstream_refiners,2025-11-21,-0.015434890026988918,-0.057829901198099734,0.04239501117111079
downstream_refiners,2025-11-28,0.009933479337081046,-0.04719152598723565,0.05712500532431666
downstream_refiners,2025-12-05,-0.03361680475083713,0.018089559085766184,-0.05170636383660335
downstream_refiners,2025-12-12,-0.08023969028026767,-0.007983085880371131,-0.07225660439989658
downstream_refiners,2025-12-19,-0.10508722203814089,0.015652547591630366,-0.12073976962977129
downstream_refiners,2025-12-26,-0.13464161634994548,-0.001990813854003579,-0.13265080249594194
downstream_refiners,2026-01-02,-0.10447369313302285,-0.025704502491951553,-0.07876919064107131
downstream_refiners,2026-01-09,-0.024164430390881196,0.04299899909293657,-0.06716342948381779
downstream_refiners,2026-01-16,0.027560759870847187,0.07902998928658297,-0.05146922941573581
downstream_refiners,2026-01-23,0.07229950477529656,0.10260466724634104,-0.030305162471044506
downstream_refiners,2026-01-30,0.07203653764169868,0.12109936907808465,-0.04906283143638601
downstream_refiners,2026-02-06,0.11640192506463941,0.05725306228161903,0.05914886278302034
downstream_refiners,2026-02-13,0.13510728181691284,0.014059836665039693,0.12104744515187311
downstream_refiners,2026-02-20,0.06903823457320021,0.018066198760111767,0.0509720358130884
downstream_refiners,2026-02-27,0.07469430861190218,-0.013745591621361193,0.08843990023326334
downstream_refiners,2026-03-06,0.08093813748218491,0.11496318924623683,-0.034025051764051954
downstream_refiners,2026-03-13,0.08613388784708957,0.16181880260216747,-0.07568491475507795
downstream_refiners,2026-03-20,0.187394420874813,0.15234542339916388,0.035048997475649095
downstream_refiners,2026-03-27,0.2241492285815768,0.1636634820330938,0.06048574654848295
downstream_refiners,2026-04-03,0.08210939711466941,0.09262197484497997,-0.010512577730310606
downstream_refiners,2026-04-10,0.028303189902140043,0.0618662877571927,-0.03356309785505268
downstream_refiners,2026-04-17,-0.07702210522384009,-0.0015218178903026805,-0.07550028733353745
downstream_refiners,2026-04-24,-0.0802512933339149,0.04784643880372679,-0.12809773213764172
downstream_refiners,2026-05-01,0.030046684176478718,0.047650180560001566,-0.01760349638352289
downstream_refiners,2026-05-08,0.06276637756704484,0.06169405262674618,0.0010723249402986267
upstream_gas_eandp,2021-06-04,0.10047162689467384,0.02926764748062525,0.0712039794140486
upstream_gas_eandp,2021-06-11,0.13029629428867,0.050733064997539365,0.07956322929113066
upstream_gas_eandp,2021-06-18,-0.013101051102764896,0.03904201069657231,-0.0521430617993372
upstream_gas_eandp,2021-06-25,0.09616811509872965,0.05943411008947816,0.03673400500925149
upstream_gas_eandp,2021-07-02,0.04835103264062883,0.03529212002823485,0.013058912612393982
upstream_gas_eandp,2021-07-09,-0.005934089181597456,0.013262561163929217,-0.019196650345526665
upstream_gas_eandp,2021-07-16,-0.01118933889648445,0.006893937260901897,-0.018083276157386342
upstream_gas_eandp,2021-07-23,-0.07016985734747735,-0.01995532901974847,-0.05021452832772888
upstream_gas_eandp,2021-07-30,-0.06430118562583297,-0.015777683449154624,-0.04852350217667832
upstream_gas_eandp,2021-08-06,-0.0874952742179502,-0.0334037535248848,-0.0540915206930654
upstream_gas_eandp,2021-08-13,-0.023722917573748364,-0.004389277467591112,-0.019333640106157235
upstream_gas_eandp,2021-08-20,-0.12915548096282575,-0.0695286816535882,-0.05962679930923752
upstream_gas_eandp,2021-08-27,-0.009695981530485578,-0.010182431606828787,0.00048645007634323667
upstream_gas_eandp,2021-09-03,0.10409898113912507,0.05606542071060338,0.04803356042852171
upstream_gas_eandp,2021-09-10,0.1483498200824539,0.06984820645809828,0.07850161362435565
upstream_gas_eandp,2021-09-17,0.26784929783522426,0.12647948541599646,0.1413698124192278
upstream_gas_eandp,2021-09-24,0.18871986114742462,0.05822385916411981,0.13049600198330485
upstream_gas_eandp,2021-10-01,0.1594505295765527,0.033229573357683936,0.1262209562188688
upstream_gas_eandp,2021-10-08,0.1890023779007704,0.04069550617436717,0.14830687172640328
upstream_gas_eandp,2021-10-15,0.10023092376084017,0.07562425378341742,0.024606669977422807
upstream_gas_eandp,2021-10-22,0.11200574487219304,0.09300596264942797,0.018999782222765115
upstream_gas_eandp,2021-10-29,0.018408593078802375,0.06964942215680849,-0.05124082907800606
upstream_gas_eandp,2021-11-05,0.0002693205139566411,0.056351138535950286,-0.05608181802199361
upstream_gas_eandp,2021-11-12,0.01306513424617612,0.018230237077195646,-0.00516510283101948
upstream_gas_eandp,2021-11-19,-0.08348773786300676,-0.03522095425861473,-0.04826678360439199
upstream_gas_eandp,2021-11-26,-0.044573182945607415,-0.050816531092947204,0.006243348147339831
upstream_gas_eandp,2021-12-03,-0.16802294480230978,-0.13439302051009538,-0.033629924292214355
upstream_gas_eandp,2021-12-10,-0.07148434755137995,-0.08811371525975392,0.016629367708373984
upstream_gas_eandp,2021-12-17,-0.03282210132099685,-0.07834271839063457,0.04552061706963775
upstream_gas_eandp,2021-12-24,-0.03142586340985429,-0.01673606759550378,-0.014689795814350468
upstream_gas_eandp,2021-12-31,0.05467037384680078,0.07481263508547241,-0.020142261238671598
upstream_gas_eandp,2022-01-07,0.04704526346636659,0.05306466857906879,-0.006019405112702155
upstream_gas_eandp,2022-01-14,0.12374057223816581,0.09436292788538395,0.029377644352781916
upstream_gas_eandp,2022-01-21,-0.04195186187998873,0.01772093248703982,-0.059672794367028506
upstream_gas_eandp,2022-01-28,0.029734746391925134,0.024977188129956942,0.004757558261968237
upstream_gas_eandp,2022-02-04,-0.0012038701071439908,0.03043231796400208,-0.03163618807114603
upstream_gas_eandp,2022-02-11,-0.05770626524466644,0.010603849218564727,-0.06831011446323113
upstream_gas_eandp,2022-02-18,0.07104946674966392,0.033824367450657894,0.03722509929900607
upstream_gas_eandp,2022-02-25,0.09247681119597653,0.03577846914667157,0.05669834204930499
upstream_gas_eandp,2022-03-04,0.19561576208842046,0.07664954185597277,0.11896622023244773
upstream_gas_eandp,2022-03-11,0.20561418242423316,0.07450369728838069,0.1311104851358525
upstream_gas_eandp,2022-03-18,0.20755420146653153,0.11262458578388641,0.09492961568264513
upstream_gas_eandp,2022-03-25,0.303690714897202,0.14773348579701384,0.15595722910018817
upstream_gas_eandp,2022-04-01,0.1961704023271939,0.012500500840761528,0.18366990148643236
upstream_gas_eandp,2022-04-08,0.2144668802612566,0.027771013361441776,0.1866958668998148
upstream_gas_eandp,2022-04-15,0.283007570436424,0.03885704493089255,0.24415052550553148
upstream_gas_eandp,2022-04-22,0.05013684636497085,-0.06969607788707895,0.1198329242520498
upstream_gas_eandp,2022-04-29,0.04136985225167872,-0.02480494987938761,0.06617480213106634
upstream_gas_eandp,2022-05-06,0.039316898154721135,-0.00931779495698697,0.048634693111708115
upstream_gas_eandp,2022-05-13,-0.11769586047822791,-0.07621302730881754,-0.041482833169410364
upstream_gas_eandp,2022-05-20,0.0025672758390261202,-0.034335297577451594,0.03690257341647773
upstream_gas_eandp,2022-05-27,0.15882195292948745,0.03385261343072725,0.1249693394987602
upstream_gas_eandp,2022-06-03,0.11964511747264954,0.023601448344651436,0.09604366912799811
upstream_gas_eandp,2022-06-10,0.2239913267572174,0.045866285015917246,0.17812504174130017
upstream_gas_eandp,2022-06-17,-0.016084676968398687,-0.02967374909116372,0.013589072122765056
upstream_gas_eandp,2022-06-24,-0.2340898199586216,-0.06698483485701812,-0.1671049851016035
upstream_gas_eandp,2022-07-01,-0.24497837439207903,-0.0997796458852194,-0.1451987285068596
upstream_gas_eandp,2022-07-08,-0.26985808969177805,-0.07924706293557646,-0.19061102675620162
upstream_gas_eandp,2022-07-15,-0.039565799680132144,-0.024483447445998903,-0.015082352234133234
upstream_gas_eandp,2022-07-22,0.09713145098660839,-0.03532093867167503,0.13245238965828343
upstream_gas_eandp,2022-07-29,0.1840316900094756,0.027713656310598713,0.15631803369887692
upstream_gas_eandp,2022-08-05,0.15225608065217786,-0.012934333541118684,0.16519041419329653
upstream_gas_eandp,2022-08-12,0.1832260708162523,0.04697869203712044,0.13624737877913184
upstream_gas_eandp,2022-08-19,0.12392170238993488,0.01166859605137693,0.11225310633855795
upstream_gas_eandp,2022-08-26,0.09949147808059552,-0.028010107367989263,0.12750158544858478
upstream_gas_eandp,2022-09-02,0.10935056154381328,-0.03045910860034666,0.13980967014415996
upstream_gas_eandp,2022-09-09,0.023311375326274683,-0.03519627022819248,0.05850764555446716
upstream_gas_eandp,2022-09-16,-0.037297294294731775,-0.0457088038935977,0.00841150959886592
upstream_gas_eandp,2022-09-23,-0.2157312949095066,-0.11644053850763506,-0.09929075640187154
upstream_gas_eandp,2022-09-30,-0.14787584076007843,-0.07975542650612981,-0.06812041425394862
upstream_gas_eandp,2022-10-07,-0.08068787815755057,-0.040466729095974346,-0.04022114906157623
upstream_gas_eandp,2022-10-14,-0.06250750927333035,-0.04478810155770369,-0.01771940771562663
upstream_gas_eandp,2022-10-21,0.04283933763078156,0.04761886235739006,-0.004779524726608489
upstream_gas_eandp,2022-10-28,0.03932753820909694,0.0742195132915551,-0.03489197508245814
upstream_gas_eandp,2022-11-04,0.01692823906116439,0.0048860355081431165,0.012042203553021297
upstream_gas_eandp,2022-11-11,0.05272184796028581,0.0700561752978911,-0.017334327337605274
upstream_gas_eandp,2022-11-18,0.040840506372354195,0.00044134324405663283,0.04039916312829757
upstream_gas_eandp,2022-11-25,0.061870394516952074,-0.03824811851717794,0.10011851303413002
upstream_gas_eandp,2022-12-02,-0.05023190206098745,-0.030436878378273986,-0.019795023682713443
upstream_gas_eandp,2022-12-09,-0.17375826732728847,-0.11962256085789551,-0.05413570646939293
upstream_gas_eandp,2022-12-16,-0.08094560407804682,-0.06257758280234646,-0.018368021275700336
upstream_gas_eandp,2022-12-23,-0.1221899837623156,-0.01473051764271683,-0.10745946611959875
upstream_gas_eandp,2022-12-30,-0.09627360324547893,-0.036841410000378744,-0.059432193245100164
upstream_gas_eandp,2023-01-06,-0.03995535576316557,0.004467234769684126,-0.04442259053284967
upstream_gas_eandp,2023-01-13,-0.047034796100555866,0.03855582577499156,-0.08559062187554739
upstream_gas_eandp,2023-01-20,-0.05257825964217645,0.0053658598821241,-0.05794411952430052
upstream_gas_eandp,2023-01-27,-0.04500296233825203,0.029116104502234067,-0.07411906684048607
upstream_gas_eandp,2023-02-03,-0.03986150731535553,0.01795066014591762,-0.057812167461273115
upstream_gas_eandp,2023-02-10,-0.05984297442129414,0.007079143355546193,-0.06692211777684029
upstream_gas_eandp,2023-02-17,-0.10496744529978436,-0.017914138521984833,-0.08705330677779949
upstream_gas_eandp,2023-02-24,0.014071578072912039,-0.03660498384375749,0.05067656191666957
upstream_gas_eandp,2023-03-03,0.07815711372723225,0.04091244630355988,0.03724466742367241
upstream_gas_eandp,2023-03-10,-0.05364678405302097,-0.062287610777784684,0.008640826724763753
upstream_gas_eandp,2023-03-17,-0.04625428998461182,-0.10489572046620459,0.0586414304815928
upstream_gas_eandp,2023-03-24,-0.09381717970803483,-0.08167692406544619,-0.012140255642588624
upstream_gas_eandp,2023-03-31,-0.08053812621020026,-0.05507118873364686,-0.02546693747655338
upstream_gas_eandp,2023-04-07,0.021033169022525035,0.024925202745662036,-0.0038920337231369874
upstream_gas_eandp,2023-04-14,0.10477391167214614,0.10790481354468179,-0.003130901872535615
upstream_gas_eandp,2023-04-21,0.0358410230663904,0.07804726917942018,-0.042206246113029755
upstream_gas_eandp,2023-04-28,0.0356235192989875,0.012918228411159017,0.022705290887828508
upstream_gas_eandp,2023-05-05,-0.013510570485960237,-0.041418958381335705,0.027908387895375496
upstream_gas_eandp,2023-05-12,-0.031030287265382022,-0.06505375697638448,0.03402346971100248
upstream_gas_eandp,2023-05-19,0.0690397212054064,-0.017709236716179952,0.08674895792158638
upstream_gas_eandp,2023-05-26,-0.005163257501612749,-0.02043306290953053,0.015269805407917801
upstream_gas_eandp,2023-06-02,0.05512130591151949,0.02882507943190827,0.02629622647961124
upstream_gas_eandp,2023-06-09,0.04448631540299137,0.03635475373226546,0.008131561670725936
upstream_gas_eandp,2023-06-16,0.008585226117161109,0.04034948297609946,-0.03176425685893833
upstream_gas_eandp,2023-06-23,0.024231157484650837,0.01153605332227272,0.012695104162378141
upstream_gas_eandp,2023-06-30,0.07610361423799956,0.030039726537188484,0.046063887700811115
upstream_gas_eandp,2023-07-07,0.041972675556193176,0.04190530928291604,6.736627327717792e-05
upstream_gas_eandp,2023-07-14,0.007790258424183631,0.026634183202451273,-0.01884392477826761
upstream_gas_eandp,2023-07-21,0.06739326365934158,0.07011542799948775,-0.0027221643401461396
upstream_gas_eandp,2023-07-28,0.050417043157416526,0.06961992367943115,-0.01920288052201459
upstream_gas_eandp,2023-08-04,0.08822111951146948,0.061360680844260836,0.02686043866720868
upstream_gas_eandp,2023-08-11,0.11822029716505583,0.05555671503092402,0.06266358213413184
upstream_gas_eandp,2023-08-18,0.07136185527549047,0.02171321965542738,0.049648635620063115
upstream_gas_eandp,2023-08-25,0.015247100747941139,0.001671281441218522,0.013575819306722657
upstream_gas_eandp,2023-09-01,0.0624118498557036,0.03475407907467206,0.027657770781031578
upstream_gas_eandp,2023-09-08,0.010977346598011545,0.02916179668371128,-0.018184450085699688
upstream_gas_eandp,2023-09-15,-0.008582448491230448,0.08385812282415439,-0.0924405713153848
upstream_gas_eandp,2023-09-22,-0.04984072557222307,0.061070323014739164,-0.11091104858696219
upstream_gas_eandp,2023-09-29,-0.06605691548314473,0.03003467880496367,-0.09609159428810835
upstream_gas_eandp,2023-10-06,-0.02862487753516834,0.003881679179356501,-0.0325065567145248
upstream_gas_eandp,2023-10-13,0.044548337753060815,-0.015907877087436687,0.06045621484049755
upstream_gas_eandp,2023-10-20,0.09503275280824842,-0.0031058945003320394,0.09813864730858052
upstream_gas_eandp,2023-10-27,0.0325590376644236,-0.03537565345688949,0.06793469112131313
upstream_gas_eandp,2023-11-03,0.07476519358747018,-0.009462425525282418,0.08422761911275264
upstream_gas_eandp,2023-11-10,-0.08186281294929576,-0.038731585082609515,-0.0431312278666862
upstream_gas_eandp,2023-11-17,-0.05273136702516912,-0.025568723814885494,-0.02716264321028359
upstream_gas_eandp,2023-11-24,-0.04048041286000357,0.002238771366202674,-0.0427191842262062
upstream_gas_eandp,2023-12-01,-0.109748443750334,-0.011984408796248146,-0.09776403495408581
upstream_gas_eandp,2023-12-08,0.03286358106290081,-0.012782203364817307,0.045645784427718154
upstream_gas_eandp,2023-12-15,0.02265464775883779,-0.019779673497791767,0.04243432125662959
upstream_gas_eandp,2023-12-22,0.024685415599827627,-0.0022266809929558026,0.02691209659278346
upstream_gas_eandp,2023-12-29,0.035008185991892524,-0.001081425309870333,0.03608961130176288
upstream_gas_eandp,2024-01-05,0.019237717703792394,0.020897867795020307,-0.0016601500912278872
upstream_gas_eandp,2024-01-12,0.00046008706255330333,0.10240087604058029,-0.10194078897802697
upstream_gas_eandp,2024-01-19,-0.0531754274261362,0.03555528680080028,-0.08873071422693646
upstream_gas_eandp,2024-01-26,-0.03581374524290923,0.0601926910891344,-0.09600643633204362
upstream_gas_eandp,2024-02-02,-0.0869507816494783,0.03526044893655003,-0.12221123058602831
upstream_gas_eandp,2024-02-09,-0.0948578643576342,-0.028010176806651525,-0.06684768755098265
upstream_gas_eandp,2024-02-16,0.005821239699562095,0.02100483666915157,-0.015183596969589458
upstream_gas_eandp,2024-02-23,0.02945580865929641,-0.007085707482611215,0.03654151614190764
upstream_gas_eandp,2024-03-01,0.08907190435242228,0.03392094207896339,0.05515096227345892
upstream_gas_eandp,2024-03-08,0.1183162727713149,0.0017704981157744479,0.11654577465554047
upstream_gas_eandp,2024-03-15,0.04561101875654812,0.010444152252637166,0.03516686650391098
upstream_gas_eandp,2024-03-22,0.0406572883158738,0.03358592487087968,0.007071363444994129
upstream_gas_eandp,2024-03-29,0.06714820122584447,0.02447141998313819,0.04267678124270629
upstream_gas_eandp,2024-04-05,0.06373230847895327,0.06642301054251532,-0.0026907020635620407
upstream_gas_eandp,2024-04-12,0.11155381431957254,0.042130688638410296,0.06942312568116224
upstream_gas_eandp,2024-04-19,0.06643468584963959,-0.001452129084193822,0.06788681493383342
upstream_gas_eandp,2024-04-26,0.08091884368840194,0.010824128327843754,0.0700947153605582
upstream_gas_eandp,2024-05-03,0.030108627216964293,-0.03744827884065555,0.06755690605761988
upstream_gas_eandp,2024-05-10,0.018636817061108042,-0.0049781304529408835,0.023614947514048946
upstream_gas_eandp,2024-05-17,0.09539100644312357,0.04562050484797124,0.04977050159515236
upstream_gas_eandp,2024-05-24,0.010402303807442247,0.0008933268259176882,0.00950897698152458
upstream_gas_eandp,2024-05-31,0.09163658384317996,0.008561740716971532,0.08307484312620847
upstream_gas_eandp,2024-06-07,0.04949030866704694,-0.015075974232310281,0.06456628289935724
upstream_gas_eandp,2024-06-14,-0.037860179536137295,-0.017537217617942275,-0.020322961918195
upstream_gas_eandp,2024-06-21,-0.039456006827051915,0.018818554571008894,-0.05827456139806079
upstream_gas_eandp,2024-06-28,-0.09316531384952961,0.032001389254818075,-0.1251667031043477
upstream_gas_eandp,2024-07-05,-0.052626252522495656,0.04487485805628509,-0.09750111057878072
upstream_gas_eandp,2024-07-12,0.010564435302489305,0.03595376720265867,-0.02538933190016935
upstream_gas_eandp,2024-07-19,0.006002918036411915,-0.018289496780608757,0.02429241481702069
upstream_gas_eandp,2024-07-26,-0.006090406477302378,-0.04549534132371927,0.03940493484641691
upstream_gas_eandp,2024-08-02,-0.11037661340944173,-0.11670042199786157,0.006323808588419848
upstream_gas_eandp,2024-08-09,-0.11950901807224393,-0.10141686286474036,-0.018092155207503582
upstream_gas_eandp,2024-08-16,-0.06611648087556427,-0.04143033427353153,-0.024686146602032718
upstream_gas_eandp,2024-08-23,-0.03663989618337218,-0.019216462475004123,-0.01742343370836804
upstream_gas_eandp,2024-08-30,0.05663392447426607,0.04021417589642407,0.01641974857784202
upstream_gas_eandp,2024-09-06,-0.034023044216785286,-0.05983604737445693,0.025813003157671658
upstream_gas_eandp,2024-09-13,-0.03293502565090325,-0.04280087108578682,0.009865845434883589
upstream_gas_eandp,2024-09-20,0.015058317556715668,-0.007303334331522936,0.022361651888238618
upstream_gas_eandp,2024-09-27,0.044455164027999386,-0.008112486766624757,0.05256765079462415
upstream_gas_eandp,2024-10-04,0.13938811122196126,0.120367031574803,0.019021079647158275
upstream_gas_eandp,2024-10-11,0.12006189815906723,0.09044618521387628,0.029615712945190983
upstream_gas_eandp,2024-10-18,0.03252329308519224,0.030471749303269065,0.0020515437819231905
upstream_gas_eandp,2024-10-25,0.023552145976722772,0.04035309284163264,-0.016800946864909846
upstream_gas_eandp,2024-11-01,-0.05278904326356762,-0.041386122056107866,-0.011402921207459744
upstream_gas_eandp,2024-11-08,0.045363253485257625,-0.02881893555248511,0.07418218903774275
upstream_gas_eandp,2024-11-15,0.11600991135569601,-0.014978043393501849,0.13098795474919786
upstream_gas_eandp,2024-11-22,0.17045141794106017,0.032717483597310734,0.13773393434374945
upstream_gas_eandp,2024-11-29,0.2147845976431082,0.05113216636184957,0.16365243128125864
upstream_gas_eandp,2024-12-06,0.05962038716692367,0.024431587970401354,0.035188799196522326
upstream_gas_eandp,2024-12-13,0.07316095701559858,0.04617010782666558,0.026990849188933
upstream_gas_eandp,2024-12-20,-0.05082467813060012,-0.03134504834751014,-0.019479629783089973
upstream_gas_eandp,2024-12-27,-0.015033027895423726,-0.0073477449780872135,-0.007685282917336507
upstream_gas_eandp,2025-01-03,0.06586194562744413,0.026651103519403946,0.039210842108040184
upstream_gas_eandp,2025-01-10,0.04300342911233508,0.02647356404105309,0.016529865071282
upstream_gas_eandp,2025-01-17,0.14024379333672765,0.10150839981844939,0.03873539351827826
upstream_gas_eandp,2025-01-24,0.09419227263207405,0.05624918089919623,0.03794309173287783
upstream_gas_eandp,2025-01-31,0.007271520690932322,-0.009414674262845896,0.016686194953778224
upstream_gas_eandp,2025-02-07,-0.012879607611483934,-0.024086636333711414,0.011207028722227494
upstream_gas_eandp,2025-02-14,-0.028574975693121413,-0.0642851121071069,0.035710136413985495
upstream_gas_eandp,2025-02-21,-0.04306002186188352,-0.053579407748357094,0.010519385886473588
upstream_gas_eandp,2025-02-28,-0.04083631880974139,-0.04319214834307536,0.002355829533333985
upstream_gas_eandp,2025-03-07,-0.09669266722846279,-0.06570600263544278,-0.030986664593019984
upstream_gas_eandp,2025-03-14,-0.06032030696726212,-0.09314385534041612,0.032823548373154
upstream_gas_eandp,2025-03-21,0.017024432639365643,-0.05697314704567784,0.07399757968504347
upstream_gas_eandp,2025-03-28,0.06654920424843258,-0.04287194447661867,0.10942114872505126
upstream_gas_eandp,2025-04-04,-0.018019551180419646,-0.1292392386172966,0.11121968743687696
upstream_gas_eandp,2025-04-11,-0.06414905833380304,-0.0669327522491843,0.002783693915381285
upstream_gas_eandp,2025-04-18,-0.08884167495627045,-0.07859393380281898,-0.010247741153451468
upstream_gas_eandp,2025-04-25,-0.08392644820879071,-0.04855345836717058,-0.03537298984162012
upstream_gas_eandp,2025-05-02,0.07735030991691956,0.06485101565756954,0.012499294259350043
upstream_gas_eandp,2025-05-09,0.12045751347333677,0.04362264812787542,0.07683486534546138
upstream_gas_eandp,2025-05-16,0.12029163552558854,0.07783463075106156,0.04245700477452699
upstream_gas_eandp,2025-05-23,0.11092856911086488,0.06608192471681103,0.044846644394053864
upstream_gas_eandp,2025-05-30,0.07042176630526777,0.06298333635357234,0.007438429951695443
upstream_gas_eandp,2025-06-06,0.024482501667456125,0.07758988312877192,-0.053107381461315786
upstream_gas_eandp,2025-06-13,0.02821171842744281,0.09564796833741934,-0.06743624990997651
upstream_gas_eandp,2025-06-20,0.09577169315604683,0.10688647962632755,-0.011114786470280705
upstream_gas_eandp,2025-06-27,0.07965357886455593,0.07928194056753621,0.00037163829701972705
upstream_gas_eandp,2025-07-04,-0.012028587544530407,0.05868844550603543,-0.07071703305056583
upstream_gas_eandp,2025-07-11,-0.05139241882981077,0.01436257490150646,-0.06575499373131721
upstream_gas_eandp,2025-07-18,-0.10269769541822316,0.011902786514710394,-0.11460048193293354
upstream_gas_eandp,2025-07-25,-0.15051819103255953,0.034240353444738754,-0.1847585444772983
upstream_gas_eandp,2025-08-01,-0.1045009935248922,-0.006820024113474762,-0.09768096941141745
upstream_gas_eandp,2025-08-08,-0.11032213109374099,-0.01511294385828852,-0.09520918723545246
upstream_gas_eandp,2025-08-15,-0.11285227611943334,-0.03240349452422277,-0.08044878159521057
upstream_gas_eandp,2025-08-22,-0.031559568514212905,-0.02258532834020178,-0.008974240174011137
upstream_gas_eandp,2025-08-29,0.01754548468011398,0.004008169719886941,0.013537314960227025
upstream_gas_eandp,2025-09-05,0.013917056615077542,-0.013925706422282524,0.027842763037360052
upstream_gas_eandp,2025-09-12,0.016828804123084268,0.006885669790661939,0.009943134332422313
upstream_gas_eandp,2025-09-19,-0.0038874087502711856,0.038343626873001815,-0.04223103562327301
upstream_gas_eandp,2025-09-26,0.05237123145323574,0.05251180467532851,-0.0001405732220927866
upstream_gas_eandp,2025-10-03,0.08320508438927307,0.04805399376371755,0.035151090625555506
upstream_gas_eandp,2025-10-10,0.0010994304371392122,0.008082598142692677,-0.006983167705553475
upstream_gas_eandp,2025-10-17,0.00024975342417345864,-0.03020484419482209,0.030454597618995532
upstream_gas_eandp,2025-10-24,-0.04273803530583387,-0.012208501200166422,-0.03052953410566746
upstream_gas_eandp,2025-10-31,-0.052031269522816365,0.02791775585543232,-0.0799490253782487
upstream_gas_eandp,2025-11-07,0.1026769696303771,0.013450851484227234,0.08922611814614986
upstream_gas_eandp,2025-11-14,0.1743829765879572,0.009808632731272079,0.1645743438566851
upstream_gas_eandp,2025-11-21,0.10448179681996855,-0.05580310780628813,0.1602849046262567
upstream_gas_eandp,2025-11-28,0.15587811640360444,-0.04172792834103206,0.1976060447446365
upstream_gas_eandp,2025-12-05,0.09243695524371258,0.02343917029212263,0.06899778495158992
upstream_gas_eandp,2025-12-12,-0.04300637061292528,-0.0016460626333241052,-0.041360307979601205
upstream_gas_eandp,2025-12-19,-0.049120931257725854,0.01464692114413187,-0.06376785240185776
upstream_gas_eandp,2025-12-26,-0.08667249517058626,-0.012598773855209074,-0.0740737213153772
upstream_gas_eandp,2026-01-02,-0.09877954758789098,-0.029312771967953934,-0.06946677561993707
upstream_gas_eandp,2026-01-09,-0.09697712583590307,0.028141314231443254,-0.12511844006734635
upstream_gas_eandp,2026-01-16,-0.046630162792360236,0.061887230172397764,-0.10851739296475801
upstream_gas_eandp,2026-01-23,0.0009849018691502898,0.1569345063122938,-0.15594960444314354
upstream_gas_eandp,2026-01-30,0.04039069419057071,0.11336545255625868,-0.07297475836568801
upstream_gas_eandp,2026-02-06,0.10385211294095684,0.05420747770269258,0.04964463523826423
upstream_gas_eandp,2026-02-13,0.085346842745374,0.005478133231850084,0.0798687095135239
upstream_gas_eandp,2026-02-20,0.045850061321040185,-0.062059511426725396,0.10790957274776555
upstream_gas_eandp,2026-02-27,0.013983131192351467,-0.03967948209412456,0.05366261328647601
upstream_gas_eandp,2026-03-06,0.04978703031249834,0.09251734276963902,-0.0427303124571407
upstream_gas_eandp,2026-03-13,0.059929064238367476,0.1496577880056188,-0.08972872376725133
upstream_gas_eandp,2026-03-20,0.06043973641971173,0.12511953816019103,-0.06467980174047933
upstream_gas_eandp,2026-03-27,0.09907722069311828,0.1358078362437781,-0.03673061555065982
upstream_gas_eandp,2026-04-03,-0.008615914389230234,0.08601224355456395,-0.0946281579437942
upstream_gas_eandp,2026-04-10,-0.036941580080177554,0.03732800318526944,-0.074269583265447
upstream_gas_eandp,2026-04-17,-0.10094984576705406,0.0005265166484201278,-0.1014763624154742
upstream_gas_eandp,2026-04-24,-0.13708981941317464,0.05058574608912079,-0.18767556550229542
upstream_gas_eandp,2026-05-01,-0.0268026762408228,0.03785754581903126,-0.0646602220598541
upstream_gas_eandp,2026-05-08,-0.04755140058610438,0.07856712467174869,-0.1261185252578531
lng_terminals,2021-06-04,0.08480219693388581,0.018310565505552934,0.06649163142833289
lng_terminals,2021-06-11,0.2198813513320677,0.037091843502807344,0.1827895078292604
lng_terminals,2021-06-18,0.20968564222719638,0.03163090493158059,0.17805473729561583
lng_terminals,2021-06-25,0.23090692642403832,0.05351847822898213,0.1773884481950562
lng_terminals,2021-07-02,0.12493012631054175,0.03897247315067204,0.08595765315986972
lng_terminals,2021-07-09,-0.025810191250392592,0.022843553150402755,-0.04865374440079533
lng_terminals,2021-07-16,-0.09402414928005183,0.013093658257013252,-0.10711780753706508
lng_terminals,2021-07-23,-0.11703932971311531,-0.012766649562995152,-0.10427268015012016
lng_terminals,2021-07-30,-0.1019271025491533,-0.011150807197824582,-0.0907762953513287
lng_terminals,2021-08-06,-0.13452807673741302,-0.03178618381769929,-0.10274189291971371
lng_terminals,2021-08-13,-0.02994675881047051,-0.0023016077210705295,-0.027645151089399984
lng_terminals,2021-08-20,-0.025743339197286493,-0.05982499168460583,0.03408165248731933
lng_terminals,2021-08-27,-0.005515930903378305,-0.010646076901805947,0.005130145998427635
lng_terminals,2021-09-03,0.07564543771357157,0.042237804251479064,0.03340763346209251
lng_terminals,2021-09-10,0.043758579178695044,0.04198409603070186,0.0017744831479931753
lng_terminals,2021-09-17,-0.07335971073161346,0.0907682446238901,-0.16412795535550356
lng_terminals,2021-09-24,-0.01824969218940875,0.04109408167108994,-0.05934377386049869
lng_terminals,2021-10-01,-0.03105909341007714,0.021416847595770467,-0.05247594100584759
lng_terminals,2021-10-08,0.027134452740363066,0.04181242484653125,-0.01467797210616818
lng_terminals,2021-10-15,0.19458390158995875,0.06905114526055098,0.12553275632940777
lng_terminals,2021-10-22,0.11871772988513912,0.07748723313707598,0.041230496748063145
lng_terminals,2021-10-29,0.1284763661362051,0.06252895559599778,0.06594741054020734
lng_terminals,2021-11-05,0.09843692022916303,0.046577866968141354,0.051859053261021686
lng_terminals,2021-11-12,0.04156419134196687,0.01612812257169787,0.025436068770268997
lng_terminals,2021-11-19,0.013102574959739193,-0.026978935113452465,0.040081510073191655
lng_terminals,2021-11-26,0.004734175065368149,-0.058180136642503794,0.06291431170787193
lng_terminals,2021-12-03,-0.10366777626335928,-0.11503645743186547,0.011368681168506173
lng_terminals,2021-12-10,-0.09533573287393346,-0.06834381331505315,-0.026991919558880303
lng_terminals,2021-12-17,-0.10972847791193566,-0.07073514266344097,-0.0389933352484947
lng_terminals,2021-12-24,-0.0625579030754696,0.003980536597727111,-0.06653843967319674
lng_terminals,2021-12-31,-0.012988088438505768,0.07124031276384829,-0.08422840120235406
lng_terminals,2022-01-07,-0.0006487106442332087,0.04467343566204192,-0.04532214630627514
lng_terminals,2022-01-14,0.061210962943400365,0.08982858268797309,-0.028617619744572727
lng_terminals,2022-01-21,-0.07110724924682572,0.017972222517535677,-0.0890794717643614
lng_terminals,2022-01-28,-0.013813699910763925,0.020695061115920725,-0.03450876102668466
lng_terminals,2022-02-04,0.021894600072425968,0.03490361852820739,-0.013009018455781434
lng_terminals,2022-02-11,-0.014455138888825131,0.012705041929820412,-0.027160180818645553
lng_terminals,2022-02-18,0.05534352902797334,0.03103171571176063,0.0243118133162127
lng_terminals,2022-02-25,0.1673656338450193,0.034246306260457715,0.13311932758456155
lng_terminals,2022-03-04,0.26513007004016315,0.09106951247698979,0.17406055756317335
lng_terminals,2022-03-11,0.2471492784677431,0.07379260365293716,0.1733566748148059
lng_terminals,2022-03-18,0.18272506022943236,0.1153902789858611,0.06733478124357123
lng_terminals,2022-03-25,0.2568690018583931,0.1560697591748117,0.10079924268358137
lng_terminals,2022-04-01,0.1275217905255512,-0.01454977538089211,0.1420715659064433
lng_terminals,2022-04-08,0.1293227019752849,0.0008608160862890605,0.12846188588899582
lng_terminals,2022-04-15,0.23816239450697832,0.012991965044307358,0.22517042946267093
lng_terminals,2022-04-22,-0.06984500690682507,-0.099992819646616,0.030147812739790912
lng_terminals,2022-04-29,-0.08331488666187944,-0.038322131011319205,-0.04499275565056025
lng_terminals,2022-05-06,0.014877294132268168,-0.001748095412271184,0.016625389544539355
lng_terminals,2022-05-13,-0.10498765066020246,-0.07111821485616064,-0.03386943580404183
lng_terminals,2022-05-20,-0.0032739745933125695,-0.031973592647561305,0.028699618054248754
lng_terminals,2022-05-27,0.09434550764423431,0.04736846608460918,0.046977041559625156
lng_terminals,2022-06-03,0.032028913409051195,0.03484591401450533,-0.002817000605454121
lng_terminals,2022-06-10,0.029571298416818312,0.051828469684739975,-0.02225717126792163
lng_terminals,2022-06-17,-0.090907840238837,-0.022813349745299374,-0.06809449049353761
lng_terminals,2022-06-24,-0.26601866809839914,-0.06679260456185908,-0.19922606353654002
lng_terminals,2022-07-01,-0.2936958947503142,-0.09949356070422093,-0.1942023340460933
lng_terminals,2022-07-08,-0.16624518173520536,-0.08181972440477471,-0.08442545733043065
lng_terminals,2022-07-15,-0.08758811973075864,-0.02178336218104742,-0.06580475754971121
lng_terminals,2022-07-22,0.03156633691610265,-0.048522521539296905,0.08008885845539956
lng_terminals,2022-07-29,0.2113081678075331,0.013389738646341118,0.19791842916119196
lng_terminals,2022-08-05,0.1591538450071043,-0.02800863544656742,0.18716248045367176
lng_terminals,2022-08-12,0.2816917873976303,0.032664303861886304,0.249027483535744
lng_terminals,2022-08-19,0.26312570683319597,-0.00037661694149623143,0.2635023237746922
lng_terminals,2022-08-26,0.15411269070971953,-0.04673663497731054,0.20084932568703012
lng_terminals,2022-09-02,0.09327146082709942,-0.05117375295053561,0.14444521377763508
lng_terminals,2022-09-09,0.017958664060874832,-0.061099441050913986,0.07905810511178886
lng_terminals,2022-09-16,-0.05011836099035806,-0.06526934408106669,0.01515098309070867
lng_terminals,2022-09-23,-0.15143395181492494,-0.12639834038878306,-0.02503561142614183
lng_terminals,2022-09-30,-0.0735578664664008,-0.07825087690639922,0.004693010439998445
lng_terminals,2022-10-07,-0.029609459542360876,-0.03694425802010935,0.007334798477748525
lng_terminals,2022-10-14,-0.034147777465721306,-0.04042190905277049,0.006274131587049224
lng_terminals,2022-10-21,0.08630759986642039,0.05222625791889356,0.034081341947526884
lng_terminals,2022-10-28,0.10780199070639021,0.07979581615317548,0.0280061745532148
lng_terminals,2022-11-04,0.06320260477555081,0.0153941218464635,0.04780848292908737
lng_terminals,2022-11-11,0.05351013362326699,0.07941036469035717,-0.02590023106709012
lng_terminals,2022-11-18,-0.033046477966751885,0.0019697486002516404,-0.03501622656700347
lng_terminals,2022-11-25,-0.009621037074629364,-0.04258829498145829,0.03296725790682899
lng_terminals,2022-12-02,-0.041069605155079535,-0.03300668269048912,-0.008062922464590366
lng_terminals,2022-12-09,-0.08267311285716,-0.12261268796102459,0.039939575103864644
lng_terminals,2022-12-16,-0.07136622370593039,-0.06924590135250427,-0.00212032235342606
lng_terminals,2022-12-23,-0.11484498027378535,-0.02611465258640029,-0.08873032768738501
lng_terminals,2022-12-30,-0.10451851275485402,-0.04487920396642782,-0.05963930878842613
lng_terminals,2023-01-06,-0.05178109037913228,-0.0021193426910316587,-0.04966174768810056
lng_terminals,2023-01-13,0.039327686201878764,0.040027146636182384,-0.0006994604343035574
lng_terminals,2023-01-20,0.0062007512984322034,0.018898654704336913,-0.01269790340590465
lng_terminals,2023-01-27,0.01312383429004136,0.03390413286661199,-0.020780298576570565
lng_terminals,2023-02-03,0.08369521457346976,0.030216188973809642,0.05347902559966018
lng_terminals,2023-02-10,0.0228820033111781,0.015457524380309506,0.007424478930868648
lng_terminals,2023-02-17,-0.02596551370464463,-0.012225482316583134,-0.013740031388061447
lng_terminals,2023-02-24,0.024761529284043265,-0.03251919386533412,0.05728072314937744
lng_terminals,2023-03-03,0.012003421410552766,0.035558060857074344,-0.023554639446521523
lng_terminals,2023-03-10,-0.10075748996774472,-0.06240554717850183,-0.03835194278924284
lng_terminals,2023-03-17,-0.18443386578897028,-0.10301732082277337,-0.08141654496619684
lng_terminals,2023-03-24,-0.20622019637491776,-0.07477856713551773,-0.13144162923939995
lng_terminals,2023-03-31,-0.10253848728272895,-0.04892982261394052,-0.05360866466878835
lng_terminals,2023-04-07,-0.025170178405715483,0.03528470106960385,-0.060454879475319266
lng_terminals,2023-04-14,0.17080559074424498,0.11422397951320906,0.05658161123103597
lng_terminals,2023-04-21,0.14310229200813543,0.07860869213036498,0.06449359987777051
lng_terminals,2023-04-28,0.03281857137575704,0.013080876984783135,0.01973769439097396
lng_terminals,2023-05-05,0.03443120797465025,-0.04592518210980761,0.08035639008445791
lng_terminals,2023-05-12,-0.009657455274757526,-0.07084285024472486,0.06118539496996738
lng_terminals,2023-05-19,-0.025884638647197807,-0.02623309888962921,0.0003484602424314656
lng_terminals,2023-05-26,-0.06318772969209142,-0.020530938379223495,-0.04265679131286787
lng_terminals,2023-06-02,-0.031107066707572167,0.025969527060438292,-0.05707659376801041
lng_terminals,2023-06-09,-0.02163565979754912,0.033708489928787354,-0.05534414972633642
lng_terminals,2023-06-16,0.08821417743140031,0.03926628289647871,0.048947894534921654
lng_terminals,2023-06-23,0.10688797799419587,0.007280955583822159,0.09960702241037378
lng_terminals,2023-06-30,0.10723380952501316,0.023126843171774925,0.0841069663532383
lng_terminals,2023-07-07,0.10934325666723918,0.03872154434834818,0.07062171231889106
lng_terminals,2023-07-14,-0.05867354254952159,0.025263840254565805,-0.08393738280408736
lng_terminals,2023-07-21,-0.010514841365145085,0.06580907654961038,-0.07632391791475542
lng_terminals,2023-07-28,-0.048875521125643015,0.06869938204091922,-0.11757490316656219
lng_terminals,2023-08-04,-0.05980928740688063,0.05715098303220673,-0.1169602704390873
lng_terminals,2023-08-11,0.027892004240908434,0.04833811370622034,-0.020446109465311862
lng_terminals,2023-08-18,-0.005553111577169151,0.014962377861442309,-0.020515489438611416
lng_terminals,2023-08-25,-0.0062528820207171446,-0.008157042367153294,0.0019041603464361977
lng_terminals,2023-09-01,0.028667984242211376,0.027826912952055048,0.0008410712901563778
lng_terminals,2023-09-08,-0.010894653179997542,0.024615376937372677,-0.03551003011737017
lng_terminals,2023-09-15,-0.022353680252214,0.07517755910812952,-0.09753123936034347
lng_terminals,2023-09-22,-0.023716136186806153,0.050451484170490626,-0.07416762035729674
lng_terminals,2023-09-29,-0.07921210706860263,0.018369719484367296,-0.09758182655296987
lng_terminals,2023-10-06,-0.10673178793374347,-0.012284609196539328,-0.09444717873720408
lng_terminals,2023-10-13,-0.07438090755027182,-0.01868389477607939,-0.05569701277419237
lng_terminals,2023-10-20,-0.05590602511780313,-0.005530988702632837,-0.05037503641517024
lng_terminals,2023-10-27,-0.06815960674451699,-0.04503487454797932,-0.023124732196537618
lng_terminals,2023-11-03,0.03723686358983892,-0.008602707602907583,0.045839571192746564
lng_terminals,2023-11-10,0.018346680018177686,-0.04238817626582553,0.06073485628400327
lng_terminals,2023-11-17,0.07216196351647944,-0.029468427345702836,0.10163039086218234
lng_terminals,2023-11-24,0.09595267109009055,0.0051027882888768795,0.09084988280121373
lng_terminals,2023-12-01,0.09588476225754361,-0.011469289177823756,0.10735405143536744
lng_terminals,2023-12-08,0.04499814883935905,-0.015143680826955074,0.06014182966631418
lng_terminals,2023-12-15,-0.0786064363842346,-0.012515090819939637,-0.06609134556429491
lng_terminals,2023-12-22,-0.0381576852811279,0.006134604748526158,-0.044292290029654
lng_terminals,2023-12-29,-0.11247857461386754,0.003110458343147198,-0.11558903295701468
lng_terminals,2024-01-05,-0.08841107407994295,0.019562174066586006,-0.1079732481465289
lng_terminals,2024-01-12,-0.011605043486708943,0.06419377837783552,-0.07579882186454442
lng_terminals,2024-01-19,-0.06500995337680866,0.027908192606813646,-0.09291814598362227
lng_terminals,2024-01-26,0.021515092575455634,0.05552233588823324,-0.03400724331277756
lng_terminals,2024-02-02,0.01823873136964997,0.03877831139299717,-0.020539580023347145
lng_terminals,2024-02-09,-0.0062600782556304704,0.013202529442045544,-0.01946260769767596
lng_terminals,2024-02-16,0.030139060622555922,0.03279652193468913,-0.002657461312133149
lng_terminals,2024-02-23,-0.037960632146591414,0.011529635427129866,-0.04949026757372122
lng_terminals,2024-03-01,-0.015497324937124638,0.0435832829800174,-0.059080607917141995
lng_terminals,2024-03-08,0.0259306928314995,0.007037297433085399,0.018893395398414156
lng_terminals,2024-03-15,0.025115903376314103,0.012466933062309891,0.012648970314004268
lng_terminals,2024-03-22,0.0471430724655928,0.02612834659181401,0.021014725873778842
lng_terminals,2024-03-29,0.05870643626105848,0.020672135181723998,0.038034301079334525
lng_terminals,2024-04-05,0.007664346766774598,0.06135526406215999,-0.053690917295385346
lng_terminals,2024-04-12,0.007797751581139694,0.04143333677872081,-0.03363558519758107
lng_terminals,2024-04-19,0.03419925092172988,-0.008157976339809907,0.04235722726153983
lng_terminals,2024-04-26,0.04247950957968406,0.008397825861874205,0.03408168371780991
lng_terminals,2024-05-03,0.08358755831557696,-0.04762612633813647,0.13121368465371347
lng_terminals,2024-05-10,0.08728591822847616,-0.021899634411558802,0.10918555264003502
lng_terminals,2024-05-17,0.07070563205292829,0.027631507245763194,0.043074124807165146
lng_terminals,2024-05-24,0.031577297291828565,-0.018022329704772362,0.049599626996600976
lng_terminals,2024-05-31,0.02319311861086184,0.0013502495825131041,0.021842869028348776
lng_terminals,2024-06-07,0.01662622572479646,-0.01804865313917084,0.03467487886396735
lng_terminals,2024-06-14,-0.00824949206872259,-0.010193209896898522,0.0019437178281759768
lng_terminals,2024-06-21,0.03468831504066338,0.031343885738378596,0.003344429302284825
lng_terminals,2024-06-28,0.06501029880176461,0.04126476265102858,0.023745536150736067
lng_terminals,2024-07-05,0.03573405795709681,0.057626926625235775,-0.02189286866813891
lng_terminals,2024-07-12,0.09135675418377424,0.0422648743655844,0.049091879818189896
lng_terminals,2024-07-19,0.08066749004560686,-0.013279961584144427,0.09394745162975132
lng_terminals,2024-07-26,0.02973966880149275,-0.044367640143894,0.0741073089453868
lng_terminals,2024-08-02,0.04990789365094373,-0.11169805220624188,0.16160594585718566
lng_terminals,2024-08-09,-0.0976120527549138,-0.09472428090148727,-0.0028877718534265073
lng_terminals,2024-08-16,-0.09395599880061936,-0.03693713750485236,-0.057018861295766964
lng_terminals,2024-08-23,-0.08009603942211704,-0.010622277675267513,-0.0694737617468495
lng_terminals,2024-08-30,-0.1108646804520082,0.04388465453204857,-0.1547493349840567
lng_terminals,2024-09-06,-0.021247671911954966,-0.0536341602485468,0.03238648833659191
lng_terminals,2024-09-13,-0.014643596593356283,-0.043305882267227445,0.028662285673871246
lng_terminals,2024-09-20,0.0003571013763905666,-0.013677032804280467,0.014034134180671107
lng_terminals,2024-09-27,0.04432659423906818,-0.023595721897300595,0.06792231613636884
lng_terminals,2024-10-04,0.09652978309348532,0.10310580000195022,-0.006576016908464825
lng_terminals,2024-10-11,0.11319271275011318,0.07872061109664374,0.034472101653469506
lng_terminals,2024-10-18,0.07583030304946392,0.020138668900471828,0.055691634148992156
lng_terminals,2024-10-25,0.07208814765830261,0.037513070962389886,0.03457507669591279
lng_terminals,2024-11-01,0.03082725553324512,-0.036477940839721536,0.06730519637296672
lng_terminals,2024-11-08,0.11078866122155132,-0.019999694025074902,0.1307883552466263
lng_terminals,2024-11-15,0.17263390379498422,-0.004540878431084973,0.17717478222606928
lng_terminals,2024-11-22,0.20957896259494707,0.027160037389712066,0.18241892520523506
lng_terminals,2024-11-29,0.2226112002041346,0.03967663139701624,0.18293456880711842
lng_terminals,2024-12-06,0.09274251090968336,0.01103805319310824,0.08170445771657517
lng_terminals,2024-12-13,0.05196131082009217,0.03193358120516594,0.020027729614926285
lng_terminals,2024-12-20,-0.052219610934988815,-0.0296664751884159,-0.022553135746572854
lng_terminals,2024-12-27,-0.05356711014654643,-0.006707738284866991,-0.04685937186167937
lng_terminals,2025-01-03,0.03313073309680095,0.015350820157852224,0.01777991293894879
lng_terminals,2025-01-10,0.017272002797453664,0.015852717807067474,0.001419284990386252
lng_terminals,2025-01-17,0.1791461041204494,0.07869923206985568,0.10044687205059377
lng_terminals,2025-01-24,0.11769347192958776,0.04581521482840943,0.07187825710117839
lng_terminals,2025-01-31,-0.008051937917187571,-0.002644553701097313,-0.005407384216090189
lng_terminals,2025-02-07,-0.03597742156143291,-0.021075182807733194,-0.01490223875369965
lng_terminals,2025-02-14,-0.1675016893919174,-0.051055514230302794,-0.11644617516161454
lng_terminals,2025-02-21,-0.12848139386615703,-0.048174934356900345,-0.0803064595092566
lng_terminals,2025-02-28,-0.034514579492147854,-0.041205179642043094,0.006690600149895309
lng_terminals,2025-03-07,-0.13234881186551745,-0.0608096153375651,-0.07153919652795229
lng_terminals,2025-03-14,-0.08116151631811522,-0.08902139925820493,0.00785988294008979
lng_terminals,2025-03-21,-0.000727661798835183,-0.0601873898203313,0.05945972802149618
lng_terminals,2025-03-28,-0.10195130381491735,-0.047999289313416064,-0.05395201450150123
lng_terminals,2025-04-04,-0.15092802772120717,-0.13097004217710484,-0.019957985544102295
lng_terminals,2025-04-11,-0.089181789985883,-0.06646445028837965,-0.022717339697503308
lng_terminals,2025-04-18,-0.10106687069502167,-0.07665515430753805,-0.02441171638748356
lng_terminals,2025-04-25,-0.060064698082801446,-0.04974775476254012,-0.010316943320261278
lng_terminals,2025-05-02,0.14680443632131832,0.06089720328704811,0.08590723303427028
lng_terminals,2025-05-09,0.07886820761529545,0.0321224798227274,0.046745727792568095
lng_terminals,2025-05-16,0.04468587063179595,0.07189743410290786,-0.02721156347111185
lng_terminals,2025-05-23,0.07163497811311137,0.049902430964866504,0.02173254714824493
lng_terminals,2025-05-30,0.08146613021004293,0.052793460168086004,0.02867267004195698
lng_terminals,2025-06-06,0.14580865417723005,0.07111549929292327,0.07469315488430685
lng_terminals,2025-06-13,0.13960752704757315,0.07817886587580525,0.06142866117176797
lng_terminals,2025-06-20,0.12688815861376618,0.09563291324087303,0.031255245372893196
lng_terminals,2025-06-27,0.07679072815757162,0.06614864526777693,0.010642082889794765
lng_terminals,2025-07-04,-0.006211528868152163,0.05023627794260892,-0.05644780681076103
lng_terminals,2025-07-11,0.012892164761896478,0.012364903352151808,0.0005272614097447254
lng_terminals,2025-07-18,0.017995981330304833,0.0068612876337565045,0.011134693696548383
lng_terminals,2025-07-25,-0.01945048983466171,0.030789582748455037,-0.05024007258311669
lng_terminals,2025-08-01,0.006966018269282927,-0.009328632969741547,0.01629465123902453
lng_terminals,2025-08-08,-0.10247665161469016,-0.01587803004903466,-0.08659862156565545
lng_terminals,2025-08-15,-0.12230725900791889,-0.021880264874297322,-0.10042699413362154
lng_terminals,2025-08-22,-0.02747468008943063,-0.01394782207387614,-0.013526858015554446
lng_terminals,2025-08-29,-0.04234243020537032,0.005976725233033584,-0.04831915543840386
lng_terminals,2025-09-05,0.012244523589683452,-0.012787118561966095,0.025031642151649595
lng_terminals,2025-09-12,-0.03274066102082293,0.006528816447666116,-0.039269477468488995
lng_terminals,2025-09-19,-0.07721357013903758,0.0254722406070719,-0.10268581074610943
lng_terminals,2025-09-26,-0.03638283741097742,0.043592921710068434,-0.0799757591210458
lng_terminals,2025-10-03,-0.03161611762442676,0.039888386527456104,-0.07150450415188282
lng_terminals,2025-10-10,-0.07072341659181666,-0.005830216607242755,-0.06489319998457388
lng_terminals,2025-10-17,-0.08805146583522573,-0.033244670250468525,-0.05480679558475718
lng_terminals,2025-10-24,-0.1335868238118108,-0.01665331924499064,-0.11693350456682014
lng_terminals,2025-10-31,-0.15580331876226855,0.01735704490682547,-0.173160363669094
lng_terminals,2025-11-07,-0.06302766037873965,0.011021090564762928,-0.07404875094350254
lng_terminals,2025-11-14,-0.007971462750966038,0.011136744348650337,-0.01910820709961633
lng_terminals,2025-11-21,-0.07130986079060161,-0.04922592627554287,-0.022083934515058697
lng_terminals,2025-11-28,0.004092989830028697,-0.030024408325387983,0.03411739815541672
lng_terminals,2025-12-05,0.0006462299034169731,0.01977542519886402,-0.019129195295447012
lng_terminals,2025-12-12,-0.10342562260040572,-0.0004370467641596522,-0.10298857583624603
lng_terminals,2025-12-19,-0.04652966398977584,0.015902385214741466,-0.06243204920451726
lng_terminals,2025-12-26,-0.06386482673881708,-0.0038091055850826127,-0.06005572115373442
lng_terminals,2026-01-02,-0.03661717754578135,-0.023727545110213452,-0.01288963243556785
lng_terminals,2026-01-09,0.04023383395731028,0.02750789087996729,0.012725943077343042
lng_terminals,2026-01-16,0.12899315078818085,0.05267522318091471,0.07631792760726619
lng_terminals,2026-01-23,0.14581079344342987,0.09425877173097635,0.051552021712453586
lng_terminals,2026-01-30,0.14006672458439676,0.08958797927515111,0.05047874530924572
lng_terminals,2026-02-06,0.15035668366892235,0.038791547850423276,0.11156513581849914
lng_terminals,2026-02-13,0.08317650871838592,0.0004123446594671981,0.08276416405891879
lng_terminals,2026-02-20,0.06861413745541689,-0.025617038620191674,0.09423117607560862
lng_terminals,2026-02-27,0.05824263808475696,-0.03203131088547103,0.09027394897022803
lng_terminals,2026-03-06,0.11044427982213098,0.09592332838373854,0.014520951438392486
lng_terminals,2026-03-13,0.08572552822523791,0.14839957427292896,-0.06267404604769101
lng_terminals,2026-03-20,0.1740297970264728,0.15352340775401602,0.020506389272456856
lng_terminals,2026-03-27,0.22215900403004496,0.1671774111971299,0.054981592832915135
lng_terminals,2026-04-03,0.10699260538717627,0.11605227240777696,-0.009059667020600612
lng_terminals,2026-04-10,0.06298426251890879,0.06515904879898037,-0.0021747862800715195
lng_terminals,2026-04-17,-0.11064450736719225,-0.01859841233403138,-0.0920460950331608
lng_terminals,2026-04-24,-0.13850570358526637,0.04100430086112261,-0.1795100044463889
lng_terminals,2026-05-01,-0.02083320491460238,0.02776945345335565,-0.04860265836795796
lng_terminals,2026-05-08,-0.017196154367655585,0.06751398961646934,-0.08471014398412485
power_ipps_merchant,2021-06-04,0.02785432674176328,0.01056389961793364,0.017290427123829638
power_ipps_merchant,2021-06-11,0.10584309914273811,0.05079598833276164,0.05504711080997647
power_ipps_merchant,2021-06-18,0.06931901750754987,0.004770067259187792,0.0645489502483621
power_ipps_merchant,2021-06-25,0.15841256396035563,0.03276893872579615,0.1256436252345595
power_ipps_merchant,2021-07-02,0.1491845440159369,0.013362800997204365,0.13582174301873254
power_ipps_merchant,2021-07-09,0.08125964310768499,-0.007231519771036431,0.08849116287872141
power_ipps_merchant,2021-07-16,0.08548344677204986,0.010503473121526316,0.07497997365052354
power_ipps_merchant,2021-07-23,0.05052757646123081,-0.007611124870538565,0.05813870133176938
power_ipps_merchant,2021-07-30,0.004733156264617464,-0.009590008640572769,0.014323164905190233
power_ipps_merchant,2021-08-06,0.006209006702901402,-0.002450800346156052,0.008659807049057453
power_ipps_merchant,2021-08-13,0.029847557750922224,0.025068955067368153,0.004778602683554071
power_ipps_merchant,2021-08-20,0.00640798803520241,-0.013629884693499923,0.020037872728702336
power_ipps_merchant,2021-08-27,0.03197933400854342,0.02232463696637666,0.009654697042166762
power_ipps_merchant,2021-09-03,0.03184472599494158,0.06094373454142559,-0.029099008546484013
power_ipps_merchant,2021-09-10,-0.0009803241127419177,0.06807072134386798,-0.0690510454566099
power_ipps_merchant,2021-09-17,-0.020840110375311978,0.07808567330192437,-0.09892578367723634
power_ipps_merchant,2021-09-24,-0.050704622614014705,0.026611213710009796,-0.0773158363240245
power_ipps_merchant,2021-10-01,-0.11421036754178836,-0.015046181352466968,-0.0991641861893214
power_ipps_merchant,2021-10-08,-0.03519274945618521,-0.020347508333241067,-0.014845241122944143
power_ipps_merchant,2021-10-15,0.04015864763854084,0.03290164551941027,0.007257002119130565
power_ipps_merchant,2021-10-22,0.021742668627244055,0.06594004486759611,-0.044197376240352054
power_ipps_merchant,2021-10-29,0.06976749772468974,0.06704034282781675,0.0027271548968729907
power_ipps_merchant,2021-11-05,0.005918854952941543,0.07965764694962914,-0.07373879199668759
power_ipps_merchant,2021-11-12,-0.0686564221467601,0.0381682133227411,-0.1068246354695012
power_ipps_merchant,2021-11-19,-0.03581058341468244,-0.00012734759535761378,-0.03568323581932483
power_ipps_merchant,2021-11-26,-0.033502492769349086,-0.011317744159907574,-0.022184748609441515
power_ipps_merchant,2021-12-03,0.008939765664364694,-0.06749241939295297,0.07643218505731766
power_ipps_merchant,2021-12-10,0.07610593274257627,-0.03585069343759551,0.11195662618017178
power_ipps_merchant,2021-12-17,0.0869736046438992,-0.04362328600334556,0.13059689064724475
power_ipps_merchant,2021-12-24,0.12396697767682874,0.0036952943701956883,0.12027168330663304
power_ipps_merchant,2021-12-31,0.13308988239395764,0.04878886348087542,0.08430101891308223
power_ipps_merchant,2022-01-07,0.06369797461871736,0.005928561474782955,0.05776941314393442
power_ipps_merchant,2022-01-14,0.03596118975788574,0.016278598463536992,0.019682591294348756
power_ipps_merchant,2022-01-21,-0.04408540410827444,-0.09467413647629144,0.05058873236801702
power_ipps_merchant,2022-01-28,-0.05299004030388019,-0.09923203617594319,0.046241995872063
power_ipps_merchant,2022-02-04,0.0026495442225939747,-0.07217391804964886,0.07482346227224283
power_ipps_merchant,2022-02-11,-0.010190459312619358,-0.04971517382494192,0.03952471451232257
power_ipps_merchant,2022-02-18,-0.004737107791626276,-0.00044517312050961974,-0.004291934671116639
power_ipps_merchant,2022-02-25,-0.029693084187722856,0.016554703650271996,-0.04624778783799484
power_ipps_merchant,2022-03-04,0.0013827276464236857,0.00859827323596145,-0.007215545589537749
power_ipps_merchant,2022-03-11,0.00853427145269243,-0.003133381476979378,0.011667652929671816
power_ipps_merchant,2022-03-18,0.03657631532804579,0.06764976513870245,-0.031073449810656652
power_ipps_merchant,2022-03-25,0.07426336305556552,0.07235094133892556,0.0019124217166399844
power_ipps_merchant,2022-04-01,0.06639301494162894,0.05132075324802039,0.015072261693608563
power_ipps_merchant,2022-04-08,0.12819658559047886,0.0581328076833662,0.07006377790711266
power_ipps_merchant,2022-04-15,0.11818621749541913,0.002106690937258038,0.1160795265581611
power_ipps_merchant,2022-04-22,0.09363763956234648,-0.07317047872869256,0.16680811829103903
power_ipps_merchant,2022-04-29,0.009226621411243995,-0.10411854396701359,0.11334516537825759
power_ipps_merchant,2022-05-06,0.02580061183575262,-0.11307710855222758,0.1388777203879802
power_ipps_merchant,2022-05-13,-0.008354295819975766,-0.1332535101892309,0.12489921436925515
power_ipps_merchant,2022-05-20,0.03244937483817163,-0.09531670213268645,0.1277660769708581
power_ipps_merchant,2022-05-27,0.14266255478268863,-0.0022097160164872565,0.14487227079917592
power_ipps_merchant,2022-06-03,0.0484217621419434,-0.0027359966025087504,0.05115775874445217
power_ipps_merchant,2022-06-10,0.05495898415845272,-0.01932146569834956,0.0742804498568023
power_ipps_merchant,2022-06-17,-0.0952153852664775,-0.09589279401669235,0.0006774087502148581
power_ipps_merchant,2022-06-24,-0.1271664963204654,-0.09284538448778759,-0.03432111183267782
power_ipps_merchant,2022-07-01,-0.1126780749785752,-0.10496643472199567,-0.00771164025657952
power_ipps_merchant,2022-07-08,-0.08344352654558647,-0.04253226927712473,-0.04091125726846172
power_ipps_merchant,2022-07-15,-0.012515803236767778,0.024430163748589154,-0.036945966985356904
power_ipps_merchant,2022-07-22,-0.06096207095194592,-0.0041378447444991445,-0.056824226207446746
power_ipps_merchant,2022-07-29,0.07342318227267877,0.06828788513826167,0.005135297134417141
power_ipps_merchant,2022-08-05,0.11786061052468198,0.04735207650213241,0.07050853402254961
power_ipps_merchant,2022-08-12,0.22524342629022967,0.09744144168088384,0.12780198460934586
power_ipps_merchant,2022-08-19,0.2316111386419682,0.04328865075584036,0.18832248788612785
power_ipps_merchant,2022-08-26,0.08890868551828615,-0.03432408771659713,0.12323277323488331
power_ipps_merchant,2022-09-02,0.05962390537681055,-0.04758061614801683,0.1072045215248274
power_ipps_merchant,2022-09-09,0.028215391588880638,-0.029469544245902035,0.05768493583478268
power_ipps_merchant,2022-09-16,0.026810047778508102,-0.05842152503410569,0.08523157281261382
power_ipps_merchant,2022-09-23,-0.01573450742135337,-0.09751004739720635,0.08177553997585302
power_ipps_merchant,2022-09-30,-0.07334464178218499,-0.10594309953765553,0.03259845775547056
power_ipps_merchant,2022-10-07,-0.07322386349412782,-0.1194152883669078,0.046191424872780024
power_ipps_merchant,2022-10-14,-0.09267683847365367,-0.09900225812826849,0.006325419654614847
power_ipps_merchant,2022-10-21,0.0033166587986478285,0.019269663190145996,-0.01595300439149814
power_ipps_merchant,2022-10-28,0.12141408086003955,0.0788776430815343,0.04253643777850527
power_ipps_merchant,2022-11-04,0.07800045651025829,0.017338790806560582,0.06066166570369774
power_ipps_merchant,2022-11-11,0.11793372846500298,0.11699149664694314,0.0009422318180598577
power_ipps_merchant,2022-11-18,0.041738960406678856,0.03189491979006688,0.009844040616612006
power_ipps_merchant,2022-11-25,0.011349688284375582,0.023037204861318435,-0.011687516576942829
power_ipps_merchant,2022-12-02,-0.015572289543261158,0.0665212209050288,-0.08209351044828993
power_ipps_merchant,2022-12-09,-0.09570163601952877,-0.034870689041293125,-0.06083094697823563
power_ipps_merchant,2022-12-16,-0.07470229190354866,-0.022317806628710798,-0.052384485274837835
power_ipps_merchant,2022-12-23,-0.09578202818348378,-0.03439792000912335,-0.061384108174360394
power_ipps_merchant,2022-12-30,-0.08664816516631452,-0.04391664188153571,-0.04273152328477878
power_ipps_merchant,2023-01-06,-0.04150734544783864,0.019034025246568657,-0.060541370694407265
power_ipps_merchant,2023-01-13,-0.024481074162676576,0.06896345136866087,-0.09344452553133742
power_ipps_merchant,2023-01-20,-0.046004857967090154,0.05184429374711065,-0.09784915171420078
power_ipps_merchant,2023-01-27,0.013352798536864427,0.07120805313029471,-0.05785525459343026
power_ipps_merchant,2023-02-03,0.030332419025513497,0.04224729505205468,-0.011914876026541153
power_ipps_merchant,2023-02-10,0.049648752769385796,0.010017047965727638,0.039631704803658185
power_ipps_merchant,2023-02-17,0.046639727051568027,0.004715988866459712,0.04192373818510834
power_ipps_merchant,2023-02-24,-0.030511976087992332,-0.046257031417986705,0.015745055329994394
power_ipps_merchant,2023-03-03,-0.046034762219166546,-0.011570997791829983,-0.034463764427336535
power_ipps_merchant,2023-03-10,-0.04806982354803408,-0.06412741061183602,0.016057587063801976
power_ipps_merchant,2023-03-17,-0.03257323637408638,-0.04770124943876594,0.01512801306467959
power_ipps_merchant,2023-03-24,-0.02900358787940549,-0.013047840467428868,-0.015955747411976598
power_ipps_merchant,2023-03-31,0.04505241273331385,0.0037769948440304277,0.04127541788928344
power_ipps_merchant,2023-04-07,0.02594850041008392,0.04728918825360026,-0.021340687843516323
power_ipps_merchant,2023-04-14,0.0337562022842538,0.05839998644096526,-0.02464378415671145
power_ipps_merchant,2023-04-21,0.0472490761589183,0.03782526902023969,0.009423807138678627
power_ipps_merchant,2023-04-28,-0.004103848930155446,0.005682797290400353,-0.009786646220555778
power_ipps_merchant,2023-05-05,-0.030362235130563697,0.007405274301252207,-0.03776750943181588
power_ipps_merchant,2023-05-12,-0.003831765933018566,-0.011797289669824235,0.007965523736805688
power_ipps_merchant,2023-05-19,0.03131185433338062,0.010346973534257673,0.020964880799122967
power_ipps_merchant,2023-05-26,0.03375709832965729,-0.010009834595441061,0.04376693292509837
power_ipps_merchant,2023-06-02,0.07220685609072268,0.027417088279295558,0.04478976781142714
power_ipps_merchant,2023-06-09,0.05850021620344715,0.040190790293802695,0.018309425909644482
power_ipps_merchant,2023-06-16,0.04584881461733101,0.0560247452777491,-0.010175930660418064
power_ipps_merchant,2023-06-23,0.03540901400334223,0.03707546454823872,-0.0016664505448964612
power_ipps_merchant,2023-06-30,0.07610722759645121,0.028556874388959996,0.047550353207491236
power_ipps_merchant,2023-07-07,0.07127920283406503,-0.00230483759007764,0.07358404042414268
power_ipps_merchant,2023-07-14,0.06457491113845766,0.003527640474237214,0.06104727066422048
power_ipps_merchant,2023-07-21,0.09953493773790197,0.03134834151472078,0.06818659622318121
power_ipps_merchant,2023-07-28,0.04658632513946949,0.024519836198105542,0.02206648894136397
power_ipps_merchant,2023-08-04,0.0576066387082233,0.03230811881172563,0.02529851989649769
power_ipps_merchant,2023-08-11,0.0776113195884883,0.006836962989472272,0.07077435659901606
power_ipps_merchant,2023-08-18,0.03175454064607816,-0.019750747081115638,0.05150528772719382
power_ipps_merchant,2023-08-25,0.04193570552415024,-0.01956027930930951,0.06149598483345976
power_ipps_merchant,2023-09-01,0.04914390624488422,0.02531749817914166,0.023826408065742582
power_ipps_merchant,2023-09-08,0.05641099713666854,0.015498344040127758,0.04091265309654081
power_ipps_merchant,2023-09-15,0.06033656244625307,0.056773740820507436,0.0035628216257456644
power_ipps_merchant,2023-09-22,0.05074605934734933,0.020768442044868343,0.02997761730248101
power_ipps_merchant,2023-09-29,0.005966333021651093,-0.015506221328053144,0.021472554349704263
power_ipps_merchant,2023-10-06,-0.02810942624584485,-0.01720997965183766,-0.010899446594007167
power_ipps_merchant,2023-10-13,0.0008600595211155672,-0.03772835022865011,0.03858840974976569
power_ipps_merchant,2023-10-20,-0.005726602099832908,-0.02897711795283708,0.023250515853004194
power_ipps_merchant,2023-10-27,0.015023194877649674,-0.055000756396493426,0.07002395127414313
power_ipps_merchant,2023-11-03,0.08134460251060131,0.008917074058354728,0.0724275284522466
power_ipps_merchant,2023-11-10,0.07764042113568541,0.02119109384275797,0.05644932729292747
power_ipps_merchant,2023-11-17,0.09974042262327193,0.07685818885207188,0.022882233771200078
power_ipps_merchant,2023-11-24,0.08722935965693067,0.1255345331646032,-0.0383051735076725
power_ipps_merchant,2023-12-01,0.06312253070860284,0.08590846615558115,-0.022785935446978295
power_ipps_merchant,2023-12-08,0.0250413947598099,0.06887613061565334,-0.04383473585584341
power_ipps_merchant,2023-12-15,0.03773554447194378,0.055761576175729535,-0.01802603170378573
power_ipps_merchant,2023-12-22,0.0598414843616685,0.05088817497103539,0.008953309390633133
power_ipps_merchant,2023-12-29,0.04473863993709258,0.0394235998185281,0.0053150401185645055
power_ipps_merchant,2024-01-05,0.06077827411893863,0.026800189235145516,0.03397808488379314
power_ipps_merchant,2024-01-12,0.029898591236404298,0.028597054660421443,0.0013015365759828784
power_ipps_merchant,2024-01-19,0.031337308743978484,0.03394075593589522,-0.00260344719191671
power_ipps_merchant,2024-01-26,0.04412451453714192,0.036332470571046944,0.007792043966094994
power_ipps_merchant,2024-02-02,0.09522837515794422,0.07626522117005598,0.018963153987888257
power_ipps_merchant,2024-02-09,0.0789781321539689,0.053040499110334816,0.02593763304363412
power_ipps_merchant,2024-02-16,0.07803948055718647,0.031759976653147066,0.046279503904039426
power_ipps_merchant,2024-02-23,0.07143706968770061,0.023472114008394718,0.04796495567930591
power_ipps_merchant,2024-03-01,0.14737965745447135,0.03164810625516376,0.1157315511993076
power_ipps_merchant,2024-03-08,0.24012349739187308,0.02001325399167562,0.22011024340019747
power_ipps_merchant,2024-03-15,0.2290987592935956,0.02311511522507481,0.2059836440685208
power_ipps_merchant,2024-03-22,0.2740781354889511,0.044201860835905084,0.22987627465304605
power_ipps_merchant,2024-03-29,0.18326002688076906,0.019905505554639314,0.16335452132612976
power_ipps_merchant,2024-04-05,0.15758373619724603,0.02240265289436742,0.13518108330287865
power_ipps_merchant,2024-04-12,0.13015089286347298,0.008700293593633768,0.12145059926983924
power_ipps_merchant,2024-04-19,0.015332384895838727,-0.04732168751968424,0.062654072415523
power_ipps_merchant,2024-04-26,0.04919694996549318,-0.027456704633125106,0.07665365459861831
power_ipps_merchant,2024-05-03,0.05438391991557741,-0.011848062984715219,0.06623198290029264
power_ipps_merchant,2024-05-10,0.16711302895481261,0.021198251503191184,0.14591477745162146
power_ipps_merchant,2024-05-17,0.2112206141008737,0.07886727236632503,0.1323533417345487
power_ipps_merchant,2024-05-24,0.21310495851263556,0.04806787790991103,0.16503708060272454
power_ipps_merchant,2024-05-31,0.12239614787783602,0.030232460680702268,0.09216368719713378
power_ipps_merchant,2024-06-07,-0.050041431647013065,0.005334853753762009,-0.05537628540077508
power_ipps_merchant,2024-06-14,-0.006879846236904921,-0.007091632258730687,0.00021178602182575848
power_ipps_merchant,2024-06-21,-0.0632036360193975,0.002978414547947981,-0.0661820505673455
power_ipps_merchant,2024-06-28,-0.07416499012541501,0.0045546934286243585,-0.07871968355403938
power_ipps_merchant,2024-07-05,0.04264177257357987,0.03191442599823657,0.0107273465753433
power_ipps_merchant,2024-07-12,0.0470513639860124,0.040603386692232894,0.006447977293779508
power_ipps_merchant,2024-07-19,-0.07203273028035402,-0.0013394012198463118,-0.07069332906050771
power_ipps_merchant,2024-07-26,-0.08688673166752515,-0.012947083925588528,-0.07393964774193663
power_ipps_merchant,2024-08-02,-0.14152327002918788,-0.07543131335287187,-0.066091956676316
power_ipps_merchant,2024-08-09,-0.08190520074122926,-0.09317564783724715,0.011270447096017863
power_ipps_merchant,2024-08-16,0.05468385737594052,-0.019044008858290246,0.07372786623423076
power_ipps_merchant,2024-08-23,0.17412640859662942,0.0162942786023133,0.15783212999431612
power_ipps_merchant,2024-08-30,0.19768518875164529,0.05288635259078318,0.14479883616086212
power_ipps_merchant,2024-09-06,-0.014270145770723525,-0.00987155941678744,-0.004398586353936092
power_ipps_merchant,2024-09-13,0.07788247904171094,0.004954428562713893,0.07292805047899704
power_ipps_merchant,2024-09-20,0.16204744666597332,0.012228400986306051,0.14981904567966725
power_ipps_merchant,2024-09-27,0.18784554678261278,0.034605572441559616,0.15323997434105316
power_ipps_merchant,2024-10-04,0.382996649607869,0.10493760701321593,0.2780590425946531
power_ipps_merchant,2024-10-11,0.1635343643975063,0.0587913320603316,0.10474303233717465
power_ipps_merchant,2024-10-18,0.05071107279624311,0.05414446299366714,-0.0034333901974240265
power_ipps_merchant,2024-10-25,0.012232996782683886,0.01435356694018811,-0.00212057015750422
power_ipps_merchant,2024-11-01,-0.1034269093905594,-0.015705750724161083,-0.08772115866639833
power_ipps_merchant,2024-11-08,0.0879204858450824,0.026426624158298773,0.06149386168678361
power_ipps_merchant,2024-11-15,0.026923320987732466,-0.025295036588853435,0.0522183575765859
power_ipps_merchant,2024-11-22,0.11753947095086784,0.025816088324831135,0.09172338262603669
power_ipps_merchant,2024-11-29,0.1635845958533735,0.04173997621764814,0.12184461963572535
power_ipps_merchant,2024-12-06,0.07025321495496449,0.0010027803757650822,0.06925043457919941
power_ipps_merchant,2024-12-13,0.03681037992256164,0.007700385822822408,0.02910999409973923
power_ipps_merchant,2024-12-20,-0.09436207641695347,-0.048063365987494694,-0.04629871042945878
power_ipps_merchant,2024-12-27,-0.1066277292224304,-0.03582343060859608,-0.07080429861383432
power_ipps_merchant,2025-01-03,-0.005699651162774669,-0.031727712229708736,0.026028061066934075
power_ipps_merchant,2025-01-10,0.12460520821842,-0.03674110115168565,0.16134630937010566
power_ipps_merchant,2025-01-17,0.21287463059724537,0.008284495944891505,0.20459013465235387
power_ipps_merchant,2025-01-24,0.28607593354198696,0.031813723232127666,0.2542622103098593
power_ipps_merchant,2025-01-31,0.06858244678687632,0.0029417446478128273,0.0656407021390635
power_ipps_merchant,2025-02-07,0.032403889314764615,0.03411633747112015,-0.0017124481563555345
power_ipps_merchant,2025-02-14,0.011291233424888109,0.01645993716810404,-0.00516870374321593
power_ipps_merchant,2025-02-21,-0.15178260165493748,-0.038680553021137404,-0.11310204863380008
power_ipps_merchant,2025-02-28,-0.10933917731809502,-0.03700013521091513,-0.0723390421071799
power_ipps_merchant,2025-03-07,-0.29600342048671524,-0.07671379666224658,-0.21928962382446865
power_ipps_merchant,2025-03-14,-0.23352782476739697,-0.09166869806710844,-0.14185912670028852
power_ipps_merchant,2025-03-21,-0.10603911791135966,-0.053359853823933254,-0.05267926408742642
power_ipps_merchant,2025-03-28,-0.10950986657367175,-0.06882245763336085,-0.0406874089403109
power_ipps_merchant,2025-04-04,-0.10192808190351764,-0.1429817883846124,0.04105370648109476
power_ipps_merchant,2025-04-11,-0.041165329983937016,-0.06504321968298188,0.023877889699044863
power_ipps_merchant,2025-04-18,-0.06382408268372282,-0.08500965272583927,0.02118557004211644
power_ipps_merchant,2025-04-25,0.09159195013347636,0.0016448912170357113,0.08994705891644064
power_ipps_merchant,2025-05-02,0.32892153777199395,0.14408493668662792,0.18483660108536604
power_ipps_merchant,2025-05-09,0.20641347522371656,0.08568392012437692,0.12072955509933961
power_ipps_merchant,2025-05-16,0.3009415980154055,0.13973810985654575,0.1612034881588597
power_ipps_merchant,2025-05-23,0.2274461734327611,0.08763890013264222,0.13980727330011888
power_ipps_merchant,2025-05-30,0.15069711207481246,0.07067121344553193,0.08002589862928049
power_ipps_merchant,2025-06-06,0.15706418698580504,0.09276830092769137,0.06429588605811365
power_ipps_merchant,2025-06-13,0.05032798351542482,0.06497351439456683,-0.014645530879142034
power_ipps_merchant,2025-06-20,0.07924560219781554,0.0638719358512708,0.015373666346544725
power_ipps_merchant,2025-06-27,0.12068862760288078,0.07741799609571778,0.043270631507162975
power_ipps_merchant,2025-07-04,0.06584799236719391,0.06682163007728992,-0.0009736377100960161
power_ipps_merchant,2025-07-11,0.04797880342896141,0.04992976460895464,-0.001950961179993247
power_ipps_merchant,2025-07-18,0.05577704903386279,0.07282454041263622,-0.017047491378773465
power_ipps_merchant,2025-07-25,0.03023883878038051,0.0573615428356026,-0.02712270405522211
power_ipps_merchant,2025-08-01,0.12625266798959614,0.008129703853239308,0.11812296413635681
power_ipps_merchant,2025-08-08,0.09776029291850312,0.03256319520657647,0.06519709771192664
power_ipps_merchant,2025-08-15,0.036482733574449505,0.010556715156158825,0.025926018418290658
power_ipps_merchant,2025-08-22,-0.027115529877036557,0.0026460876217290173,-0.02976161749876559
power_ipps_merchant,2025-08-29,-0.08354600906806471,0.04245681033276624,-0.126002819400831
power_ipps_merchant,2025-09-05,-0.04327756608492227,0.015751184525697053,-0.059028750610619324
power_ipps_merchant,2025-09-12,0.05820286063548824,0.031994425835894486,0.026208434799593755
power_ipps_merchant,2025-09-19,0.1169266032657734,0.07004382758206197,0.04688277568371143
power_ipps_merchant,2025-09-26,0.09849681345450409,0.056941928452557265,0.04155488500194684
power_ipps_merchant,2025-10-03,0.12199347435202301,0.06485483531780145,0.05713863903422157
power_ipps_merchant,2025-10-10,0.016578927871327483,0.03811525020916603,-0.02153632233783853
power_ipps_merchant,2025-10-17,0.023060476820587872,0.015583836943840454,0.0074766398767474335
power_ipps_merchant,2025-10-24,0.033808715782616364,0.029463512783373967,0.004345202999242418
power_ipps_merchant,2025-10-31,-0.02086975927691724,0.039437750076957614,-0.060307509353874834
power_ipps_merchant,2025-11-07,-0.012157728628690606,0.006853849935123106,-0.01901157856381369
power_ipps_merchant,2025-11-14,-0.10302108042673051,-0.02558333347647441,-0.07743774695025608
power_ipps_merchant,2025-11-21,-0.12279671617541948,-0.06589450733974463,-0.056902208835674845
power_ipps_merchant,2025-11-28,-0.027397571034986995,-0.04140520356958298,0.014007632534596002
power_ipps_merchant,2025-12-05,-0.06802966224798543,0.017185986068947706,-0.08521564831693312
power_ipps_merchant,2025-12-12,-0.005541560152465716,0.012095709767771835,-0.01763726992023753
power_ipps_merchant,2025-12-19,0.003588698527469002,0.045818698505484194,-0.042229999978015166
power_ipps_merchant,2025-12-26,-0.046897384893142546,0.010084468396691103,-0.05698185328983363
power_ipps_merchant,2026-01-02,0.03497877527137863,-0.0039036933999295675,0.038882468671308214
power_ipps_merchant,2026-01-09,-0.021649470729737108,0.0455324341782745,-0.0671819049080116
power_ipps_merchant,2026-01-16,-0.037386315850873264,0.05973166218248191,-0.09711797803335515
power_ipps_merchant,2026-01-23,-0.08831743562833645,0.049010584617717734,-0.13732802024605417
power_ipps_merchant,2026-01-30,-0.13089640632519658,0.055304035804764506,-0.18620044212996106
power_ipps_merchant,2026-02-06,-0.10460709979300983,0.010557590999247099,-0.11516469079225691
power_ipps_merchant,2026-02-13,0.02653207644340569,-0.011983242011503617,0.03851531845490931
power_ipps_merchant,2026-02-20,0.07892310126501698,0.012775310528700122,0.06614779073631685
power_ipps_merchant,2026-02-27,0.12006907903773595,0.004454985186178796,0.11561409385155716
power_ipps_merchant,2026-03-06,0.04766954666976196,-0.018713451834319415,0.06638299850408139
power_ipps_merchant,2026-03-13,-0.08114670539231754,-0.018545459089587213,-0.06260124630273033
power_ipps_merchant,2026-03-20,-0.16017783174722522,-0.09279348301855798,-0.06738434872866723
power_ipps_merchant,2026-03-27,-0.13115411384282105,-0.11023468170849038,-0.020919432134330646
power_ipps_merchant,2026-04-03,-0.04776243119060873,-0.0211253972178211,-0.026637033972787633
power_ipps_merchant,2026-04-10,0.00237934296390762,0.008047235332208587,-0.0056678923683009565
power_ipps_merchant,2026-04-17,0.12234089223699779,0.1232323444360324,-0.0008914521990346057
power_ipps_merchant,2026-04-24,0.07219872004855514,0.14581270431680582,-0.07361398426825068
power_ipps_merchant,2026-05-01,0.07063052924349258,0.10742511819074377,-0.03679458894725119
power_ipps_merchant,2026-05-08,0.07582527679245414,0.11997406939630612,-0.044148792603851954
petrochem,2021-06-04,0.03666975495266659,0.010446379900769062,0.026223375051897528
petrochem,2021-06-11,-0.0034034423309087583,0.03239308901308861,-0.03579653134399738
petrochem,2021-06-18,-0.08199929803192596,0.01757248295322575,-0.09957178098515171
petrochem,2021-06-25,-0.07862551898622833,0.03741958581942348,-0.1160451048056518
petrochem,2021-07-02,-0.11162572352722694,0.031978805711228506,-0.14360452923845543
petrochem,2021-07-09,-0.09203459355403354,0.021373776591476764,-0.1134083701455103
petrochem,2021-07-16,-0.05357414722670113,0.02245820986286209,-0.07603235708956323
petrochem,2021-07-23,-0.06900753037289727,0.004056375004515226,-0.0730639053774125
petrochem,2021-07-30,-0.03327039104800891,-0.0038047631058953932,-0.02946562794211352
petrochem,2021-08-06,-0.023671237482286642,-0.011783204380312754,-0.01188803310197389
petrochem,2021-08-13,0.0783035466949156,0.013996276627015074,0.06430727006790052
petrochem,2021-08-20,0.01221622808566749,-0.029491183614101496,0.041707411699768986
petrochem,2021-08-27,0.06105935161661288,0.00613892206770765,0.05492042954890522
petrochem,2021-09-03,0.023256969022367,0.035744067978729685,-0.012487098956362686
petrochem,2021-09-10,-0.03711391163755619,0.02523907185896705,-0.06235298349652323
petrochem,2021-09-17,0.009834726003304477,0.051012994698998504,-0.04117826869569402
petrochem,2021-09-24,-0.06645754475418532,0.016895791828909053,-0.08335333658309439
petrochem,2021-10-01,0.008435838850169658,-0.009902504659874627,0.018338343510044278
petrochem,2021-10-08,0.04575016225752905,0.011338225227558802,0.03441193702997024
petrochem,2021-10-15,0.060976273677085906,0.04230506456547582,0.018671209111610076
petrochem,2021-10-22,0.08713973662585933,0.056526378015585965,0.03061335861027336
petrochem,2021-10-29,0.026138555202846137,0.06522377413893893,-0.0390852189360928
petrochem,2021-11-05,0.04537400210546635,0.06274946520448188,-0.017375463099015536
petrochem,2021-11-12,0.07906233911528755,0.03289863507479229,0.046163704040495246
petrochem,2021-11-19,-0.017074859326524285,-0.0015725767721060883,-0.015502282554418205
petrochem,2021-11-26,0.014686912398557371,-0.029351471907814473,0.04403838430637183
petrochem,2021-12-03,-0.0894760559346782,-0.080498881782159,-0.008977174152519203
petrochem,2021-12-10,-0.08066774507519792,-0.035513873688491855,-0.04515387138670607
petrochem,2021-12-17,-0.051192753669649795,-0.04525679170043646,-0.005935961969213338
petrochem,2021-12-24,-0.026238305220416397,0.012927879106154075,-0.03916618432657048
petrochem,2021-12-31,0.0631624640567873,0.06287410471244903,0.00028835934433825774
petrochem,2022-01-07,0.04190392616430159,0.019232954908747484,0.0226709712555541
petrochem,2022-01-14,0.11018262398981907,0.04948694126092406,0.060695682728895
petrochem,2022-01-21,-0.01401711841599032,-0.033850975386490324,0.01983385697050001
petrochem,2022-01-28,-0.022838393219690202,-0.03462195187204701,0.011783558652356798
petrochem,2022-02-04,-0.010508205175569746,-0.00807129362769297,-0.002436911547876784
petrochem,2022-02-11,-0.02907724079440179,-0.02089307918200861,-0.008184161612393187
petrochem,2022-02-18,0.061349147013738316,0.009968044028064636,0.05138110298567368
petrochem,2022-02-25,0.05469407972383311,0.014937319214785586,0.03975676050904752
petrochem,2022-03-04,0.004843346513725122,0.03775099065129171,-0.0329076441375666
petrochem,2022-03-11,0.032656511890535915,0.017013185607641222,0.015643326282894693
petrochem,2022-03-18,0.07145129409387718,0.07732944446318382,-0.0058781503693066586
petrochem,2022-03-25,0.09119353266944219,0.10685405129464928,-0.015660518625207093
petrochem,2022-04-01,0.08955614416730238,0.01028030892284744,0.07927583524445495
petrochem,2022-04-08,0.02105408374718862,0.028489313650178826,-0.007435229902990212
petrochem,2022-04-15,0.04703130388575945,-0.002539439654042651,0.049570743539802085
petrochem,2022-04-22,0.024153678751583238,-0.09177616002126751,0.11592983877285074
petrochem,2022-04-29,0.04020836087607384,-0.07336398743505035,0.11357234831112417
petrochem,2022-05-06,0.12358886996675801,-0.05079355022200607,0.17438242018876407
petrochem,2022-05-13,0.04023120333620307,-0.08822971204768199,0.12846091538388502
petrochem,2022-05-20,0.033021377672353865,-0.06350384657784179,0.09652522425019563
petrochem,2022-05-27,0.08671745240115117,0.02788084110281091,0.05883661129834025
petrochem,2022-06-03,0.004874092147784989,0.018389593214241683,-0.013515501066456707
petrochem,2022-06-10,-0.03611857628422427,0.01084833205889895,-0.046966908343123226
petrochem,2022-06-17,-0.18160354714695584,-0.05356398250073216,-0.12803956464622368
petrochem,2022-06-24,-0.2520675354948103,-0.07200685767574956,-0.18006067781906074
petrochem,2022-07-01,-0.24964337043798704,-0.09359401602004871,-0.15604935441793832
petrochem,2022-07-08,-0.17915929939913156,-0.049017787082787666,-0.13014151231634388
petrochem,2022-07-15,-0.06756847282050049,0.010507224828022743,-0.07807569764852323
petrochem,2022-07-22,-0.03169402618857978,-0.02543007020533797,-0.006263955983241802
petrochem,2022-07-29,0.04163009054706144,0.04120507576138163,0.0004250147856798142
petrochem,2022-08-05,0.013987755573091926,0.010795176581098409,0.00319257899199352
petrochem,2022-08-12,0.13840822413896764,0.06932712584274553,0.06908109829622211
petrochem,2022-08-19,0.10505826097717264,0.03218372246903783,0.0728745385081348
petrochem,2022-08-26,0.0474201545689117,-0.03854141498586182,0.08596156955477352
petrochem,2022-09-02,-0.010791828161402492,-0.05683683816337691,0.04604501000197443
petrochem,2022-09-09,-0.06160843609419048,-0.05742972036408139,-0.004178715730109077
petrochem,2022-09-16,-0.16104128441715373,-0.07996730563211277,-0.08107397878504094
petrochem,2022-09-23,-0.2178764658562241,-0.11729660830585742,-0.10057985755036669
petrochem,2022-09-30,-0.124309731201057,-0.09230223756768097,-0.032007493633376016
petrochem,2022-10-07,-0.1224754846131219,-0.0788872436317955,-0.043588240981326375
petrochem,2022-10-14,0.004834885252565684,-0.06589463387294316,0.07072951912550887
petrochem,2022-10-21,0.10592590494005283,0.03749178088944136,0.06843412405061149
petrochem,2022-10-28,0.11715677403244121,0.08831751326272069,0.028839260769720532
petrochem,2022-11-04,0.12358328288927464,0.026907387987794,0.09667589490148067
petrochem,2022-11-11,0.1853249925467756,0.1023737479655255,0.08295124458125012
petrochem,2022-11-18,0.07938396557286173,0.024681900995506857,0.0547020645773549
petrochem,2022-11-25,0.08925897806969893,-0.008824039821922215,0.09808301789162119
petrochem,2022-12-02,0.041657272355528435,0.02102010416826266,0.020637168187265804
petrochem,2022-12-09,-0.06850100789937609,-0.07445618782099091,0.005955179921614845
petrochem,2022-12-16,-0.027422792613971833,-0.04982983873767666,0.022407046123704855
petrochem,2022-12-23,-0.033420607001763025,-0.03631126520585853,0.002890658204095531
petrochem,2022-12-30,-0.042284486886404626,-0.05040700944029236,0.008122522553887766
petrochem,2023-01-06,0.06312706264659206,0.00039225263681356894,0.06273481000977851
petrochem,2023-01-13,0.12810194615570078,0.05036026464661665,0.07774168150908417
petrochem,2023-01-20,0.08980564096918198,0.03555953567319638,0.05424610529598564
petrochem,2023-01-27,0.15722527200392628,0.051436495053108,0.10578877695081829
petrochem,2023-02-03,0.10818618463416932,0.04762002166353124,0.060566162970638125
petrochem,2023-02-10,0.05943398408743618,0.020016936331077602,0.03941704775635863
petrochem,2023-02-17,0.05508936686743949,0.006636703433606707,0.04845266343383283
petrochem,2023-02-24,-0.01282730978897054,-0.03310013113996449,0.020272821350993994
petrochem,2023-03-03,-0.014865193736424708,0.004610324382232404,-0.01947551811865706
petrochem,2023-03-10,-0.11032991014706428,-0.06481416222160152,-0.04551574792546271
petrochem,2023-03-17,-0.149034023349355,-0.07543705687802942,-0.07359696647132555
petrochem,2023-03-24,-0.1101447774942286,-0.03716269139707762,-0.07298208609715094
petrochem,2023-03-31,-0.06242189291022843,-0.014346105074604196,-0.0480757878356242
petrochem,2023-04-07,0.03904789425758733,0.05155176068383005,-0.012503866426242684
petrochem,2023-04-14,0.12047761121918957,0.09093735542265663,0.029540255796532983
petrochem,2023-04-21,0.06484417953836956,0.06024685175640264,0.0045973277819669565
petrochem,2023-04-28,-0.005251467191145355,0.012592493717368787,-0.017843960908514103
petrochem,2023-05-05,0.004737925212350108,-0.01908869230774686,0.023826617520097
petrochem,2023-05-12,-0.06622587612264444,-0.04058376481728428,-0.02564211130536011
petrochem,2023-05-19,-0.0232554491251266,-0.007499577210896162,-0.0157558719142304
petrochem,2023-05-26,-0.0612011221710439,-0.008006343018380699,-0.05319477915266317
petrochem,2023-06-02,-0.046122703322859324,0.030729437862295428,-0.07685214118515471
petrochem,2023-06-09,-0.007248423152477546,0.03861300917662788,-0.045861432329105396
petrochem,2023-06-16,0.0055283826466941445,0.047651006921820956,-0.04212262427512677
petrochem,2023-06-23,0.00162495240977973,0.020132491302161895,-0.01850753889238213
petrochem,2023-06-30,0.027214144054416942,0.027618683318421645,-0.0004045392640046573
petrochem,2023-07-07,0.037236053398229704,0.0257926190528975,0.011443434345332244
petrochem,2023-07-14,0.02655301013767045,0.021277186200874952,0.0052758239367955454
petrochem,2023-07-21,0.08955882348879013,0.05399447175522503,0.035564351733565154
petrochem,2023-07-28,0.09185683002991665,0.050082133966676046,0.04177469606324068
petrochem,2023-08-04,0.06733891565823635,0.04088194942500898,0.026456966233227436
petrochem,2023-08-11,0.06327131532443278,0.02023064774931812,0.04304066757511471
petrochem,2023-08-18,0.02392068336918824,-0.011635878130418264,0.035556561499606565
petrochem,2023-08-25,-0.017151503079180782,-0.024711927656047336,0.007560424576866613
petrochem,2023-09-01,-0.002247588757208957,0.019947984559725143,-0.022195573316934038
petrochem,2023-09-08,-0.048358077970868385,0.014399242881298846,-0.06275732085216716
petrochem,2023-09-15,-0.023450618802948478,0.05284006960983385,-0.07629068841278226
petrochem,2023-09-22,-0.0939632963181607,0.020493671964584594,-0.11445696828274524
petrochem,2023-09-29,-0.05890298995104915,-0.015238014110304655,-0.04366497584074444
petrochem,2023-10-06,-0.05940275017618741,-0.028051724897970205,-0.03135102527821715
petrochem,2023-10-13,-0.06073185285601061,-0.02942567349486627,-0.03130617936114429
petrochem,2023-10-20,-0.027822621906573537,-0.01788926144172856,-0.009933360464844925
petrochem,2023-10-27,-0.09291332430975238,-0.050026781973934994,-0.04288654233581734
petrochem,2023-11-03,-0.010241795989006368,0.00187241444997234,-0.012114210438978656
petrochem,2023-11-10,-0.018902991444326434,-0.012208554426255083,-0.0066944370180712955
petrochem,2023-11-17,0.061833730137240035,0.020435255160687303,0.04139847497655279
petrochem,2023-11-24,0.09367903610116546,0.0598717191830859,0.03380731691807963
petrochem,2023-12-01,0.06608772128031806,0.026753628300399755,0.03933409297991837
petrochem,2023-12-08,0.059171889834975185,0.019026083296330997,0.040145806538644246
petrochem,2023-12-15,0.06153494610315378,0.01917939177889433,0.0423555543242595
petrochem,2023-12-22,0.07814161327027742,0.027398972491084347,0.05074264077919313
petrochem,2023-12-29,0.051765028725765064,0.022198756563131142,0.02956627216263397
petrochem,2024-01-05,0.05956147014168753,0.021417250841348094,0.03814421930033948
petrochem,2024-01-12,-0.02009275915056872,0.02685264422676015,-0.04694540337732882
petrochem,2024-01-19,-0.03599947091897579,0.023718623690068535,-0.05971809460904427
petrochem,2024-01-26,0.005024487337358004,0.04333846278235842,-0.03831397544500038
petrochem,2024-02-02,-0.022710997959101115,0.05226486703707042,-0.07497586499617148
petrochem,2024-02-09,0.01668576009084037,0.04961184540367457,-0.032926085312834134
petrochem,2024-02-16,0.040881766136544664,0.039489711698037645,0.0013920544385070746
petrochem,2024-02-23,0.0006143147670574847,0.027259537350397545,-0.02664522258334001
petrochem,2024-03-01,0.048640309082778,0.04405310802626766,0.004587201056510379
petrochem,2024-03-08,0.053863633246816166,0.015138903464253048,0.038724729782563166
petrochem,2024-03-15,0.050887031749988,0.019472016072891396,0.03141501567709665
petrochem,2024-03-22,0.05977880254152841,0.031391444920534875,0.028387357620993574
petrochem,2024-03-29,0.06221997656507717,0.02280816226038476,0.03941181430469244
petrochem,2024-04-05,0.06672743925707462,0.04073033171679956,0.0259971075402751
petrochem,2024-04-12,0.0010059606225341564,0.02142041194132612,-0.020414451318791927
petrochem,2024-04-19,-0.017809591121244046,-0.03258701620238204,0.014777425081138034
petrochem,2024-04-26,-0.03222761295365653,-0.013184525381364082,-0.019043087572292408
petrochem,2024-05-03,-0.06079390162134364,-0.03420900755750418,-0.02658489406383941
petrochem,2024-05-10,0.019380462622379455,-0.0047213095980548694,0.02410177222043437
petrochem,2024-05-17,0.03536044946909401,0.04764975518018648,-0.012289305711092428
petrochem,2024-05-24,0.013674000760332865,0.009887642447010823,0.0037863583133220906
petrochem,2024-05-31,0.021975108322870807,0.016239501689782467,0.005735606633088384
petrochem,2024-06-07,-0.05532637038018769,0.0006011637051758328,-0.05592753408536347
petrochem,2024-06-14,-0.0721253808468273,0.0026875448514620606,-0.07481292569828932
petrochem,2024-06-21,-0.06211919121487823,0.027286975874460342,-0.08940616708933853
petrochem,2024-06-28,-0.08554084001109015,0.03315582764908595,-0.11869666766017604
petrochem,2024-07-05,-0.06414501042783805,0.05202370217443627,-0.11616871260227427
petrochem,2024-07-12,-0.020333039820587043,0.0417265079880864,-0.06205954780867341
petrochem,2024-07-19,-0.0046340833960631135,-0.001617911440652136,-0.003016171955410936
petrochem,2024-07-26,-0.013815506697695854,-0.02239538674786174,0.008579880050165929
petrochem,2024-08-02,-0.023261195171879166,-0.0818449809430776,0.05858378577119848
petrochem,2024-08-09,-0.038781490697275565,-0.07868465557976066,0.039903164882485145
petrochem,2024-08-16,-0.02727105897661121,-0.017269304473078465,-0.010001754503532707
petrochem,2024-08-23,0.02062024727176667,0.01053830057456896,0.010081946697197744
petrochem,2024-08-30,0.046292935571601135,0.04973787174722692,-0.003444936175625751
petrochem,2024-09-06,-0.024669944395916535,-0.02482389422967357,0.00015394983375707598
petrochem,2024-09-13,-0.03206189811721066,-0.017421656765039553,-0.014640241352171074
petrochem,2024-09-20,-0.02630367262690628,-0.0019231071517913888,-0.02438056547511485
petrochem,2024-09-27,0.03759029259654634,-0.0027642985865381706,0.04035459118308454
petrochem,2024-10-04,0.08891903899038689,0.08789628928518936,0.0010227497051975704
petrochem,2024-10-11,0.05305079220318987,0.05913770905107304,-0.00608691684788314
petrochem,2024-10-18,0.007018067347938053,0.02837214218354213,-0.02135407483560404
petrochem,2024-10-25,-0.12252025135423711,0.026248277817415122,-0.1487685291716522
petrochem,2024-11-01,-0.1265528067923702,-0.018788250369207372,-0.10776455642316278
petrochem,2024-11-08,-0.0989714797707024,0.009989193470187917,-0.10896067324089027
petrochem,2024-11-15,-0.12668162980957876,-0.0068277459634489245,-0.11985388384612979
petrochem,2024-11-22,-0.0275072080277716,0.0252299239054894,-0.052737131933260975
petrochem,2024-11-29,-0.025735804982229587,0.03903049882956002,-0.06476630381178958
petrochem,2024-12-06,-0.07574835497373962,0.0048995479992088795,-0.08064790297294847
petrochem,2024-12-13,-0.07237018228481862,0.025925210910198802,-0.09829539319501737
petrochem,2024-12-20,-0.15378109802105003,-0.02562757222174705,-0.12815352579930295
petrochem,2024-12-27,-0.13715785609234368,-0.010780999342835799,-0.12637685674950785
petrochem,2025-01-03,-0.11503147544457593,-0.008001679060088727,-0.10702979638448715
petrochem,2025-01-10,-0.09249406569729107,-0.015259904330966838,-0.07723416136632422
petrochem,2025-01-17,0.0320057351939327,0.03581507454915111,-0.0038093393552183843
petrochem,2025-01-24,0.018327087668352095,0.03320907520510504,-0.014881987536752917
petrochem,2025-01-31,-0.012220441063437601,0.005829457699057378,-0.018049898762494958
petrochem,2025-02-07,-0.0057534376539067,0.008793928417924281,-0.014547366071830957
petrochem,2025-02-14,-0.07230163042744309,-0.01023175775484686,-0.06206987267259619
petrochem,2025-02-21,-0.07969971751138033,-0.03677177145251784,-0.04292794605886246
petrochem,2025-02-28,-0.03786178446724821,-0.03343789748080679,-0.004423886986441382
petrochem,2025-03-07,-0.03232410435770229,-0.061216135341161555,0.028892030983459296
petrochem,2025-03-14,-0.054576507539823044,-0.08911704330158585,0.03454053576176284
petrochem,2025-03-21,-0.06713704462239055,-0.061018579305741436,-0.006118465316649089
petrochem,2025-03-28,-0.08166906479548747,-0.06043709733897435,-0.021231967456513092
petrochem,2025-04-04,-0.2132030678443902,-0.1361414406401237,-0.07706162720426647
petrochem,2025-04-11,-0.1902936048694484,-0.062234294068988526,-0.12805931080045985
petrochem,2025-04-18,-0.15570002005610195,-0.07662501138799258,-0.07907500866810935
petrochem,2025-04-25,-0.08341569125811657,-0.026160239041921128,-0.0572554522161954
petrochem,2025-05-02,0.02032774864644426,0.09807050203413013,-0.07774275338768583
petrochem,2025-05-09,-0.008281125276841288,0.05043176903673494,-0.05871289431357621
petrochem,2025-05-16,0.007713981794193452,0.10365742661334129,-0.09594344481914781
petrochem,2025-05-23,-0.12330486314787686,0.054598976704326306,-0.17790383985220315
petrochem,2025-05-30,-0.08404166289135936,0.050777562187780345,-0.13481922507913968
petrochem,2025-06-06,-0.031092138432878627,0.07166659506375783,-0.10275873349663642
petrochem,2025-06-13,-0.011041680612940384,0.048936585919370806,-0.05997826653231117
petrochem,2025-06-20,0.01830619087347851,0.06734838893227389,-0.04904219805879534
petrochem,2025-06-27,0.039016165022167155,0.059440583437682666,-0.02042441841551548
petrochem,2025-07-04,0.07014106616528101,0.05063982831679049,0.019501237848490557
petrochem,2025-07-11,0.05746456231528098,0.028820729193909992,0.028643833121371025
petrochem,2025-07-18,0.06926245892734037,0.03220328817118232,0.03705917075615808
petrochem,2025-07-25,0.047286620312097544,0.03587026178614081,0.011416358525956767
petrochem,2025-08-01,-0.15080819069286547,-0.005995920246462436,-0.144812270446403
petrochem,2025-08-08,-0.18961517686363188,0.004728530385190308,-0.19434370724882216
petrochem,2025-08-15,-0.05438799191552929,0.0010823047825284588,-0.05547029669805771
petrochem,2025-08-22,0.028990678595093744,-0.0014147089710981032,0.03040538756619189
petrochem,2025-08-29,0.16041397886277828,0.021815379746159224,0.1385985991166191
petrochem,2025-09-05,0.181822935048691,0.0013921188079916045,0.18043081624069945
petrochem,2025-09-12,0.10460384245126766,0.01593981352789537,0.08866402892337233
petrochem,2025-09-19,-0.04691805247989132,0.033362325231420506,-0.0802803777113118
petrochem,2025-09-26,-0.07782738534389702,0.03968915059924474,-0.11751653594314172
petrochem,2025-10-03,-0.05019905301885118,0.04116479848826222,-0.09136385150711337
petrochem,2025-10-10,-0.17820681124484114,-0.0009733164536958987,-0.1772334947911452
petrochem,2025-10-17,-0.0777163014674064,-0.01364562163484458,-0.0640706798325618
petrochem,2025-10-24,0.01791931745783515,0.004103617542232693,0.013815699915602477
petrochem,2025-10-31,-0.11296723532950904,0.019810247200824364,-0.1327774825303334
petrochem,2025-11-07,-0.0643391222504546,0.015289501326108682,-0.07962862357656326
petrochem,2025-11-14,-0.07729471667813548,0.0037343135845316748,-0.08102903026266713
petrochem,2025-11-21,-0.1654078538607411,-0.04719395748872435,-0.11821389637201676
petrochem,2025-11-28,0.019183164521297758,-0.022038352961786523,0.04122151748308431
petrochem,2025-12-05,0.049551692098973046,0.017227891925293635,0.03232380017367943
petrochem,2025-12-12,0.08910943485952874,0.004923717787627718,0.08418571707190105
petrochem,2025-12-19,0.07626719859244196,0.028577794446138373,0.047689404146303606
petrochem,2025-12-26,-0.007797506222513694,0.005874719900745461,-0.013672226123259136
petrochem,2026-01-02,0.05434684012480369,-0.011387236383102413,0.06573407650790612
petrochem,2026-01-09,0.09289500214844601,0.029335466626601706,0.06355953552184433
petrochem,2026-01-16,0.16682253169981512,0.038847651023395824,0.12797488067641932
petrochem,2026-01-23,0.16026003397967048,0.03226284227340869,0.1279971917062618
petrochem,2026-01-30,0.06450642740825568,0.04886790434967844,0.01563852305857727
petrochem,2026-02-06,0.1120066158690089,0.01386269406096943,0.09814392180803949
petrochem,2026-02-13,0.11816797724753067,-0.008199142616088643,0.12636711986361931
petrochem,2026-02-20,0.06342217092950822,0.007071854117937381,0.05635031681157088
petrochem,2026-02-27,0.1794881951740855,-0.010599507220005574,0.19008770239409112
petrochem,2026-03-06,0.06487878677917239,0.040921230209988946,0.02395755656918347
petrochem,2026-03-13,0.1045203440108412,0.06516006985793063,0.0393602741529106
petrochem,2026-03-20,0.13445274463289067,0.04048910559137383,0.09396363904151686
petrochem,2026-03-27,0.19976372433569556,0.03756312797953476,0.1622005963561608
petrochem,2026-04-03,0.17922514354170568,0.04959498176203741,0.1296301617796683
petrochem,2026-04-10,0.0690674914099581,0.0405579619842161,0.028509529425742024
petrochem,2026-04-17,0.0008519278237372474,0.04361990775055785,-0.04276797992682059
petrochem,2026-04-24,-0.07484851605512481,0.09033808259727798,-0.16518659865240276
petrochem,2026-05-01,-0.030767967009154566,0.0635414724764703,-0.09430943948562485
petrochem,2026-05-08,-0.04776523498134823,0.08851954473134659,-0.1362847797126948
power_utilities_regulated_gas,2021-06-04,-0.012649529825264298,-0.0013120943705844232,-0.011337435454679873
power_utilities_regulated_gas,2021-06-11,0.004189759306179137,0.012457972224048148,-0.008268212917869007
power_utilities_regulated_gas,2021-06-18,-0.03374171468516875,0.004790845911780659,-0.0385325605969494
power_utilities_regulated_gas,2021-06-25,-0.011738624149502894,0.0037301316912429975,-0.015468755840745889
power_utilities_regulated_gas,2021-07-02,-0.023076927916070737,0.012938837889458628,-0.036015765805529364
power_utilities_regulated_gas,2021-07-09,-0.028341192825066412,0.012280951221470627,-0.04062214404653703
power_utilities_regulated_gas,2021-07-16,0.03139583708965861,0.01981776263235767,0.011578074457300948
power_utilities_regulated_gas,2021-07-23,0.012086442902280004,0.023172631863994958,-0.01108618896171495
power_utilities_regulated_gas,2021-07-30,0.018328631438752456,0.011409380691698858,0.0069192507470536
power_utilities_regulated_gas,2021-08-06,0.030364755454531402,0.010958326743515084,0.019406428711016322
power_utilities_regulated_gas,2021-08-13,0.02644790416929453,0.012952461511699594,0.01349544265759494
power_utilities_regulated_gas,2021-08-20,0.04886796444733258,0.010242307016679855,0.03862565743065273
power_utilities_regulated_gas,2021-08-27,0.030071816012243707,0.007716937365564853,0.02235487864667886
power_utilities_regulated_gas,2021-09-03,0.020776516267307105,0.005309042504927874,0.015467473762379239
power_utilities_regulated_gas,2021-09-10,-0.011831351057759613,-0.003798671454067978,-0.008032679603691629
power_utilities_regulated_gas,2021-09-17,-0.050798482928237514,-0.013113090231174233,-0.03768539269706328
power_utilities_regulated_gas,2021-09-24,-0.04298880731791865,-0.014270774799022674,-0.02871803251889597
power_utilities_regulated_gas,2021-10-01,-0.06810070451093755,-0.026837225630844064,-0.041263478880093483
power_utilities_regulated_gas,2021-10-08,-0.03521185217224911,-0.02352422161994819,-0.011687630552300914
power_utilities_regulated_gas,2021-10-15,0.0042542119154888505,-0.009732961050341916,0.013987172965830777
power_utilities_regulated_gas,2021-10-22,0.03019065220621319,-0.001281659881270031,0.03147231208748323
power_utilities_regulated_gas,2021-10-29,0.03894219842917461,0.01987937937087901,0.01906281905829561
power_utilities_regulated_gas,2021-11-05,0.033092531579185604,0.03588280172896153,-0.0027902701497759166
power_utilities_regulated_gas,2021-11-12,0.01023174377649042,0.019116895242713428,-0.008885151466222997
power_utilities_regulated_gas,2021-11-19,0.002559233146330194,0.016730850749888372,-0.014171617603558166
power_utilities_regulated_gas,2021-11-26,-0.00029340488739284555,0.008637545506502944,-0.008930950393895777
power_utilities_regulated_gas,2021-12-03,-0.002698130439323131,-0.005475266805047472,0.002777136365724353
power_utilities_regulated_gas,2021-12-10,0.029675727834679977,0.006577767172306614,0.02309796066237338
power_utilities_regulated_gas,2021-12-17,0.030617339302249115,0.003523704598228403,0.02709363470402073
power_utilities_regulated_gas,2021-12-24,0.04268181423736764,0.00378310799093022,0.03889870624643743
power_utilities_regulated_gas,2021-12-31,0.062361347706344696,0.006404069636981083,0.055957278069363625
power_utilities_regulated_gas,2022-01-07,0.03552036247772608,-0.018893445537205164,0.05441380801493126
power_utilities_regulated_gas,2022-01-14,0.018405742232344022,-0.018684470305024126,0.03709021253736816
power_utilities_regulated_gas,2022-01-21,0.0027130108984255268,-0.04256289043546038,0.045275901333885926
power_utilities_regulated_gas,2022-01-28,-0.019866192194266448,-0.04209953514243698,0.022233342948170542
power_utilities_regulated_gas,2022-02-04,-0.01894671660341115,-0.02134273550148931,0.0023960188980781732
power_utilities_regulated_gas,2022-02-11,-0.03148003953306994,-0.028007520918911323,-0.0034725186141586
power_utilities_regulated_gas,2022-02-18,-0.02798487937683482,-0.012898701020511424,-0.015086178356323386
power_utilities_regulated_gas,2022-02-25,-0.013798325064026694,-0.015096145823245744,0.0012978207592190608
power_utilities_regulated_gas,2022-03-04,0.028595336869156433,0.010108760288842052,0.01848657658031439
power_utilities_regulated_gas,2022-03-11,0.03939474009394438,-0.01367035517398766,0.05306509526793205
power_utilities_regulated_gas,2022-03-18,0.05152225805843248,0.002346406760854184,0.04917585129757831
power_utilities_regulated_gas,2022-03-25,0.06509477684271037,0.006734112256169074,0.058360664586541294
power_utilities_regulated_gas,2022-04-01,0.061430014403215334,-0.02780674460616382,0.08923675900937915
power_utilities_regulated_gas,2022-04-08,0.08496679438519066,-0.014864155996672894,0.09983095038186354
power_utilities_regulated_gas,2022-04-15,0.07293442223826307,-0.033382109016017174,0.10631653125428023
power_utilities_regulated_gas,2022-04-22,0.03099208708802361,-0.05380451207576799,0.0847965991637916
power_utilities_regulated_gas,2022-04-29,-0.053785669121401106,-0.05679013773720238,0.0030044686158012812
power_utilities_regulated_gas,2022-05-06,-0.05410336676906349,-0.04616350066792095,-0.007939866101142529
power_utilities_regulated_gas,2022-05-13,-0.04822224074017979,-0.03528017756857296,-0.012942063171606823
power_utilities_regulated_gas,2022-05-20,-0.03423881256978024,-0.01972838230546673,-0.014510430264313503
power_utilities_regulated_gas,2022-05-27,0.055277388734667296,0.017366959584029264,0.03791042915063803
power_utilities_regulated_gas,2022-06-03,0.02762784768801301,0.013813710934876598,0.013814136753136416
power_utilities_regulated_gas,2022-06-10,-0.005645194573200198,-0.01503320318397967,0.009388008610779475
power_utilities_regulated_gas,2022-06-17,-0.08791160541884828,-0.05489652813162137,-0.033015077287226906
power_utilities_regulated_gas,2022-06-24,-0.06591849186101587,-0.04923856025553924,-0.016679931605476594
power_utilities_regulated_gas,2022-07-01,-0.009395403493518695,-0.03283488477449616,0.02343948128097747
power_utilities_regulated_gas,2022-07-08,-0.010762332725207775,-0.010629669798003616,-0.00013266292720415934
power_utilities_regulated_gas,2022-07-15,0.07179705937972741,0.02503226208718596,0.04676479729254144
power_utilities_regulated_gas,2022-07-22,0.0008616099331807889,0.013288575951539015,-0.01242696601835823
power_utilities_regulated_gas,2022-07-29,0.017979066061672745,0.032604374743936806,-0.014625308682264054
power_utilities_regulated_gas,2022-08-05,0.055530540344585114,0.02577998659095562,0.029750553753629498
power_utilities_regulated_gas,2022-08-12,0.0894855936458066,0.04358796567444549,0.04589762797136111
power_utilities_regulated_gas,2022-08-19,0.11103936343420863,0.01764755202325756,0.09339181141095107
power_utilities_regulated_gas,2022-08-26,0.023390927318911084,-0.026996886644631558,0.05038781396354264
power_utilities_regulated_gas,2022-09-02,0.006198389163158142,-0.03657052679606186,0.04276891595922
power_utilities_regulated_gas,2022-09-09,-0.003458592107851155,-0.04031026134481997,0.03685166923696881
power_utilities_regulated_gas,2022-09-16,-0.05056407001565046,-0.057114024825839486,0.00654995481018902
power_utilities_regulated_gas,2022-09-23,-0.05087767063180576,-0.06919369217735064,0.018316021545544875
power_utilities_regulated_gas,2022-09-30,-0.10794503560060749,-0.06758838974258016,-0.040356645858027326
power_utilities_regulated_gas,2022-10-07,-0.16044127009710285,-0.06953372439723951,-0.09090754569986334
power_utilities_regulated_gas,2022-10-14,-0.14192783689436048,-0.060206319012362175,-0.0817215178819983
power_utilities_regulated_gas,2022-10-21,-0.09050429480771119,-0.019983282090880877,-0.07052101271683031
power_utilities_regulated_gas,2022-10-28,0.038014458955387145,0.022673028875435944,0.015341430079951208
power_utilities_regulated_gas,2022-11-04,0.056167867971544445,-0.0003068272268914665,0.056474695198435926
power_utilities_regulated_gas,2022-11-11,0.08379487707808264,0.05149650080869837,0.03229837626938428
power_utilities_regulated_gas,2022-11-18,0.07850909673153182,0.038084672582183066,0.04042442414934876
power_utilities_regulated_gas,2022-11-25,0.054250125618550575,0.028186034991695866,0.02606409062685471
power_utilities_regulated_gas,2022-12-02,0.06412740832666766,0.05836482543450357,0.005762582892164102
power_utilities_regulated_gas,2022-12-09,0.05230852935776752,0.00884347610958169,0.04346505324818582
power_utilities_regulated_gas,2022-12-16,0.027875069861014498,0.008245680707540198,0.019629389153474296
power_utilities_regulated_gas,2022-12-23,0.014636611235611628,-0.018623758912978135,0.033260370148589756
power_utilities_regulated_gas,2022-12-30,0.0066886427121076114,-0.03845707594147381,0.04514571865358141
power_utilities_regulated_gas,2023-01-06,0.012392783222091053,-0.0036040697241855636,0.015996852946276615
power_utilities_regulated_gas,2023-01-13,0.023355283606833692,0.01313934822027616,0.010215935386557528
power_utilities_regulated_gas,2023-01-20,-0.022164386180188882,0.02321673754945605,-0.04538112372964494
power_utilities_regulated_gas,2023-01-27,-0.013999803827228006,0.03745922170958171,-0.05145902553680971
power_utilities_regulated_gas,2023-02-03,-0.02349729323703938,0.023578943371250476,-0.047076236608289856
power_utilities_regulated_gas,2023-02-10,-0.03732494052975163,-0.0031231815576506106,-0.034201758972101017
power_utilities_regulated_gas,2023-02-17,0.008072378581208642,-0.004226868343943486,0.012299246925152125
power_utilities_regulated_gas,2023-02-24,-0.01493398897972735,-0.029659946286734858,0.014725957307007504
power_utilities_regulated_gas,2023-03-03,-0.018960376187931758,-0.0336008599676375,0.014640483779705737
power_utilities_regulated_gas,2023-03-10,-0.042838826145647595,-0.021152498681255204,-0.021686327464392398
power_utilities_regulated_gas,2023-03-17,-0.024243117130911186,0.008598910290632134,-0.032842027421543324
power_utilities_regulated_gas,2023-03-24,-0.016580892401224616,0.029940626473264155,-0.046521518874488785
power_utilities_regulated_gas,2023-03-31,0.023276044708764623,0.03096227355955543,-0.007686228850790816
power_utilities_regulated_gas,2023-04-07,0.08471669646449817,0.041959925769262475,0.04275677069523569
power_utilities_regulated_gas,2023-04-14,0.036486775173443994,0.009427569225260654,0.027059205948183326
power_utilities_regulated_gas,2023-04-21,0.05783528829239802,0.0022588628080131984,0.055576425484384816
power_utilities_regulated_gas,2023-04-28,0.01742726269302136,0.007217637130378871,0.010209625562642481
power_utilities_regulated_gas,2023-05-05,-0.004046525534428191,-0.00023742532293985626,-0.003809100211488347
power_utilities_regulated_gas,2023-05-12,0.0016402988252328448,0.005452344354747795,-0.003812045529514963
power_utilities_regulated_gas,2023-05-19,-0.049990574329556524,0.002637692330344759,-0.05262826665990129
power_utilities_regulated_gas,2023-05-26,-0.06931449984303412,-0.012300580268029621,-0.05701391957500451
power_utilities_regulated_gas,2023-06-02,-0.062422537593332356,0.0015253663961955401,-0.0639479039895279
power_utilities_regulated_gas,2023-06-09,-0.03583644706450916,0.0016553296193312739,-0.03749177668384045
power_utilities_regulated_gas,2023-06-16,0.014808899456418773,0.014311118340612572,0.0004977811158061868
power_utilities_regulated_gas,2023-06-23,0.009484806986347002,0.017267928709879667,-0.007783121723532675
power_utilities_regulated_gas,2023-06-30,0.009562445098776374,0.008029408030865376,0.0015330370679109834
power_utilities_regulated_gas,2023-07-07,-0.010989468690963764,-0.00823997993522262,-0.0027494887557411585
power_utilities_regulated_gas,2023-07-14,0.0031239655627904005,0.0049257451286576475,-0.0018017795658672592
power_utilities_regulated_gas,2023-07-21,0.059194901753199476,0.0080336730519376,0.051161228701261864
power_utilities_regulated_gas,2023-07-28,0.02536009433043848,0.00028900333878385115,0.025071090991654617
power_utilities_regulated_gas,2023-08-04,-0.01803128688088422,0.004600960362509086,-0.022632247243393324
power_utilities_regulated_gas,2023-08-11,-0.03926560726009921,-0.022713362405802923,-0.0165522448542963
power_utilities_regulated_gas,2023-08-18,-0.09547871494880461,-0.035993305452231436,-0.05948540949657318
power_utilities_regulated_gas,2023-08-25,-0.08087858510560618,-0.029223640564148782,-0.05165494454145742
power_utilities_regulated_gas,2023-09-01,-0.0448035092879062,-0.0014677090749057285,-0.04333580021300047
power_utilities_regulated_gas,2023-09-08,-0.04867285161370834,-0.003058953244015494,-0.045613898369692846
power_utilities_regulated_gas,2023-09-15,0.009728697412986913,0.005964351133457583,0.0037643462795293285
power_utilities_regulated_gas,2023-09-22,-0.0013543879790485353,-0.013542650019138753,0.012188262040090216
power_utilities_regulated_gas,2023-09-29,-0.04768130847286955,-0.03783449932542947,-0.009846809147440072
power_utilities_regulated_gas,2023-10-06,-0.06441214066781144,-0.039400663282345844,-0.025011477385465587
power_utilities_regulated_gas,2023-10-13,-0.06245785414835964,-0.027847033761098726,-0.03461082038726092
power_utilities_regulated_gas,2023-10-20,-0.0642103646224653,-0.03294851211254824,-0.031261852509917046
power_utilities_regulated_gas,2023-10-27,-0.005926913538377531,-0.029768172686687862,0.023841259148310326
power_utilities_regulated_gas,2023-11-03,0.06595896191789322,0.01429800507193598,0.05166095684595723
power_utilities_regulated_gas,2023-11-10,0.0029584536540810946,0.006399625421353743,-0.003441171767272648
power_utilities_regulated_gas,2023-11-17,0.06025607451869906,0.04670397340642192,0.013552101112277146
power_utilities_regulated_gas,2023-11-24,0.0581000969729182,0.05485126704679938,0.0032488299261188187
power_utilities_regulated_gas,2023-12-01,0.019697309747210727,0.03574533565300615,-0.016048025905795432
power_utilities_regulated_gas,2023-12-08,0.0553742757962026,0.03661816176926798,0.01875611402693462
power_utilities_regulated_gas,2023-12-15,0.02333413611669138,0.04087621598303648,-0.017542079866345105
power_utilities_regulated_gas,2023-12-22,0.016710882895320675,0.04130495760668066,-0.02459407471135999
power_utilities_regulated_gas,2023-12-29,0.009415249161101261,0.030898396869973803,-0.021483147708872545
power_utilities_regulated_gas,2024-01-05,0.02334723835570927,0.01546023333059272,0.007887005025116543
power_utilities_regulated_gas,2024-01-12,-0.007848846361615713,0.0005674997137317984,-0.008416346075347522
power_utilities_regulated_gas,2024-01-19,-0.04120532688493961,-0.006070620814735961,-0.035134706070203664
power_utilities_regulated_gas,2024-01-26,-0.0449889807229374,-0.006526526431058537,-0.03846245429187888
power_utilities_regulated_gas,2024-02-02,-0.05649611800451681,0.019046372998289186,-0.07554249100280602
power_utilities_regulated_gas,2024-02-09,-0.04455550537079911,0.006307158862430016,-0.05086266423322914
power_utilities_regulated_gas,2024-02-16,0.009539084415652757,0.004839189807013127,0.004699894608639621
power_utilities_regulated_gas,2024-02-23,0.014656911372865112,0.007830485006227891,0.006826426366637211
power_utilities_regulated_gas,2024-03-01,-0.00538219618414819,0.004389284755793433,-0.00977148093994163
power_utilities_regulated_gas,2024-03-08,0.04078479169275387,0.01102900842799779,0.029755783264756072
power_utilities_regulated_gas,2024-03-15,0.009690153964205531,0.007375091624974631,0.002315062339230893
power_utilities_regulated_gas,2024-03-22,0.009673403902449909,0.01330347524112678,-0.0036300713386768794
power_utilities_regulated_gas,2024-03-29,0.057937089038967944,0.008786856219679008,0.04915023281928893
power_utilities_regulated_gas,2024-04-05,0.010510245589493285,-0.006640322958551504,0.01715056854804478
power_utilities_regulated_gas,2024-04-12,0.006625380988207561,-0.010419997400975281,0.01704537838918283
power_utilities_regulated_gas,2024-04-19,0.021847965323487494,-0.03869906166497375,0.06054702698846123
power_utilities_regulated_gas,2024-04-26,-0.006806206847550865,-0.035130168962091465,0.02832396211454059
power_utilities_regulated_gas,2024-05-03,0.03906214232143919,-0.01176746788231484,0.050829610203754025
power_utilities_regulated_gas,2024-05-10,0.08342605118385919,0.008384248146339566,0.07504180303751962
power_utilities_regulated_gas,2024-05-17,0.0757390588062281,0.036357732879607724,0.03938132592662037
power_utilities_regulated_gas,2024-05-24,0.04331019092393462,0.027246842125448468,0.01606334879848616
power_utilities_regulated_gas,2024-05-31,0.03344246734867597,0.01252495685093023,0.020917510497745734
power_utilities_regulated_gas,2024-06-07,-0.025095382636015812,0.014386477916218832,-0.03948186055223465
power_utilities_regulated_gas,2024-06-14,-0.04859431069914863,0.017701216601400664,-0.0662955273005493
power_utilities_regulated_gas,2024-06-21,-0.027279132483104124,0.017418936100954845,-0.04469806858405897
power_utilities_regulated_gas,2024-06-28,-0.04763191516707577,0.017457839647955026,-0.06508975481503079
power_utilities_regulated_gas,2024-07-05,-0.022373280234142028,0.020348495086672747,-0.04272177532081478
power_utilities_regulated_gas,2024-07-12,0.03182474557193651,0.012165078106451833,0.019659667465484663
power_utilities_regulated_gas,2024-07-19,0.05476812633066248,0.0043615672395558545,0.05040655909110661
power_utilities_regulated_gas,2024-07-26,0.07994630713935635,0.008249141212494255,0.0716971659268621
power_utilities_regulated_gas,2024-08-02,0.11824152179998579,0.009177911947980387,0.10906360985200539
power_utilities_regulated_gas,2024-08-09,0.04686085922484827,-0.005840679044551428,0.05270153826939969
power_utilities_regulated_gas,2024-08-16,0.03958067935577786,0.020466215613142765,0.01911446374263509
power_utilities_regulated_gas,2024-08-23,0.022837934971441348,0.030365183349227817,-0.007527248377786481
power_utilities_regulated_gas,2024-08-30,-0.0033013214530434017,0.01298343179736964,-0.01628475325041305
power_utilities_regulated_gas,2024-09-06,0.021274471588672732,0.01855880267607092,0.0027156689126017963
power_utilities_regulated_gas,2024-09-13,0.04199218602918025,0.01948177177420091,0.02251041425497933
power_utilities_regulated_gas,2024-09-20,0.031036828654648057,0.010355404304533349,0.020681424350114695
power_utilities_regulated_gas,2024-09-27,0.03274546100619129,0.018929999609808734,0.013815461396382548
power_utilities_regulated_gas,2024-10-04,0.025698404786384757,0.0064541954570556444,0.0192442093293291
power_utilities_regulated_gas,2024-10-11,-0.017454347477543236,-0.011225160671795567,-0.006229186805747676
power_utilities_regulated_gas,2024-10-18,0.0159825905001109,-0.0036912643741961104,0.019673854874307
power_utilities_regulated_gas,2024-10-25,-0.00449580858435787,-0.020547408943384488,0.016051600359026606
power_utilities_regulated_gas,2024-11-01,-0.023029054907265825,-0.015916907055971145,-0.007112147851294692
power_utilities_regulated_gas,2024-11-08,0.01679455162624826,0.003697787895491838,0.013096763730756408
power_utilities_regulated_gas,2024-11-15,-0.0023092307927621413,-0.01849652365286276,0.016187292860100608
power_utilities_regulated_gas,2024-11-22,0.033427123458646006,0.0007483183814061701,0.03267880507723982
power_utilities_regulated_gas,2024-11-29,0.06767996913233691,0.02675460771634955,0.04092536141598735
power_utilities_regulated_gas,2024-12-06,0.007805874351353902,0.01302243738132837,-0.005216563029974489
power_utilities_regulated_gas,2024-12-13,-0.024554533305441523,0.01230447454016749,-0.036859007845609026
power_utilities_regulated_gas,2024-12-20,-0.05975422870933519,-0.006538042401809529,-0.05321618630752567
power_utilities_regulated_gas,2024-12-27,-0.06431078914232248,-0.02466215225681283,-0.03964863688550967
power_utilities_regulated_gas,2025-01-03,-0.03265878398882522,-0.03226846551722981,-0.0003903184715954222
power_utilities_regulated_gas,2025-01-10,-0.05065862391298246,-0.03490650006787203,-0.015752123845110443
power_utilities_regulated_gas,2025-01-17,0.011055874996415083,-0.0054269683986106765,0.016482843395025745
power_utilities_regulated_gas,2025-01-24,-0.010135733313812716,0.005139042477692725,-0.01527477579150545
power_utilities_regulated_gas,2025-01-31,-0.004627050558307538,0.006108959476385376,-0.010736010034692925
power_utilities_regulated_gas,2025-02-07,0.03604680092923071,0.027986853872551613,0.008059947056679088
power_utilities_regulated_gas,2025-02-14,0.0008664848456193426,0.016691440216399865,-0.015824955370780533
power_utilities_regulated_gas,2025-02-21,0.05007833094068259,0.0042373247211865426,0.045841006219496036
power_utilities_regulated_gas,2025-02-28,0.060788394111693116,0.010891833499125455,0.049896560612567656
power_utilities_regulated_gas,2025-03-07,0.04031062308921898,-0.008414011287802246,0.04872463437702122
power_utilities_regulated_gas,2025-03-14,0.050088530831782545,-0.021599171300702914,0.07168770213248546
power_utilities_regulated_gas,2025-03-21,0.013922616765588423,-0.013562718893278342,0.027485335658866763
power_utilities_regulated_gas,2025-03-28,0.008779730021397446,-0.02645308378108622,0.035232813802483665
power_utilities_regulated_gas,2025-04-04,-0.01134138713351443,-0.027967450647624913,0.016626063514110483
power_utilities_regulated_gas,2025-04-11,-0.02451615383587502,-0.02242497630497513,-0.002091177530899893
power_utilities_regulated_gas,2025-04-18,0.0009558973420640202,-0.027114389949364073,0.028070287291428096
power_utilities_regulated_gas,2025-04-25,-0.011991217979534044,0.0021396378607851825,-0.014130855840319229
power_utilities_regulated_gas,2025-05-02,0.03549858060279165,0.03281211780140156,0.0026864628013900903
power_utilities_regulated_gas,2025-05-09,0.021700533751918178,0.027669102973052175,-0.005968569221133996
power_utilities_regulated_gas,2025-05-16,0.00839742427180841,0.04304839441254282,-0.03465097014073443
power_utilities_regulated_gas,2025-05-23,-0.0012557191290676218,0.008556408869513012,-0.009812127998580642
power_utilities_regulated_gas,2025-05-30,-0.004184513909539479,0.007564093811322458,-0.011748607720861946
power_utilities_regulated_gas,2025-06-06,-0.016458625997295778,0.012174832164944239,-0.028633458162240027
power_utilities_regulated_gas,2025-06-13,-0.02587548524410443,-0.004838655444075207,-0.021036829800029234
power_utilities_regulated_gas,2025-06-20,-0.023516180522085366,0.007817711347136814,-0.03133389186922219
power_utilities_regulated_gas,2025-06-27,-0.022354084964152917,0.017148792686269176,-0.0395028776504221
power_utilities_regulated_gas,2025-07-04,0.008259051196559997,0.021580708573976842,-0.013321657377416852
power_utilities_regulated_gas,2025-07-11,0.011407808778177132,0.01757167281677984,-0.006163864038602718
power_utilities_regulated_gas,2025-07-18,0.039115747991576445,0.01972237620941195,0.019393371782164492
power_utilities_regulated_gas,2025-07-25,0.04544876315941194,0.0067209242469227215,0.03872783891248921
power_utilities_regulated_gas,2025-08-01,0.03785853928068035,0.003231689846400491,0.034626849434279856
power_utilities_regulated_gas,2025-08-08,0.04461418038685182,0.017694227925762356,0.02691995246108946
power_utilities_regulated_gas,2025-08-15,0.029224180998706214,0.01674282034637098,0.012481360652335226
power_utilities_regulated_gas,2025-08-22,0.029822255357969882,0.010510750196665659,0.019311505161304213
power_utilities_regulated_gas,2025-08-29,0.008027845210793548,0.013944153373502223,-0.005916308162708682
power_utilities_regulated_gas,2025-09-05,-0.009736166311849806,0.017086160106973315,-0.02682232641882313
power_utilities_regulated_gas,2025-09-12,-0.0013604406521923844,0.020361167972834233,-0.021721608625026624
power_utilities_regulated_gas,2025-09-19,-0.024031846107340164,0.0189560438669135,-0.042987889974253665
power_utilities_regulated_gas,2025-09-26,0.017100820755368715,0.010072583695326397,0.007028237060042318
power_utilities_regulated_gas,2025-10-03,0.040497159156128934,0.01135031420665272,0.029146844949476208
power_utilities_regulated_gas,2025-10-10,0.03883943595118813,0.0030497478700548188,0.0357896880811333
power_utilities_regulated_gas,2025-10-17,0.06178438541386874,0.013188031276736064,0.048596354137132675
power_utilities_regulated_gas,2025-10-24,0.04389865436999933,0.02215926041849733,0.02173939395150199
power_utilities_regulated_gas,2025-10-31,0.003540774812236115,0.007202132698846822,-0.003661357886610716
power_utilities_regulated_gas,2025-11-07,0.019477043387526483,0.006427057756619666,0.01304998563090681
power_utilities_regulated_gas,2025-11-14,0.004595143042401754,-0.008160210577230468,0.012755353619632216
power_utilities_regulated_gas,2025-11-21,-0.0081870235825428,-0.011641819602960311,0.003454796020417506
power_utilities_regulated_gas,2025-11-28,0.039989807772679034,0.005973315180427603,0.03401649259225143
power_utilities_regulated_gas,2025-12-05,-0.029545567037885422,0.0045086882642511586,-0.034054255302136585
power_utilities_regulated_gas,2025-12-12,-0.03203814514540938,0.006151488846402154,-0.03818963399181155
power_utilities_regulated_gas,2025-12-19,-0.034925581767009065,0.011946125368768858,-0.046871707135777936
power_utilities_regulated_gas,2025-12-26,-0.04421763869510843,0.0009494873526236852,-0.045167126047732126
power_utilities_regulated_gas,2026-01-02,0.012567827038779357,0.0013738748602303112,0.011193952178549033
power_utilities_regulated_gas,2026-01-09,0.015130631482989577,0.005741534243819442,0.009389097239170124
power_utilities_regulated_gas,2026-01-16,0.053552677275937495,-0.0046363644788426665,0.05818904175478015
power_utilities_regulated_gas,2026-01-23,0.025227669900803083,-0.015231151127189224,0.040458821027992295
power_utilities_regulated_gas,2026-01-30,0.03459984963148754,-0.012145768119163741,0.046745617750651274
power_utilities_regulated_gas,2026-02-06,0.04443074639272279,-0.011546659444942264,0.05597740583766504
power_utilities_regulated_gas,2026-02-13,0.07058823493502175,-0.0023262325829144594,0.0729144675179362
power_utilities_regulated_gas,2026-02-20,0.07632191539569544,0.0036136244254963163,0.07270829097019912
power_utilities_regulated_gas,2026-02-27,0.07747570081885298,0.01114702302183058,0.06632867779702238
power_utilities_regulated_gas,2026-03-06,0.05288123257694573,-0.013027413602887011,0.06590864617983272
power_utilities_regulated_gas,2026-03-13,-0.000638514901811773,-0.02561846144399897,0.024979946542187194
power_utilities_regulated_gas,2026-03-20,-0.04006060136258136,-0.050389500369577,0.010328899006995636
power_utilities_regulated_gas,2026-03-27,-0.03501956267224658,-0.064011386010782,0.02899182333853541
power_utilities_regulated_gas,2026-04-03,0.007394200468442802,-0.008689239055252776,0.016083439523695568
power_utilities_regulated_gas,2026-04-10,0.01907029671983239,-0.0037003541050420682,0.02277065082487445
power_utilities_regulated_gas,2026-04-17,0.050824755529588025,0.04156403171466005,0.009260723814927957
power_utilities_regulated_gas,2026-04-24,0.016177940550805587,0.05342277854916034,-0.03724483799835477
power_utilities_regulated_gas,2026-05-01,-0.0019038631951985383,0.024100733604267198,-0.026004596799465755
power_utilities_regulated_gas,2026-05-08,-0.036346088819202094,0.04554763755662018,-0.0818937263758223
power_renewables,2021-06-04,0.0008128230935396047,0.011867966362899251,-0.011055143269359646
power_renewables,2021-06-11,0.08738738528547345,0.03842066508319686,0.04896672020227659
power_renewables,2021-06-18,0.01954126148859564,0.02124415291104408,-0.0017028914224484389
power_renewables,2021-06-25,0.016906675779772708,0.02200691296017239,-0.005100237180399682
power_renewables,2021-07-02,0.04197078297276177,0.0212725831919593,0.02069819978080248
power_renewables,2021-07-09,-0.018908476362853286,0.012100933708253136,-0.031009410071106414
power_renewables,2021-07-16,0.0150515726011359,0.023579691865017797,-0.008528119263881886
power_renewables,2021-07-23,0.02441069530320106,0.019111114365739562,0.005299580937461511
power_renewables,2021-07-30,0.029888868284081684,0.012891374505281848,0.016997493778799846
power_renewables,2021-08-06,0.054334969490954926,0.0029383888192001904,0.051396580671754746
power_renewables,2021-08-13,0.07568751790299202,0.011811267800060848,0.0638762501029312
power_renewables,2021-08-20,0.05201646896346595,-0.010174746206765046,0.06219121517023101
power_renewables,2021-08-27,0.044887342009619885,0.0031624601165912945,0.0417248818930286
power_renewables,2021-09-03,0.041539314799350295,0.03353078055996509,0.008008534239385214
power_renewables,2021-09-10,0.0176571977180444,0.03402339218275849,-0.016366194464714077
power_renewables,2021-09-17,0.017359075134086743,0.03975380055497997,-0.022394725420893213
power_renewables,2021-09-24,-0.007883856307981671,0.006773082929814208,-0.014656939237795867
power_renewables,2021-10-01,-0.054100022561439316,-0.020608663934662284,-0.03349135862677702
power_renewables,2021-10-08,-0.005828326305099628,-0.026983052238400924,0.021154725933301304
power_renewables,2021-10-15,0.0031409847019715914,0.008366219116360728,-0.005225234414389129
power_renewables,2021-10-22,0.038699105868315126,0.028065864848273232,0.010633241020041904
power_renewables,2021-10-29,0.11521879906565279,0.03958952209316067,0.07562927697249212
power_renewables,2021-11-05,0.11814516226331681,0.06830563933689396,0.04983952292642285
power_renewables,2021-11-12,0.139502200158967,0.031631978861143835,0.10787022129782316
power_renewables,2021-11-19,0.12144331242906535,0.014875990621494205,0.10656732180757116
power_renewables,2021-11-26,0.0413708462864442,-0.0026556444872188195,0.04402649077366301
power_renewables,2021-12-03,0.0009052359922848132,-0.03904019062165141,0.03994542661393623
power_renewables,2021-12-10,-0.03675812241807662,-0.019596653833929743,-0.01716146858414688
power_renewables,2021-12-17,-0.0540664755954169,-0.016570287541495598,-0.037496188053921305
power_renewables,2021-12-24,-0.03967434239094781,0.005453175809828376,-0.045127518200776186
power_renewables,2021-12-31,-0.0012549054212577723,0.020863595137961842,-0.022118500559219614
power_renewables,2022-01-07,-0.045473676939600735,-0.009360192401063084,-0.036113484538537646
power_renewables,2022-01-14,-0.05810334066285036,-0.0046531207444644816,-0.05345021991838587
power_renewables,2022-01-21,-0.07165442919565329,-0.05092292026377564,-0.02073150893187765
power_renewables,2022-01-28,-0.14708919504896537,-0.05410893024753954,-0.09298026480142582
power_renewables,2022-02-04,-0.07807514183533161,-0.032179234904174084,-0.04589590693115751
power_renewables,2022-02-11,-0.07119565813869944,-0.03289467492119161,-0.03830098321750783
power_renewables,2022-02-18,-0.03468863110443563,-0.010189546458159157,-0.02449908464627647
power_renewables,2022-02-25,0.052575428002179354,0.00021316469735035808,0.052362263304829
power_renewables,2022-03-04,0.06774797008575888,0.03729581543822082,0.03045215464753808
power_renewables,2022-03-11,0.13023313598032618,0.00951319636346825,0.12071993961685795
power_renewables,2022-03-18,0.14106741967856182,0.03451556693988771,0.10655185273867412
power_renewables,2022-03-25,0.08994473747487854,0.022066389480188603,0.06787834799468996
power_renewables,2022-04-01,0.09200098640704138,-0.02867214132542923,0.12067312773247063
power_renewables,2022-04-08,0.012023736988384628,-0.024670464563039715,0.03669420155142436
power_renewables,2022-04-15,-0.01872146625082074,-0.04484085061696158,0.026119384366140863
power_renewables,2022-04-22,-0.08728925039186237,-0.07988379168727305,-0.007405458704589311
power_renewables,2022-04-29,-0.15610401445731784,-0.08837146612935226,-0.06773254832796557
power_renewables,2022-05-06,-0.10794789580492126,-0.0799665458760272,-0.027981349928894048
power_renewables,2022-05-13,-0.1351547081688779,-0.07810338681011075,-0.05705132135876712
power_renewables,2022-05-20,-0.023511352134995334,-0.03827045806775794,0.014759105932762626
power_renewables,2022-05-27,0.11529868783861949,0.022709303660231904,0.09258938417838761
power_renewables,2022-06-03,0.09312951248706615,0.023602430554033434,0.06952708193303274
power_renewables,2022-06-10,0.12106267196506564,-0.008518114467882955,0.12958078643294865
power_renewables,2022-06-17,0.004402520176709029,-0.0722079009392763,0.07661042111598536
power_renewables,2022-06-24,-0.044060579832780104,-0.07433735311652864,0.030276773283748584
power_renewables,2022-07-01,0.003089665602381955,-0.0504249204801113,0.05351458608249329
power_renewables,2022-07-08,0.009293463611038352,-0.02136860416971698,0.030662067780755364
power_renewables,2022-07-15,0.07847786409472167,0.03904838369220633,0.03942948040251538
power_renewables,2022-07-22,0.03151974211977087,0.021392027454024503,0.010127714665746409
power_renewables,2022-07-29,0.06927152447370885,0.0602316601243912,0.009039864349317698
power_renewables,2022-08-05,0.08697880228096733,0.04537473467782366,0.04160406760314372
power_renewables,2022-08-12,0.14170851187695577,0.06533704275300863,0.07637146912394721
power_renewables,2022-08-19,0.1393692789917494,0.01390353515998468,0.12546574383176476
power_renewables,2022-08-26,0.04161653573967909,-0.04242772988753403,0.08404426562721316
power_renewables,2022-09-02,0.010476196970244774,-0.050314218687720194,0.060790415657965016
power_renewables,2022-09-09,0.009536099040865845,-0.05402321724949787,0.06355931629036377
power_renewables,2022-09-16,-0.011923378737804066,-0.0687180446915869,0.05679466595378288
power_renewables,2022-09-23,-0.06604877006666596,-0.11776018349935678,0.05171141343269088
power_renewables,2022-09-30,-0.11666005291825193,-0.1037405619499692,-0.01291949096828271
power_renewables,2022-10-07,-0.17352920673290143,-0.10220540200736912,-0.07132380472553226
power_renewables,2022-10-14,-0.18017009185640526,-0.09131111831235197,-0.08885897354405325
power_renewables,2022-10-21,-0.0862551475975842,-0.01650901752608594,-0.06974613007149824
power_renewables,2022-10-28,0.06122753500558745,0.03770253896997593,0.02352499603561154
power_renewables,2022-11-04,0.11811390406447209,-0.0022388221167299015,0.12035272618120199
power_renewables,2022-11-11,0.14934127984654966,0.08660974749942517,0.06273153234712453
power_renewables,2022-11-18,0.09676757287964238,0.053308520674301196,0.04345905220534122
power_renewables,2022-11-25,0.03609005098111048,0.03150835280774297,0.004581698173367536
power_renewables,2022-12-02,-0.014760129879284581,0.07779402834173503,-0.09255415822101959
power_renewables,2022-12-09,-0.07290258744979075,-0.014874754087751262,-0.058027833362039455
power_renewables,2022-12-16,-0.06867720415907069,0.002176491548701239,-0.0708536957077719
power_renewables,2022-12-23,-0.08472707994982127,-0.027250329924790682,-0.05747675002503057
power_renewables,2022-12-30,-0.09106380907093517,-0.057791066425972454,-0.03327274264496269
power_renewables,2023-01-06,-0.029509497036323846,0.007732725286331028,-0.03724222232265485
power_renewables,2023-01-13,0.05268945797313437,0.03623329030224329,0.016456167670891097
power_renewables,2023-01-20,0.028775539468626987,0.05196293336975859,-0.023187393901131587
power_renewables,2023-01-27,0.05004434322964681,0.07116926932749869,-0.021124926097851857
power_renewables,2023-02-03,0.04304816633458273,0.038077226616288845,0.0049709397182939015
power_renewables,2023-02-10,-0.02278301454252745,-0.0015822503678416464,-0.02120076417468579
power_renewables,2023-02-17,-0.0012628458214655218,-0.015953464232420646,0.014690618410955137
power_renewables,2023-02-24,-0.08450571063245665,-0.05463234217336113,-0.02987336845909551
power_renewables,2023-03-03,-0.05994050979988688,-0.036726951637076954,-0.023213558162809903
power_renewables,2023-03-10,-0.09830500609938767,-0.03941207143445117,-0.058892934664936475
power_renewables,2023-03-17,-0.11679946516487202,-0.009419096937948845,-0.10738036822692316
power_renewables,2023-03-24,-0.04363440244006291,0.025058560678166582,-0.06869296311822949
power_renewables,2023-03-31,-0.043503276625171394,0.03127471295986,-0.07477798958503137
power_renewables,2023-04-07,0.010887311687549313,0.061746650618471954,-0.05085933893092263
power_renewables,2023-04-14,0.03024762441044958,0.037483885907640006,-0.007236261497190415
power_renewables,2023-04-21,0.05373903438456064,0.018246682599621922,0.03549235178493873
power_renewables,2023-04-28,-0.02457838665460122,0.013873978324649074,-0.03845236497925027
power_renewables,2023-05-05,-0.05885440745494622,-0.008823539008351457,-0.05003086844659474
power_renewables,2023-05-12,0.00020695122842245145,-0.0042427241181194255,0.0044496753465419064
power_renewables,2023-05-19,-0.05843202141965072,-0.0014603156009029058,-0.05697170581874778
power_renewables,2023-05-26,-0.006159904045926949,-0.02592569689106649,0.01976579284513956
power_renewables,2023-06-02,0.05928991021859358,0.006615769150783619,0.05267414106780999
power_renewables,2023-06-09,-0.0023834228549447878,0.008730763939328338,-0.011114186794273107
power_renewables,2023-06-16,0.039661674039700695,0.03254822679392479,0.007113447245775922
power_renewables,2023-06-23,-0.01478671947115573,0.02812608970018242,-0.04291280917133813
power_renewables,2023-06-30,-0.058079633670628725,0.01133813405101178,-0.06941776772164049
power_renewables,2023-07-07,-0.08409110394333547,-0.011313940674818241,-0.07277716326851721
power_renewables,2023-07-14,-0.061290689323498126,0.007841676088848393,-0.0691323654123465
power_renewables,2023-07-21,0.0034604901798052975,0.02371693577562456,-0.020256445595819246
power_renewables,2023-07-28,-0.051871266428246944,0.015088618437071093,-0.06695988486531801
power_renewables,2023-08-04,-0.0749732876390486,0.02501914347617954,-0.09999243111522813
power_renewables,2023-08-11,-0.11129477652155755,-0.015262900856111223,-0.0960318756654463
power_renewables,2023-08-18,-0.15554182449414894,-0.03849750619610628,-0.11704431829804263
power_renewables,2023-08-25,-0.07479110710547378,-0.02896053453905357,-0.04583057256642019
power_renewables,2023-09-01,-0.014558054634510787,0.009815956376167279,-0.02437401101067805
power_renewables,2023-09-08,-0.02313145756027333,0.006688843360654513,-0.02982030092092783
power_renewables,2023-09-15,0.046862229636076586,0.033898865224596716,0.012963364411479886
power_renewables,2023-09-22,-0.018125142615129746,0.0018815525382623911,-0.020006695153392123
power_renewables,2023-09-29,-0.1477276561948817,-0.03475287813481981,-0.11297477806006187
power_renewables,2023-10-06,-0.21622975700198088,-0.04960987623456549,-0.16661988076741535
power_renewables,2023-10-13,-0.24617458834763892,-0.041688366009738465,-0.20448622233790045
power_renewables,2023-10-20,-0.20962638748986057,-0.04911525224268796,-0.1605111352471726
power_renewables,2023-10-27,-0.04326216528679183,-0.048746781329828126,0.005484616043036308
power_renewables,2023-11-03,0.09778761907796732,0.026100169567578307,0.07168744951038904
power_renewables,2023-11-10,-0.007457146486913327,0.007126141334861365,-0.01458328782177469
power_renewables,2023-11-17,0.03382300519498431,0.06818785578632877,-0.034364850591344455
power_renewables,2023-11-24,0.0030725006353735738,0.08164576319215594,-0.07857326255678239
power_renewables,2023-12-01,0.030212059682102096,0.05168639126358233,-0.021474331581480224
power_renewables,2023-12-08,0.137216292787113,0.05217411901348806,0.08504217377362497
power_renewables,2023-12-15,0.19953648751034248,0.057409047619804886,0.1421274398905376
power_renewables,2023-12-22,0.19659168844903274,0.06458889096278077,0.132002797486252
power_renewables,2023-12-29,0.11614476029422639,0.046319431054784616,0.06982532923944179
power_renewables,2024-01-05,0.08068383365188321,0.0285940975820639,0.05208973606981932
power_renewables,2024-01-12,-0.05183769748951844,0.023223060885714766,-0.07506075837523318
power_renewables,2024-01-19,-0.12887301510321042,0.002257366044430796,-0.1311303811476412
power_renewables,2024-01-26,-0.10463884200438203,0.005146965057719884,-0.10978580706210192
power_renewables,2024-02-02,-0.06693642822198201,0.04399611396214183,-0.11093254218412382
power_renewables,2024-02-09,-0.06277146831705638,0.006418649975633218,-0.06919011829268959
power_renewables,2024-02-16,0.033724188038253236,0.0072260328541860555,0.026498155184067194
power_renewables,2024-02-23,-0.0488939072991257,0.0033845327221782616,-0.05227844002130394
power_renewables,2024-03-01,-0.033469567001307224,0.00370126125581988,-0.037170828257127086
power_renewables,2024-03-08,0.034043935949962585,0.01371595381865355,0.020327982131309045
power_renewables,2024-03-15,-0.0614749341780077,0.00962739903519748,-0.07110233321320518
power_renewables,2024-03-22,0.017433249735512992,0.02816122358471667,-0.010727973849203674
power_renewables,2024-03-29,0.037663018034299486,0.015487071397779006,0.022175946636520488
power_renewables,2024-04-05,-0.013455275595312989,0.00550309886752807,-0.01895837446284105
power_renewables,2024-04-12,0.025082405198054342,0.001841130341662927,0.023241274856391422
power_renewables,2024-04-19,-0.004690492002986836,-0.048862358739560616,0.044171866736573785
power_renewables,2024-04-26,-0.027578210134590785,-0.04163620489339852,0.01405799475880774
power_renewables,2024-05-03,0.05080657523999188,-0.02063118627720139,0.07143776151719328
power_renewables,2024-05-10,0.14050646012028403,0.007393827547760849,0.1331126325725232
power_renewables,2024-05-17,0.18004566307138384,0.05769481707334669,0.12235084599803714
power_renewables,2024-05-24,0.1612083621195852,0.03679416302598747,0.12441419909359774
power_renewables,2024-05-31,0.1215952005789229,0.017453417799013316,0.1041417827799096
power_renewables,2024-06-07,0.030524519494852787,0.010867087332949046,0.01965743216190375
power_renewables,2024-06-14,-0.05421517936238653,0.01624873271883593,-0.07046391208122245
power_renewables,2024-06-21,-0.07246821135558593,0.02717545811617781,-0.09964366947176373
power_renewables,2024-06-28,-0.11996730458166989,0.024470797486328667,-0.14443810206799854
power_renewables,2024-07-05,-0.11285200086492926,0.039854443254968536,-0.15270644411989778
power_renewables,2024-07-12,0.008642284536859189,0.029562689103921853,-0.02092040456706265
power_renewables,2024-07-19,-0.018284233979307098,0.0015648835790083894,-0.01984911755831547
power_renewables,2024-07-26,0.033242868621210474,0.0029923337339011428,0.03025053488730934
power_renewables,2024-08-02,0.054483296130934805,-0.010731523787742732,0.06521481991867756
power_renewables,2024-08-09,-0.03312972362978351,-0.0325323855661459,-0.0005973380636376084
power_renewables,2024-08-16,0.0424181133406563,0.017278559029623518,0.02513955431103279
power_renewables,2024-08-23,0.02796538631193176,0.04094600824701312,-0.012980621935081349
power_renewables,2024-08-30,0.012292815542476597,0.025015220454239092,-0.012722404911762485
power_renewables,2024-09-06,4.651955917391731e-05,0.00967599126743103,-0.0096294717082571
power_renewables,2024-09-13,0.014279549076907525,0.018980060735419774,-0.004700511658512232
power_renewables,2024-09-20,0.026767158659008465,0.012164656139875097,0.014602502519133384
power_renewables,2024-09-27,0.07341849131319751,0.028181261243068686,0.045237230070128844
power_renewables,2024-10-04,0.0634850080277869,0.0450505570346082,0.018434450993178704
power_renewables,2024-10-11,-0.01811032367027921,0.009801425367187602,-0.027911749037466793
power_renewables,2024-10-18,-0.025803945090266303,0.00916049466590425,-0.03496443975617054
power_renewables,2024-10-25,-0.14076439973512436,-0.016124979091974443,-0.1246394206431499
power_renewables,2024-11-01,-0.11007428692983105,-0.031440176173538614,-0.07863411075629241
power_renewables,2024-11-08,-0.07349937012626052,-0.0020803617209322715,-0.07141900840532824
power_renewables,2024-11-15,-0.1315661868971158,-0.03563681357182314,-0.09592937332529264
power_renewables,2024-11-22,-0.02393164755561199,0.00674081832244202,-0.030672465878053994
power_renewables,2024-11-29,0.017364379480564004,0.044546547124219536,-0.027182167643655514
power_renewables,2024-12-06,-0.004064029657210566,0.021816696477604026,-0.02588072613481457
power_renewables,2024-12-13,0.002015375281285009,0.018344579525932693,-0.01632920424464766
power_renewables,2024-12-20,-0.06701404976968348,-0.029078446260535185,-0.037935603509148264
power_renewables,2024-12-27,-0.09838608771167545,-0.047758895486678006,-0.050627192224997425
power_renewables,2025-01-03,-0.04587042526337779,-0.044749389490883286,-0.0011210357724944844
power_renewables,2025-01-10,-0.0600579715825449,-0.043669900144386146,-0.016388071438158736
power_renewables,2025-01-17,-0.008907422039090267,0.01199071229554018,-0.020898134334630426
power_renewables,2025-01-24,-0.05077107007745486,0.026726080431703075,-0.07749715050915792
power_renewables,2025-01-31,-0.16021306431038124,0.00849110208668387,-0.16870416639706512
power_renewables,2025-02-07,-0.179416556333983,0.04097257043144393,-0.2203891267654269
power_renewables,2025-02-14,-0.18935497492779285,0.014512009390172977,-0.20386698431796582
power_renewables,2025-02-21,-0.07033525370878033,-0.010080533008551055,-0.06025472070022926
power_renewables,2025-02-28,0.006456598051120357,0.0038079796956576404,0.002648618355462717
power_renewables,2025-03-07,0.06819601741287944,-0.029659482476285862,0.09785549988916531
power_renewables,2025-03-14,0.09630416836780159,-0.04366549907965229,0.1399696674474539
power_renewables,2025-03-21,0.05141817333807491,-0.01965178778063823,0.07106996111871317
power_renewables,2025-03-28,0.04791844632589957,-0.03788604880799228,0.08580449513389185
power_renewables,2025-04-04,-0.017488205163887292,-0.05254745543285179,0.03505925026896451
power_renewables,2025-04-11,-0.022258800149569456,-0.045262153121737536,0.02300335297216808
power_renewables,2025-04-18,-0.028238854281656733,-0.0490983575881004,0.02085950330644366
power_renewables,2025-04-25,-0.03792697889104745,-0.0026620855297901647,-0.03526489336125729
power_renewables,2025-05-02,0.019097889824597543,0.05088692591586975,-0.031789036091272205
power_renewables,2025-05-09,0.039961893554985084,0.05514819574579435,-0.015186302190809263
power_renewables,2025-05-16,0.060348769300708816,0.06940909272305953,-0.009060323422350712
power_renewables,2025-05-23,0.019029966086362128,0.03422628130256905,-0.015196315216206936
power_renewables,2025-05-30,0.054743330457081046,0.03773169135985701,0.01701163909722403
power_renewables,2025-06-06,0.03460291317759017,0.04501794223993004,-0.010415029062339876
power_renewables,2025-06-13,0.0021323538278302592,0.04207982074044976,-0.0399474669126195
power_renewables,2025-06-20,0.05275944840244189,0.05188515770683237,0.0008742906956095108
power_renewables,2025-06-27,0.041608651261056236,0.05493380117439949,-0.01332514991334327
power_renewables,2025-07-04,0.06482518517819391,0.05040240213475825,0.014422783043435639
power_renewables,2025-07-11,0.06033996246597711,0.0240038622997596,0.036336100166217494
power_renewables,2025-07-18,0.059289460254858616,0.027923993720372763,0.031365466534485846
power_renewables,2025-07-25,0.057853737354858915,0.020460194967293448,0.037393542387565454
power_renewables,2025-08-01,0.010843375153005742,0.009654078790366553,0.0011892963626391763
power_renewables,2025-08-08,-0.006042027943683309,0.024583376176034975,-0.030625404119718293
power_renewables,2025-08-15,0.004746624591822724,0.012185238785026666,-0.007438614193203951
power_renewables,2025-08-22,0.027687832942323753,0.009189685962730296,0.018498146979593448
power_renewables,2025-08-29,0.030531363856801358,0.021249930245895672,0.009281433610905679
power_renewables,2025-09-05,0.021475803165092174,0.023404756272456036,-0.0019289531073638719
power_renewables,2025-09-12,0.005075277764905989,0.03906582420565381,-0.03399054644074783
power_renewables,2025-09-19,-0.03671708979873945,0.04828104300714632,-0.08499813280588578
power_renewables,2025-09-26,-0.01462545386169187,0.0388183643063578,-0.05344381816804969
power_renewables,2025-10-03,0.07132582085467974,0.03712909525964151,0.034196725595038224
power_renewables,2025-10-10,0.07440922789634125,0.02021909204117754,0.0541901358551637
power_renewables,2025-10-17,0.10528711809979627,0.01591061641268841,0.08937650168710785
power_renewables,2025-10-24,0.07907756944378654,0.0292383274229914,0.049839242020795135
power_renewables,2025-10-31,-0.0013411128173151585,0.023000007196611945,-0.024341120013927096
power_renewables,2025-11-07,0.03832355910845731,0.0030625737276751344,0.03526098538078218
power_renewables,2025-11-14,0.013977910734997618,-0.02010797992983898,0.0340858906648366
power_renewables,2025-11-21,0.002682040958237958,-0.041346535292302,0.04402857625053996
power_renewables,2025-11-28,0.05459338393932714,-0.014123395392487165,0.06871677933181432
power_renewables,2025-12-05,-0.023145729804654368,0.008760808593075639,-0.03190653839773
power_renewables,2025-12-12,-0.03660338349632522,0.006222249059939034,-0.042825632556264245
power_renewables,2025-12-19,-0.010422148715106062,0.021044673463706903,-0.031466822178812956
power_renewables,2025-12-26,-0.029344996373883596,-0.0006553023031211115,-0.028689694070762474
power_renewables,2026-01-02,0.04643512315130761,-0.0035250184250944588,0.04996014157640207
power_renewables,2026-01-09,0.060906332916027255,0.029086878834515793,0.031819454081511475
power_renewables,2026-01-16,0.08116810272334331,0.028953722054462554,0.05221438066888076
power_renewables,2026-01-23,0.0604348092261765,0.024030069501347038,0.03640473972482946
power_renewables,2026-01-30,0.037766322607687086,0.028465557440032443,0.009300765167654653
power_renewables,2026-02-06,0.06914345046091044,0.004940099049655304,0.06420335141125515
power_renewables,2026-02-13,0.06593404972438277,0.00587762858065519,0.060056421143727605
power_renewables,2026-02-20,0.04408954955564976,0.013532122035837991,0.030557427519811782
power_renewables,2026-02-27,-0.014876164986365702,0.019201549573704246,-0.03407771456006993
power_renewables,2026-03-06,-0.052038176923122445,0.011827030013099992,-0.06386520693622243
power_renewables,2026-03-13,-0.054940732582217114,-0.0017845154268876498,-0.053156217155329456
power_renewables,2026-03-20,-0.0656206504268849,-0.03340344114396368,-0.03221720928292121
power_renewables,2026-03-27,0.02574278793309223,-0.0506002972887022,0.07634308522179445
power_renewables,2026-04-03,0.05961082375272299,0.0029243114752654856,0.05668651227745751
power_renewables,2026-04-10,0.0357709905291127,0.01875227184511157,0.017018718684001136
power_renewables,2026-04-17,0.04386914767501507,0.06154592560260806,-0.01767677792759299
power_renewables,2026-04-24,0.001762189252889718,0.0811371966605335,-0.07937500740764376
power_renewables,2026-05-01,0.004178469279916042,0.0465249423711465,-0.042346473091230456
power_renewables,2026-05-08,0.007498626481438253,0.05999937599438589,-0.05250074951294763
tanker_shipping,2021-06-04,0.02776176941215769,0.013569431904032515,0.014192337508125173
tanker_shipping,2021-06-11,0.05578536396254365,0.0370739493315073,0.018711414631036354
tanker_shipping,2021-06-18,-0.058448501822634696,0.012908409050137164,-0.07135691087277185
tanker_shipping,2021-06-25,0.03204217599308423,0.04600003292856219,-0.01395785693547795
tanker_shipping,2021-07-02,-0.011563282189203758,0.017538940520092857,-0.02910222270929661
tanker_shipping,2021-07-09,-0.08351318145709964,-0.0036299981027565105,-0.07988318335434313
tanker_shipping,2021-07-16,-0.12829197196241626,-0.00805864514324076,-0.12023332681917548
tanker_shipping,2021-07-23,-0.19844119412536582,-0.033417292807301255,-0.16502390131806452
tanker_shipping,2021-07-30,-0.13323923040257157,-0.02318800636377657,-0.11005122403879498
tanker_shipping,2021-08-06,-0.13349900799665362,-0.026551321352771412,-0.10694768664388221
tanker_shipping,2021-08-13,-0.038304538632828025,0.005616297793281957,-0.04392083642610998
tanker_shipping,2021-08-20,-0.06387953111324418,-0.04157803834760962,-0.022301492765634562
tanker_shipping,2021-08-27,-0.003563782994297493,0.005200713187789523,-0.008764496182087021
tanker_shipping,2021-09-03,0.09156120947882905,0.044536985790955566,0.04702422368787348
tanker_shipping,2021-09-10,0.07251283410399609,0.05322603827972476,0.01928679582427132
tanker_shipping,2021-09-17,0.08923632560125944,0.09002330421737656,-0.000786978616117125
tanker_shipping,2021-09-24,0.0638479284121076,0.04522215686330449,0.018625771548803093
tanker_shipping,2021-10-01,0.12247830239869475,0.031428729634023336,0.09104957276467143
tanker_shipping,2021-10-08,0.08943248157778841,0.040019278470838526,0.04941320310694988
tanker_shipping,2021-10-15,0.07747037730337783,0.06361919625783877,0.013851181045539049
tanker_shipping,2021-10-22,0.05404280639285815,0.07341878067374163,-0.019375974280883487
tanker_shipping,2021-10-29,-0.08704427357051801,0.047179627615611154,-0.13422390118612917
tanker_shipping,2021-11-05,-0.01772840690215604,0.018941689583886888,-0.036670096486042934
tanker_shipping,2021-11-12,0.015950807690397962,0.0023469351709335846,0.013603872519464376
tanker_shipping,2021-11-19,-0.08998857388078582,-0.03380531769430372,-0.0561832561864821
tanker_shipping,2021-11-26,-0.09236846060234709,-0.041728807008568194,-0.050639653593778894
tanker_shipping,2021-12-03,-0.14900895619967286,-0.07785425745915861,-0.07115469874051425
tanker_shipping,2021-12-10,-0.08352591021652551,-0.0462715376314194,-0.03725437258510611
tanker_shipping,2021-12-17,-0.0650387859955345,-0.05640175354742429,-0.008637032448110218
tanker_shipping,2021-12-24,-0.00960647156118635,0.004165982875351505,-0.013772454436537858
tanker_shipping,2021-12-31,0.019720944484382455,0.060594494443949085,-0.04087354995956663
tanker_shipping,2022-01-07,-0.012002521869051395,0.041259325298882585,-0.05326184716793398
tanker_shipping,2022-01-14,0.0854021842931543,0.06853102233958563,0.016871161953568664
tanker_shipping,2022-01-21,-0.05367742305213817,-0.013767494915452094,-0.039909928136686076
tanker_shipping,2022-01-28,-0.0040856294109732905,-0.01669013570858814,0.012604506297614854
tanker_shipping,2022-02-04,-0.029282376482197097,-0.01025568319838225,-0.019026693283814844
tanker_shipping,2022-02-11,0.00018821133235127907,0.005150873602090201,-0.004962662269738918
tanker_shipping,2022-02-18,0.12763727786673612,0.02924040912921145,0.09839686873752466
tanker_shipping,2022-02-25,0.1857834053677372,0.03798316013336247,0.1478002452343747
tanker_shipping,2022-03-04,0.20903835249569805,0.029750377994245472,0.1792879745014526
tanker_shipping,2022-03-11,0.09943217993056792,0.03514589715181313,0.06428628277875481
tanker_shipping,2022-03-18,0.11382730798917924,0.08584094403020831,0.027986363958970913
tanker_shipping,2022-03-25,0.07435538558739058,0.10675083955438441,-0.03239545396699385
tanker_shipping,2022-04-01,0.06186780519875095,0.055201248300870184,0.006666556897880767
tanker_shipping,2022-04-08,0.18954715175034126,0.05334573634910209,0.13620141540123915
tanker_shipping,2022-04-15,0.18821031032653743,0.037150224324785174,0.15106008600175225
tanker_shipping,2022-04-22,0.07024775209747866,-0.034124978030246965,0.10437273012772563
tanker_shipping,2022-04-29,0.054321639639487385,-0.02446620959474246,0.07878784923422982
tanker_shipping,2022-05-06,0.03450061380029172,-0.020219330752342817,0.05471994455263453
tanker_shipping,2022-05-13,-0.020011132052906576,-0.0700998485197124,0.05008871646680582
tanker_shipping,2022-05-20,0.09609427958835932,-0.0517401527759155,0.14783443236427482
tanker_shipping,2022-05-27,0.125852593642477,-0.0002660691066590816,0.12611866274913605
tanker_shipping,2022-06-03,0.08193926651673171,-0.004823253005537983,0.08676251952226967
tanker_shipping,2022-06-10,0.05177718069366616,0.01613838878206101,0.03563879191160513
tanker_shipping,2022-06-17,-0.10908766277062532,-0.018817832566987158,-0.09026983020363818
tanker_shipping,2022-06-24,-0.1195775956279449,-0.03631426723297181,-0.08326332839497312
tanker_shipping,2022-07-01,-0.13052653708715464,-0.0775578548962502,-0.05296868219090449
tanker_shipping,2022-07-08,-0.10810541910215724,-0.050340016570585636,-0.057765402531571614
tanker_shipping,2022-07-15,0.03423019514168315,-0.02431001115861751,0.05854020630030064
tanker_shipping,2022-07-22,0.06410629347649287,-0.044813941940890945,0.1089202354173838
tanker_shipping,2022-07-29,0.1127830728023973,0.0033958186164518046,0.10938725418594547
tanker_shipping,2022-08-05,0.1729385120648077,-0.020235835267909168,0.19317434733271685
tanker_shipping,2022-08-12,0.2332960481314864,0.021608890922492286,0.21168715720899411
tanker_shipping,2022-08-19,0.1800106554874496,0.005514825431044753,0.17449583005640484
tanker_shipping,2022-08-26,0.14295922927336208,-0.02254494572661508,0.16550417499997713
tanker_shipping,2022-09-02,0.09978379285103356,-0.021548095308083864,0.1213318881591174
tanker_shipping,2022-09-09,0.0656541313445653,-0.009420878222748653,0.07507500956731394
tanker_shipping,2022-09-16,0.04409581402357725,-0.012836045402934322,0.05693185942651154
tanker_shipping,2022-09-23,-0.023385233746772892,-0.03444143744142922,0.011056203694656309
tanker_shipping,2022-09-30,-0.01601559589826154,-0.027223318027015962,0.011207722128754403
tanker_shipping,2022-10-07,-0.06594366643071736,-0.012571553983259376,-0.053372112447458
tanker_shipping,2022-10-14,0.0015726424932306082,-0.012025075282140037,0.01359771777537061
tanker_shipping,2022-10-21,0.11157339971118282,0.05750848764221586,0.05406491206896695
tanker_shipping,2022-10-28,0.12931470349019955,0.06557312805485645,0.06374157543534308
tanker_shipping,2022-11-04,0.2042912645528555,0.019920837855176864,0.18437042669767864
tanker_shipping,2022-11-11,0.11709193932521689,0.05391872226968457,0.0631732170555323
tanker_shipping,2022-11-18,0.1059067972595298,-0.02636970219540126,0.13227649945493106
tanker_shipping,2022-11-25,0.09302802304972607,-0.036647835527409287,0.12967585857713537
tanker_shipping,2022-12-02,0.032048454133617246,-0.03589876688731244,0.06794722102092969
tanker_shipping,2022-12-09,-0.027478424912986167,-0.08183565438641674,0.05435722947343059
tanker_shipping,2022-12-16,-0.037388249424446116,-0.0493723342216413,0.01198408479719519
tanker_shipping,2022-12-23,-0.052843359977559026,-0.008765598124351931,-0.04407776185320709
tanker_shipping,2022-12-30,-0.09542588685494173,0.0009458085548381817,-0.09637169540977991
tanker_shipping,2023-01-06,-0.07226017194358983,0.017886674854109455,-0.09014684679769927
tanker_shipping,2023-01-13,-0.03533514187034156,0.052745171167021675,-0.08808031303736322
tanker_shipping,2023-01-20,-0.009551231129664255,0.017565542715125088,-0.02711677384478932
tanker_shipping,2023-01-27,0.0011933439866680055,0.01551889630278873,-0.014325552316120697
tanker_shipping,2023-02-03,0.11048432975042782,0.011466304448771336,0.0990180253016565
tanker_shipping,2023-02-10,0.11752734287737056,0.014643285196820881,0.10288405768054969
tanker_shipping,2023-02-17,0.14868639055091587,0.001413786005092666,0.14727260454582322
tanker_shipping,2023-02-24,0.20152826604173477,-0.008312161059782846,0.20984042710151765
tanker_shipping,2023-03-03,0.21116935333903342,0.04988068377383775,0.16128866956519566
tanker_shipping,2023-03-10,0.07554215809636987,-0.0375591548025144,0.11310131289888428
tanker_shipping,2023-03-17,-0.05791762803777543,-0.07602771925544344,0.018110091217668017
tanker_shipping,2023-03-24,-0.052519230070023855,-0.06531325161760208,0.012794021547578242
tanker_shipping,2023-03-31,-0.0956518222897282,-0.045416304730527705,-0.05023551755920047
tanker_shipping,2023-04-07,-0.10337971782819316,0.004367572034876625,-0.10774728986306978
tanker_shipping,2023-04-14,0.043726827653338914,0.08126924694689952,-0.03754241929356059
tanker_shipping,2023-04-21,-0.023202753254594057,0.05650195299340454,-0.0797047062479986
tanker_shipping,2023-04-28,-0.042412396866556706,-0.0016457123219755475,-0.040766684544581135
tanker_shipping,2023-05-05,-0.032470699413826895,-0.018332467891200816,-0.014138231522626055
tanker_shipping,2023-05-12,-0.06006385795767161,-0.050518813937863755,-0.009545044019807825
tanker_shipping,2023-05-19,-0.033272003049047316,-0.012798765623872069,-0.02047323742517522
tanker_shipping,2023-05-26,-0.02245101926231451,-0.004323168397358046,-0.018127850864956437
tanker_shipping,2023-06-02,0.03032508779984021,0.022733855912349887,0.007591231887490335
tanker_shipping,2023-06-09,-0.004873998337752424,0.035872724357457406,-0.040746722695209805
tanker_shipping,2023-06-16,0.020834769091514452,0.03332498180258276,-0.012490212711068288
tanker_shipping,2023-06-23,-0.007810253839247189,0.003979516226791942,-0.01178977006603911
tanker_shipping,2023-06-30,0.014671545146175073,0.016943747415685093,-0.0022722022695099986
tanker_shipping,2023-07-07,0.05133117396442195,0.021621745740907448,0.029709428223514526
tanker_shipping,2023-07-14,-0.010046483197374244,0.0063770218420476634,-0.01642350503942189
tanker_shipping,2023-07-21,0.02341072192786564,0.03695619350888614,-0.013545471581020478
tanker_shipping,2023-07-28,0.08624983004488057,0.04480705029196591,0.041442779752914674
tanker_shipping,2023-08-04,0.08608188566623204,0.03956008717893587,0.04652179848729618
tanker_shipping,2023-08-11,0.10454965730230607,0.049564639247893616,0.054985018054412485
tanker_shipping,2023-08-18,0.11296202559148759,0.033344224505921435,0.07961780108556617
tanker_shipping,2023-08-25,0.009874336046118502,0.011753635768569796,-0.0018792997224512664
tanker_shipping,2023-09-01,-0.011186743415954738,0.02715772492935705,-0.03834446834531176
tanker_shipping,2023-09-08,-0.010771496825436492,0.022186127927139608,-0.032957624752576076
tanker_shipping,2023-09-15,-0.038695540302721654,0.05770133090820418,-0.0963968712109258
tanker_shipping,2023-09-22,0.02284281397126521,0.04720083572490639,-0.024358021753641143
tanker_shipping,2023-09-29,0.04443253577044202,0.035396303759141906,0.00903623201130014
tanker_shipping,2023-10-06,0.022951878780390376,0.022351334870921377,0.0006005439094690194
tanker_shipping,2023-10-13,0.09371072206762573,-0.0019695381606245795,0.09568026022825032
tanker_shipping,2023-10-20,0.046639967737115554,0.016650731519895372,0.02998923621722021
tanker_shipping,2023-10-27,0.07060413978403948,-0.02526366261684463,0.09586780240088413
tanker_shipping,2023-11-03,0.13262598394678946,-0.017269883550911868,0.14989586749770137
tanker_shipping,2023-11-10,0.04067010188370143,-0.013513093836691102,0.054183195720392555
tanker_shipping,2023-11-17,0.046938755424412434,-0.014432854881749741,0.0613716103061622
tanker_shipping,2023-11-24,0.02056288788659622,0.03147108645145336,-0.010908198564857124
tanker_shipping,2023-12-01,-0.033145378363144254,0.02516641120977031,-0.05831178957291454
tanker_shipping,2023-12-08,-0.04475718747055956,0.006064185518017132,-0.05082137298857667
tanker_shipping,2023-12-15,0.0015857996734108329,-0.005053875702904372,0.006639675376315227
tanker_shipping,2023-12-22,0.05207105414766672,-0.0030904946173215056,0.055161548764988244
tanker_shipping,2023-12-29,0.015780712495282442,-0.003695527514920055,0.019476240010202518
tanker_shipping,2024-01-05,0.13990898467454674,0.013855521677045173,0.1260534629975016
tanker_shipping,2024-01-12,0.08699228294341431,0.026369736994921445,0.060622545948492895
tanker_shipping,2024-01-19,0.0200888158793152,0.039517858893967056,-0.01942904301465182
tanker_shipping,2024-01-26,0.10258146578843574,0.05533089646689843,0.04725056932153734
tanker_shipping,2024-02-02,-0.018197615132207225,0.04492086181894103,-0.06311847695114822
tanker_shipping,2024-02-09,-0.02722923272362764,0.06104168890522985,-0.08827092162885747
tanker_shipping,2024-02-16,-0.0028185705402992145,0.04252836808152395,-0.04534693862182315
tanker_shipping,2024-02-23,-0.0642890276316756,0.02548719264949836,-0.08977622028117394
tanker_shipping,2024-03-01,-0.006805376736870882,0.0529016277137577,-0.05970700445062855
tanker_shipping,2024-03-08,0.008278094697958562,0.01469220321277776,-0.00641410851481917
tanker_shipping,2024-03-15,-0.0018091053133750604,0.020948524085753893,-0.022757629399128926
tanker_shipping,2024-03-22,0.042480966714654275,0.026712182977179234,0.015768783737475076
tanker_shipping,2024-03-29,0.03368138451743581,0.010753472087408927,0.022927912430026915
tanker_shipping,2024-04-05,0.054591798089659485,0.04217854916612952,0.012413248923529994
tanker_shipping,2024-04-12,0.008653897162126487,0.028770893029373502,-0.02011699586724698
tanker_shipping,2024-04-19,-0.005178177763634296,0.00468678924011157,-0.009864967003745836
tanker_shipping,2024-04-26,0.022722446649993486,0.020850209826254976,0.001872236823738542
tanker_shipping,2024-05-03,0.02037484105210355,-0.016235573129585474,0.036610414181689054
tanker_shipping,2024-05-10,0.12029928646825264,-0.007752080377704317,0.12805136684595697
tanker_shipping,2024-05-17,0.16262458182093656,0.017981974825757353,0.14464260699517922
tanker_shipping,2024-05-24,0.1556406259055971,-0.01094221240122373,0.16658283830682086
tanker_shipping,2024-05-31,0.13769683246109016,0.004735517288274171,0.132961315172816
tanker_shipping,2024-06-07,0.020773993180990963,-0.02064642144509013,0.04142041462608112
tanker_shipping,2024-06-14,-0.0676572248008742,-0.026934581744947176,-0.04072264305592701
tanker_shipping,2024-06-21,-0.04397346187094582,-0.0024723776304951418,-0.04150108424045067
tanker_shipping,2024-06-28,-0.03242339548742122,0.004572300543019381,-0.03699569603044058
tanker_shipping,2024-07-05,-0.009064050038236845,0.02607605078543516,-0.03514010082367199
tanker_shipping,2024-07-12,0.0037250876706430083,0.033137505007467434,-0.029412417336824412
tanker_shipping,2024-07-19,-0.03982660005216211,-0.006669350077342654,-0.03315724997481943
tanker_shipping,2024-07-26,-0.06269209184054711,-0.03504885715498028,-0.027643234685566807
tanker_shipping,2024-08-02,-0.09096302388269577,-0.10424212110822456,0.013279097225528818
tanker_shipping,2024-08-09,-0.06885032956199386,-0.09118987513773921,0.022339545575745356
tanker_shipping,2024-08-16,-0.03616324078176515,-0.049447724377465946,0.013284483595700808
tanker_shipping,2024-08-23,-0.03731059273399776,-0.02675743351162637,-0.010553159222371373
tanker_shipping,2024-08-30,0.02682217526114234,0.03961907741976809,-0.01279690215862573
tanker_shipping,2024-09-06,-0.01756924017946942,-0.0495323648609749,0.0319631246815055
tanker_shipping,2024-09-13,-0.03056851415076784,-0.03965174190543941,0.009083227754671592
tanker_shipping,2024-09-20,-0.007303605084700808,-0.010615691980860716,0.00331208689615993
tanker_shipping,2024-09-27,0.0050995022645113006,-0.015110577970111269,0.020210080234622584
tanker_shipping,2024-10-04,0.1014643311266979,0.09801958262192366,0.0034447485047742407
tanker_shipping,2024-10-11,0.05238848088691227,0.07987667411878155,-0.027488193231869254
tanker_shipping,2024-10-18,0.00219761425041215,0.03918902003581784,-0.03699140578540567
tanker_shipping,2024-10-25,-0.10012667790195875,0.04337247071283239,-0.14349914861479113
tanker_shipping,2024-11-01,-0.16989348142323918,-0.010118501786397161,-0.159774979636842
tanker_shipping,2024-11-08,-0.17362529470203553,0.007820814765282052,-0.18144610946731754
tanker_shipping,2024-11-15,-0.15293435856021834,0.0061980264418841635,-0.15913238500210247
tanker_shipping,2024-11-22,-0.06951954944263916,0.024195245524704194,-0.09371479496734333
tanker_shipping,2024-11-29,-0.09488657681158894,0.005136643419490137,-0.10002322023107904
tanker_shipping,2024-12-06,-0.0908692092850025,-0.021537058737775498,-0.069332150547227
tanker_shipping,2024-12-13,-0.07544546782022434,-0.0015303084721933966,-0.07391515934803093
tanker_shipping,2024-12-20,-0.12346717135306694,-0.03525701548117319,-0.08821015587189374
tanker_shipping,2024-12-27,-0.024712281806691584,0.008063376100729313,-0.03277565790742088
tanker_shipping,2025-01-03,0.026333325685656998,0.023465584190142587,0.0028677414955144264
tanker_shipping,2025-01-10,0.12340119269347852,0.022286468863235542,0.10111472383024299
tanker_shipping,2025-01-17,0.13256472217321585,0.03462574353790642,0.09793897863530945
tanker_shipping,2025-01-24,0.03468459731927158,0.026239364861635403,0.00844523245763619
tanker_shipping,2025-01-31,0.04385552197786331,-0.005855976502777777,0.0497114984806411
tanker_shipping,2025-02-07,-0.04655788091403193,-0.020692273677206503,-0.02586560723682541
tanker_shipping,2025-02-14,-0.05618301787894511,-0.023575690225868733,-0.032607327653076376
tanker_shipping,2025-02-21,-0.029218391227310285,-0.04375264762202473,0.014534256394714461
tanker_shipping,2025-02-28,-0.12090673226815177,-0.051265161733479093,-0.06964157053467265
tanker_shipping,2025-03-07,-0.11318653778507884,-0.06386098956798654,-0.04932554821709227
tanker_shipping,2025-03-14,-0.08588094440942266,-0.06889484123655407,-0.016986103172868555
tanker_shipping,2025-03-21,-0.02983138620658725,-0.045869328469109745,0.016037942262522514
tanker_shipping,2025-03-28,0.01512572056862862,-0.03792074014983383,0.05304646071846246
tanker_shipping,2025-04-04,-0.1395875889357278,-0.12547864908565481,-0.014108939850072975
tanker_shipping,2025-04-11,-0.0025638883941145607,-0.05099659664322381,0.048432708249109294
tanker_shipping,2025-04-18,-0.01929691644234667,-0.06112794231737407,0.041831025875027426
tanker_shipping,2025-04-25,0.028994093221579552,-0.023951893390758938,0.052945986612338514
tanker_shipping,2025-05-02,0.20019158122767405,0.08775615255594156,0.11243542867173249
tanker_shipping,2025-05-09,0.08887092824458406,0.03654598761644672,0.052324940628137355
tanker_shipping,2025-05-16,0.12876277377345824,0.075120060903789,0.05364271286966927
tanker_shipping,2025-05-23,0.0559926931634284,0.059352161299715704,-0.0033594681362872844
tanker_shipping,2025-05-30,0.039543099519462235,0.0529450786103606,-0.013401979090898346
tanker_shipping,2025-06-06,0.03174002413030832,0.07468233038955427,-0.04294230625924592
tanker_shipping,2025-06-13,0.04946179105657381,0.07422899784149264,-0.02476720678491881
tanker_shipping,2025-06-20,0.07407623948395109,0.07296410024689254,0.0011121392370585861
tanker_shipping,2025-06-27,0.01787281720259601,0.05689173894153235,-0.03901892173893631
tanker_shipping,2025-07-04,0.04077572006943481,0.03977353969204636,0.001002180377388466
tanker_shipping,2025-07-11,0.0036504769223165943,0.021344649135929754,-0.01769417221361314
tanker_shipping,2025-07-18,-0.008085572894496035,0.031243295787455903,-0.039328868681951915
tanker_shipping,2025-07-25,0.050295084707147,0.04683825791183976,0.003456826795307273
tanker_shipping,2025-08-01,0.019476173603423262,0.002016019353353625,0.017460154250069658
tanker_shipping,2025-08-08,0.02166290014927276,-0.004765197864995019,0.026428098014267803
tanker_shipping,2025-08-15,0.033866312826633535,-0.016080464411152802,0.04994677723778637
tanker_shipping,2025-08-22,0.0818091643581565,-0.009999119475196685,0.0918082838333532
tanker_shipping,2025-08-29,0.09132660961565472,0.01606782609485562,0.07525878352079912
tanker_shipping,2025-09-05,0.08806360671258484,-0.014399547016964543,0.1024631537295494
tanker_shipping,2025-09-12,0.09964082734605316,-0.0011422951746134155,0.10078312252066658
tanker_shipping,2025-09-19,0.044983523988877866,0.02758108119357881,0.01740244279529908
tanker_shipping,2025-09-26,0.025305847714562027,0.038598228896461445,-0.0132923811818994
tanker_shipping,2025-10-03,-0.016381561056984628,0.03953406535671327,-0.05591562641369788
tanker_shipping,2025-10-10,-0.0778864572305559,0.010160648025752814,-0.0880471052563087
tanker_shipping,2025-10-17,-0.03934287713867719,-0.021386934082203986,-0.017955943056473182
tanker_shipping,2025-10-24,0.006523527123542573,-0.015143949954799809,0.021667477078342403
tanker_shipping,2025-10-31,0.06921498943805122,0.02259945817025811,0.04661553126779314
tanker_shipping,2025-11-07,0.12675287716242947,0.006088497757193487,0.12066437940523599
tanker_shipping,2025-11-14,0.1033851258328895,0.004098934287105208,0.09928619154578432
tanker_shipping,2025-11-21,0.06800657185502673,-0.04489817763566094,0.11290474949068768
tanker_shipping,2025-11-28,-0.0169878621352212,-0.04075254908301336,0.023764686947792185
tanker_shipping,2025-12-05,-0.025144175638237426,0.014363348395409734,-0.03950752403364714
tanker_shipping,2025-12-12,-0.08330691922842909,-0.0016659569691815507,-0.08164096225924752
tanker_shipping,2025-12-19,-0.09669985093943462,0.022063769723420563,-0.11876362066285516
tanker_shipping,2025-12-26,-0.060431071491800464,0.005867357182353841,-0.06629842867415428
tanker_shipping,2026-01-02,-0.07112592851786045,-0.014390821965723855,-0.05673510655213658
tanker_shipping,2026-01-09,0.06975855489544949,0.03373595717719829,0.03602259771825123
tanker_shipping,2026-01-16,0.10775222235586013,0.0618930562279995,0.04585916612786066
tanker_shipping,2026-01-23,0.11476126166503034,0.0648289551049352,0.049932306560095174
tanker_shipping,2026-01-30,0.1807599325585624,0.08273296592143388,0.09802696663712854
tanker_shipping,2026-02-06,0.1057276737908725,0.035155298253668844,0.07057237553720366
tanker_shipping,2026-02-13,0.1318086165119961,-0.0012530644623158747,0.13306168097431198
tanker_shipping,2026-02-20,0.19254959678170525,0.016789396063774702,0.17576020071793058
tanker_shipping,2026-02-27,0.21825767921611938,-0.014120009916185831,0.23237768913230525
tanker_shipping,2026-03-06,0.16245162590258194,0.05020012110909423,0.1122515047934877
tanker_shipping,2026-03-13,0.010194432040846801,0.08358699727860189,-0.07339256523775507
tanker_shipping,2026-03-20,0.00395574692219873,0.05832858378895096,-0.05437283686675223
tanker_shipping,2026-03-27,-0.02028713241429446,0.06514578324402841,-0.08543291565832287
tanker_shipping,2026-04-03,0.05116690786516792,0.042707792702517386,0.008459115162650545
tanker_shipping,2026-04-10,0.11861216720160772,0.032482589765217694,0.08612957743639
tanker_shipping,2026-04-17,0.09147457958870081,0.030243844835533315,0.061230734753167496
tanker_shipping,2026-04-24,0.046461581101523756,0.060282448679553416,-0.013820867578029656
tanker_shipping,2026-05-01,0.057026175191057675,0.059228988254223236,-0.002202813063165554
tanker_shipping,2026-05-08,0.09689592776827913,0.06556879368451606,0.03132713408376307
coal,2021-06-04,0.2684781562242942,0.006441146407225519,0.26203700981706873
coal,2021-06-11,0.26385883684006,0.03347693240583628,0.2303819044342237
coal,2021-06-18,0.20122398173351985,-0.0031214102890732426,0.20434539202259308
coal,2021-06-25,0.16155650169400562,0.03110542991376337,0.13045107178024223
coal,2021-07-02,0.07460842997768624,-0.006081543920318238,0.08068997389800447
coal,2021-07-09,0.11233871840130256,-0.03323320323311654,0.14557192163441912
coal,2021-07-16,0.08074677426498542,-0.030992984293846643,0.11173975855883209
coal,2021-07-23,0.14428625318246624,-0.06340725030815995,0.2076935034906262
coal,2021-07-30,0.1867309144011105,-0.03894070180776638,0.22567161620887688
coal,2021-08-06,0.10190773114004589,-0.047066099973738604,0.14897383111378448
coal,2021-08-13,0.2704182799175751,-0.017122506766909146,0.28754078668448424
coal,2021-08-20,0.09789802957558112,-0.05675757774846467,0.1546556073240458
coal,2021-08-27,0.15488375079945588,-0.016328721961794794,0.17121247276125068
coal,2021-09-03,0.19713845489327164,0.06407202577317277,0.13306642912009892
coal,2021-09-10,0.23092081144446203,0.09543871322757363,0.13548209821688842
coal,2021-09-17,0.1790174174816439,0.12680036043723614,0.052217057044407794
coal,2021-09-24,0.005061615323798251,0.06159772914197538,-0.056536113818177094
coal,2021-10-01,0.08244825309861029,0.03054109891891733,0.05190715417969298
coal,2021-10-08,0.083469565026435,0.016203527592523505,0.06726603743391153
coal,2021-10-15,0.1870026620831929,0.06815422300773191,0.11884843907546103
coal,2021-10-22,0.1476078444826343,0.09756395841240924,0.0500438860702251
coal,2021-10-29,-0.09075381470914222,0.0454785001519843,-0.1362323148611265
coal,2021-11-05,-0.22043240085676508,0.03585305930247859,-0.25628546015924364
coal,2021-11-12,-0.20692570942342048,-0.00129161858165135,-0.2056340908417691
coal,2021-11-19,-0.2485332198938689,-0.05949707787815853,-0.18903614201571034
coal,2021-11-26,-0.13706070453393374,-0.06788378273913889,-0.0691769217947948
coal,2021-12-03,-0.13475211727724415,-0.1128136631945743,-0.02193845408266981
coal,2021-12-10,-0.15583757257163586,-0.10112259728803741,-0.05471497528359841
coal,2021-12-17,0.041765034388610386,-0.08989918090148738,0.1316642152900978
coal,2021-12-24,0.06285812699235219,-0.01921522954531619,0.0820733565376684
coal,2021-12-31,0.09548263276919623,0.031166106167104114,0.06431652660209215
coal,2022-01-07,0.1993541328896919,0.043458649553758666,0.15589548333593328
coal,2022-01-14,0.21957404851815782,0.07363931844499153,0.14593473007316632
coal,2022-01-21,-0.0060351448477520275,0.0001839436053462304,-0.006219088453098237
coal,2022-01-28,0.06452290168321187,-0.002553802649919723,0.06707670433313162
coal,2022-02-04,0.05610714613160174,0.0004175053154955241,0.05568964081610624
coal,2022-02-11,0.12121867233429467,0.02365581177290065,0.09756286056139404
coal,2022-02-18,0.24170890286703395,0.03595678018313031,0.20575212268390367
coal,2022-02-25,0.1871946745712635,0.06244902359706929,0.12474565097419421
coal,2022-03-04,0.32590436659763367,0.1628634829367957,0.16304088366083802
coal,2022-03-11,0.0915175710986443,0.13865924592367923,-0.04714167482503494
coal,2022-03-18,0.10709622234093237,0.15453008651517214,-0.04743386417423974
coal,2022-03-25,0.2543781630774369,0.20802033815647736,0.04635782492095953
coal,2022-04-01,0.023420131093058984,-0.04686757541483695,0.07028770650789598
coal,2022-04-08,0.11146431637541235,-0.03683276439669729,0.14829708077210968
coal,2022-04-15,0.3177378576677391,0.03281953402433762,0.28491832364340147
coal,2022-04-22,-0.01186130987933981,-0.12518839470844456,0.11332708482910477
coal,2022-04-29,0.07304241443161119,-0.026586503995860277,0.0996289184274715
coal,2022-05-06,0.11755923415786976,-0.000730066815063754,0.11828930097293354
coal,2022-05-13,-0.11636934820079532,-0.09989324350125009,-0.016476104699545198
coal,2022-05-20,0.09469312300317513,-0.014459123712860046,0.10915224671603521
coal,2022-05-27,0.11326554093067935,0.047286758747404525,0.06597878218327485
coal,2022-06-03,0.07668399400425158,0.045805220567800856,0.030878773436450752
coal,2022-06-10,0.11503128887857782,0.09134288362827953,0.023688405250298326
coal,2022-06-17,-0.059106494210810184,-0.040557335972821254,-0.018549158237988913
coal,2022-06-24,-0.11017533492976143,-0.08837426405554544,-0.021801070874215976
coal,2022-07-01,-0.14273426268587114,-0.12971138871661841,-0.013022873969252698
coal,2022-07-08,-0.08269764983253639,-0.14668399310203742,0.06398634326950105
coal,2022-07-15,0.12242381314659748,-0.07308802593780797,0.19551183908440548
coal,2022-07-22,0.06834719336732056,-0.09084144125118723,0.15918863461850782
coal,2022-07-29,0.13228191961229707,-0.03518698426085164,0.16746890387314872
coal,2022-08-05,0.08341478621553863,-0.07608358094483207,0.15949836716037072
coal,2022-08-12,0.13664766572974624,-0.008618075441122357,0.1452657411708686
coal,2022-08-19,0.23347469541773191,-0.044010803092488435,0.27748549851022036
coal,2022-08-26,0.22876310208086914,-0.06276438885704562,0.2915274909379148
coal,2022-09-02,0.18926507473615697,-0.03394969532001334,0.22321477005617033
coal,2022-09-09,0.025652023599544257,-0.028909578956133837,0.05456160255567813
coal,2022-09-16,-0.13379843079515313,-0.011327289348437693,-0.12247114144671542
coal,2022-09-23,-0.2553604977810008,-0.09754281948319163,-0.15781767829780918
coal,2022-09-30,-0.07718567027067949,-0.05955311913054717,-0.01763255114013229
coal,2022-10-07,0.05175491008765823,-0.01612656094883251,0.06788147103649077
coal,2022-10-14,0.0831858506932186,-0.039780200196274644,0.12296605088949325
coal,2022-10-21,0.10880966071171128,0.052202528910112546,0.056607131801598765
coal,2022-10-28,0.0028374859793694647,0.0443280590240123,-0.041490573044642806
coal,2022-11-04,-0.0139976539770163,-0.004328083170540554,-0.009669570806475708
coal,2022-11-11,-0.036287905529877165,0.05869586007135866,-0.09498376560123578
coal,2022-11-18,0.022342072233385368,-0.03956622678053493,0.06190829901392034
coal,2022-11-25,0.09017851563001505,-0.05773982693949574,0.14791834256951084
coal,2022-12-02,0.08239611893387655,-0.07285008231809464,0.15524620125197125
coal,2022-12-09,0.06274202129467371,-0.12955658276078688,0.19229860405546065
coal,2022-12-16,0.05375393010008889,-0.0638761999188046,0.11763013001889353
coal,2022-12-23,0.005905822414749323,-0.020778143026784116,0.02668396544153348
coal,2022-12-30,-0.14713525975948508,-0.022046497614641464,-0.12508876214484357
coal,2023-01-06,-0.05169347476969268,0.01404891124257248,-0.06574238601226512
coal,2023-01-13,-0.06382395676427895,0.048756315170288306,-0.11258027193456721
coal,2023-01-20,-0.08110707276632131,0.025586827512829886,-0.10669390027915114
coal,2023-01-27,-0.02672173743238556,0.02518644699860935,-0.05190818443099486
coal,2023-02-03,0.008110472326770948,0.00223642440196211,0.0058740479248088895
coal,2023-02-10,-0.01599403630039261,0.004880907839792052,-0.020874944140184606
coal,2023-02-17,-0.025483328560138747,-0.024738690613831008,-0.0007446379463076913
coal,2023-02-24,-0.020128155553342394,-0.037064719232108925,0.01693656367876658
coal,2023-03-03,0.03733696878181362,0.03582306995405115,0.001513898827762504
coal,2023-03-10,-0.03386342041733016,-0.0636314805781931,0.029768060160862954
coal,2023-03-17,-0.11035893199388029,-0.09969160266601505,-0.010667329327865196
coal,2023-03-24,-0.04113862198690493,-0.09307921634296554,0.05194059435606064
coal,2023-03-31,-0.07845627257286486,-0.07286289324208475,-0.005593379330780052
coal,2023-04-07,0.019683745451839103,-0.00903084773456115,0.028714593186400305
coal,2023-04-14,0.09890516204859776,0.07486208211127438,0.024043079937323436
coal,2023-04-21,0.039130454059113445,0.049002098841298275,-0.00987164478218477
coal,2023-04-28,-0.0034784479234154994,-0.00475246955186261,0.001274021628447173
coal,2023-05-05,-0.00822207650417343,-0.03263275205463932,0.024410675550465954
coal,2023-05-12,-0.06699084603035839,-0.06379358727100266,-0.003197258759355656
coal,2023-05-19,-0.06903242065896364,-0.02723196165810194,-0.04180045900086162
coal,2023-05-26,-0.12401721522513484,-0.030368902866727148,-0.09364831235840762
coal,2023-06-02,-0.12375064021853725,0.009597235795928062,-0.13334787601446524
coal,2023-06-09,-0.025844077467611547,0.0217182627015788,-0.047562340169190274
coal,2023-06-16,0.028341089875549,0.029084449080560473,-0.0007433592050114027
coal,2023-06-23,0.07483482986862108,0.0032184003803755745,0.07161642948824558
coal,2023-06-30,0.11453278105266482,-0.001639565983081702,0.11617234703574658
coal,2023-07-07,0.0752170397370654,-0.001233081052921239,0.0764501207899867
coal,2023-07-14,0.002590528891378563,-0.009423887110833749,0.012014416002212383
coal,2023-07-21,0.051765411065963884,0.022363922179217413,0.029401488886746534
coal,2023-07-28,0.03095171500157571,0.0358067251717701,-0.004855010170194331
coal,2023-08-04,0.0349008974852429,0.04691810018641981,-0.012017202701176843
coal,2023-08-11,0.14694158406290575,0.052175084835788046,0.09476649922711777
coal,2023-08-18,0.09978346503450003,0.03424107951315656,0.06554238552134352
coal,2023-08-25,0.07946683526592639,0.016861629295857494,0.06260520597006895
coal,2023-09-01,0.09506282294947652,0.03587820312728643,0.05918461982219014
coal,2023-09-08,0.03735697650126346,0.03565812242326468,0.0016988540779988327
coal,2023-09-15,0.09331193885164892,0.09817946096157851,-0.004867522109929537
coal,2023-09-22,0.08238417403550441,0.08594205932402987,-0.0035578852885254156
coal,2023-09-29,0.1413831544580078,0.06352608831937201,0.07785706613863586
coal,2023-10-06,0.11043794699332807,0.014974715336917091,0.09546323165641102
coal,2023-10-13,0.09023624025136284,-0.021183397929779822,0.1114196381811427
coal,2023-10-20,0.09200510331448629,-0.003932973416029084,0.09593807673051542
coal,2023-10-27,-0.019865206566184852,-0.05208517217197893,0.032219965605794106
coal,2023-11-03,-0.003564059774477029,-0.020137794949574003,0.016573735175097006
coal,2023-11-10,-0.08683422371670649,-0.041241021469757944,-0.04559320224694852
coal,2023-11-17,-0.04405108749523594,-0.04106592292953469,-0.00298516456570121
coal,2023-11-24,-0.00803351445060204,0.000525920315182558,-0.00855943476578457
coal,2023-12-01,0.03042110892359191,-0.00012643684980694937,0.03054754577339889
coal,2023-12-08,-0.007774266500500032,-0.00667486657108681,-0.0010993999294131931
coal,2023-12-15,-0.05158252501665101,-0.01950981373865884,-0.03207271127799215
coal,2023-12-22,-0.022861349046815443,-0.008738162346465843,-0.014123186700349573
coal,2023-12-29,-0.04339464007006597,-0.013002644468584876,-0.03039199560148107
coal,2024-01-05,0.07633235291947761,0.001272058044080167,0.07506029487539748
coal,2024-01-12,0.04247161423783938,0.0484217328736834,-0.005950118635843993
coal,2024-01-19,0.04353881530730643,0.03401952266424916,0.009519292643057307
coal,2024-01-26,0.025410291791947363,0.04637743597385369,-0.020967144181906285
coal,2024-02-02,-0.029815944683211172,0.04678621731914517,-0.0766021620023563
coal,2024-02-09,-0.06053358759957316,0.011094276956493846,-0.07162786455606697
coal,2024-02-16,-0.13599171040033903,0.012099405636106376,-0.14809111603644534
coal,2024-02-23,-0.11710165398486609,-0.012950176090232145,-0.10415147789463389
coal,2024-03-01,-0.06967097162356017,0.010955184004118688,-0.08062615562767882
coal,2024-03-08,0.0669542334304872,-0.009655834028572024,0.07661006745905928
coal,2024-03-15,0.0067204020944253845,-0.004518579360821796,0.011238981455247238
coal,2024-03-22,0.022487416951863716,0.018427055290130414,0.004060361661733354
coal,2024-03-29,-0.009024874045196982,0.003506946309254898,-0.012531820354451832
coal,2024-04-05,-0.07312522061626085,0.057611636855871284,-0.13073685747213207
coal,2024-04-12,0.0221350067725936,0.046232483688024115,-0.024097476915430478
coal,2024-04-19,0.01731660984947536,0.008393678187100719,0.008922931662374685
coal,2024-04-26,0.017063996884888914,0.021279030740520913,-0.004215033855631961
coal,2024-05-03,0.024327735420079884,-0.04236250151932751,0.06669023693940743
coal,2024-05-10,0.021880375983516394,-0.032476543025369134,0.05435691900888557
coal,2024-05-17,0.0402680814201633,0.00952522789659545,0.030742853523567894
coal,2024-05-24,0.08302087616097559,-0.030119217042137533,0.11314009320311316
coal,2024-05-31,0.1399307264622262,-0.009378521743772144,0.1493092482059984
coal,2024-06-07,0.10257696977096513,-0.045651371230001854,0.14822834100096702
coal,2024-06-14,0.03634584003415806,-0.05140937806200051,0.08775521809615862
coal,2024-06-21,-0.017899438190242076,-0.011405090248474078,-0.00649434794176796
coal,2024-06-28,-0.04561091174627052,-0.010271168007946002,-0.035339743738324506
coal,2024-07-05,0.014139455193622506,0.026939322706905043,-0.012799867513282506
coal,2024-07-12,0.03768400437148074,0.03401973311468746,0.003664271256793316
coal,2024-07-19,0.05138768758412316,-0.027691616521060485,0.07907930410518368
coal,2024-07-26,0.008208361117488398,-0.05978328252749793,0.06799164364498636
coal,2024-08-02,-0.06928545768694176,-0.1386712157249945,0.06938575803805277
coal,2024-08-09,-0.045955677529413666,-0.12879307286474204,0.08283739533532841
coal,2024-08-16,-0.03325104832019436,-0.07363987822931081,0.040388829909116485
coal,2024-08-23,-0.006900034078736192,-0.03786350781746888,0.03096347373873272
coal,2024-08-30,0.06813350288992326,0.027600113699182662,0.040533389190740635
coal,2024-09-06,-0.03523984951141998,-0.06566348909744754,0.030423639586027597
coal,2024-09-13,-0.00924910910525633,-0.04679725215423983,0.03754814304898353
coal,2024-09-20,0.018850805677420007,-0.02024636079221402,0.03909716646963407
coal,2024-09-27,0.05551207850757375,-0.009419484598949611,0.0649315631065234
coal,2024-10-04,0.15438126261224797,0.11099105793969524,0.043390204672552724
coal,2024-10-11,0.1392039008467637,0.08117217066470375,0.05803173018205997
coal,2024-10-18,0.057458483224093894,0.047464684286674386,0.009993798937419529
coal,2024-10-25,-0.0012299702452881305,0.035060214255258196,-0.0362901845005463
coal,2024-11-01,0.029203538234696007,-0.027941621012340316,0.057145159247036344
coal,2024-11-08,0.08144367383091874,-0.015521587799222199,0.09696526163014096
coal,2024-11-15,0.10362089085082801,-0.020724259245657684,0.12434515009648572
coal,2024-11-22,0.15107180350384095,0.0151384597329812,0.13593334377085978
coal,2024-11-29,0.057569457109493884,0.006591071138567706,0.05097838597092623
coal,2024-12-06,-0.10092092095976254,-0.014930358785525859,-0.08599056217423665
coal,2024-12-13,-0.08791779549865175,-0.020559699237978967,-0.06735809626067273
coal,2024-12-20,-0.20911699127687533,-0.06904772689986473,-0.14006926437701056
coal,2024-12-27,-0.1681691159330534,-0.03610795463144539,-0.13206116130160797
coal,2025-01-03,-0.059620389382264403,-0.0040589716172581,-0.05556141776500627
coal,2025-01-10,-0.11144719704227846,0.00928115576794051,-0.12072835281021893
coal,2025-01-17,-0.01776684621889239,0.03995334426064534,-0.05772019047953769
coal,2025-01-24,0.009862302524620373,0.03496048085404289,-0.02509817832942248
coal,2025-01-31,-0.06976143036827134,-0.0195082118709756,-0.05025321849729571
coal,2025-02-07,-0.09945792524677538,-0.02563892208857289,-0.07381900315820247
coal,2025-02-14,-0.12922968473030108,-0.04700435694140331,-0.08222532778889774
coal,2025-02-21,-0.18566596174918848,-0.0724871121771266,-0.11317884957206183
coal,2025-02-28,-0.17680076094225894,-0.06838493814206598,-0.10841582280019296
coal,2025-03-07,-0.17404896234375972,-0.08388043493721115,-0.09016852740654856
coal,2025-03-14,-0.10555363089060515,-0.08072576332500253,-0.02482786756560261
coal,2025-03-21,-0.04005741475848559,-0.04587435605069258,0.005816941292207011
coal,2025-03-28,0.016557941603727637,-0.04435232616420061,0.06091026776792827
coal,2025-04-04,-0.07405006868227326,-0.10806686905607411,0.03401680037380088
coal,2025-04-11,-0.0070332600514037,-0.04979372803124987,0.04276046797984619
coal,2025-04-18,-0.007361043807173284,-0.06432109888871893,0.056960055081545655
coal,2025-04-25,-0.03606343047151066,-0.02203674129613279,-0.01402668917537786
coal,2025-05-02,0.14440830776406313,0.07275813220062698,0.07165017556343614
coal,2025-05-09,0.0026419138342816846,0.03694649119223205,-0.03430457735795034
coal,2025-05-16,0.04741219967141615,0.059290978535283714,-0.01187877886386754
coal,2025-05-23,0.01462240940535671,0.07569339874809596,-0.06107098934273921
coal,2025-05-30,-0.016345236931708897,0.06336323221866769,-0.07970846915037655
coal,2025-06-06,-0.013700374758918098,0.0776058892073018,-0.09130626396621985
coal,2025-06-13,-0.03894441586158368,0.10238372010309668,-0.14132813596468033
coal,2025-06-20,-0.017357601481779512,0.07731599222366439,-0.09467359370544387
coal,2025-06-27,-0.026080602467153477,0.05777403695078636,-0.0838546394179398
coal,2025-07-04,0.06801227597376454,0.03809264678310965,0.029919629190654932
coal,2025-07-11,0.061981163086052504,0.0035288492551918144,0.05845231383086073
coal,2025-07-18,0.09386330995019374,0.018553194433908377,0.0753101155162854
coal,2025-07-25,0.16958864409569233,0.037999070940424616,0.13158957315526776
coal,2025-08-01,0.034622854471082855,-0.0054561068880272165,0.0400789613591101
coal,2025-08-08,0.025827650755827648,-0.004383849847544353,0.030211500603372028
coal,2025-08-15,-0.00870002322931436,-0.03118575001771972,0.022485726788405387
coal,2025-08-22,-0.07920740376331425,-0.026603604268536776,-0.052603799494777455
coal,2025-08-29,-0.005714979785488676,0.010371568191511324,-0.016086547976999967
coal,2025-09-05,-8.342063428907337e-05,-0.014504094115330619,0.014420673481041583
coal,2025-09-12,0.00045922926955347873,0.005564863216472525,-0.005105633946919014
coal,2025-09-19,0.12653170951726475,0.05179014982678084,0.07474155969048396
coal,2025-09-26,0.17221925924994871,0.05152930048329989,0.12068995876664887
coal,2025-10-03,0.26133135310875877,0.0572727950418223,0.20405855806693649
coal,2025-10-10,0.2981594473628312,0.04248556539622888,0.25567388196660235
coal,2025-10-17,0.16766909798897073,-0.006718653062005864,0.1743877510509766
coal,2025-10-24,0.03596512016351436,-0.011332955865672033,0.0472980760291864
coal,2025-10-31,-0.10419274348310273,0.021537051272389883,-0.1257297947554926
coal,2025-11-07,-0.031473368873201485,-0.028955651194659253,-0.0025177176785421973
coal,2025-11-14,-0.034338853860845044,-0.04705121691875753,0.012712363057912509
coal,2025-11-21,-0.037608676910366866,-0.0732499961053385,0.035641319194971655
coal,2025-11-28,0.009979406841155829,-0.06612478910486551,0.07610419594602136
coal,2025-12-05,-0.03989702375468082,0.0044929163464652346,-0.04438994010114601
coal,2025-12-12,0.0025404504361865024,0.005907966276027396,-0.003367515839840865
coal,2025-12-19,0.09203753464520835,0.027589513617409668,0.06444802102779872
coal,2025-12-26,0.05835015656057424,0.0033169687490655847,0.055033187811508684
coal,2026-01-02,0.03057720462909952,-0.012205008533144102,0.04278221316224365
coal,2026-01-09,0.09441918488524162,0.03772445007964061,0.05669473480560103
coal,2026-01-16,0.10055469570823741,0.07477509636571526,0.02577959934252217
coal,2026-01-23,0.12713391983754857,0.0918076431184392,0.03532627671910937
coal,2026-01-30,0.07364057701034198,0.08142432681210476,-0.00778374980176276
coal,2026-02-06,0.023184001891061255,0.0208383627168571,0.0023456391742041754
coal,2026-02-13,-0.0098581161433898,-0.021946074941929003,0.012087958798539224
coal,2026-02-20,-0.051667734608256355,-0.02357137128627307,-0.02809636332198326
coal,2026-02-27,-0.04281074636533804,-0.03194716991657389,-0.01086357644876413
coal,2026-03-06,-0.03709427821601993,0.059365104154222276,-0.09645938237024218
coal,2026-03-13,0.04717423603941054,0.11573883520934962,-0.06856459916993907
coal,2026-03-20,0.12359736260004034,0.11085616034118087,0.012741202258859496
coal,2026-03-27,0.21272450789599004,0.13761562764472,0.07510888025127009
coal,2026-04-03,0.09554181106841775,0.15168912515406024,-0.05614731408564248
coal,2026-04-10,-0.1069331794305364,0.04958808283492228,-0.15652126226545865
coal,2026-04-17,-0.23582584569177123,-0.0244937650543603,-0.2113320806374109
coal,2026-04-24,-0.27495824152567333,0.02405595085537919,-0.29901419238105253
coal,2026-05-01,-0.16337368637479058,-0.0034792448290418346,-0.15989444154574872
coal,2026-05-08,-0.06235142600150427,0.0876003538109224,-0.14995177981242666
power_utilities_regulated_ldc,2021-06-04,-0.016911358920629886,0.0012005164163232515,-0.018111875336953142
power_utilities_regulated_ldc,2021-06-11,0.018000156373639352,0.016642729261235646,0.0013574271124036988
power_utilities_regulated_ldc,2021-06-18,-0.005518888244667744,0.008035392931413811,-0.01355428117608156
power_utilities_regulated_ldc,2021-06-25,0.014226746639463939,0.008888282437565774,0.005338464201898159
power_utilities_regulated_ldc,2021-07-02,-0.007002224031161428,0.014700679902744226,-0.02170290393390566
power_utilities_regulated_ldc,2021-07-09,-0.03642815372130641,0.011582609062935833,-0.04801076278424225
power_utilities_regulated_ldc,2021-07-16,0.021073957295997373,0.017889256456789102,0.0031847008392082675
power_utilities_regulated_ldc,2021-07-23,-0.008297165185375576,0.01904734222707478,-0.027344507412450366
power_utilities_regulated_ldc,2021-07-30,-0.0031083125123652178,0.009156330155560121,-0.012264642667925344
power_utilities_regulated_ldc,2021-08-06,0.024037507537996855,0.0070618015120677,0.01697570602592915
power_utilities_regulated_ldc,2021-08-13,0.0164717774201325,0.011312390804445797,0.0051593866156867
power_utilities_regulated_ldc,2021-08-20,0.002341070800442359,0.003861889116054269,-0.0015208183156119187
power_utilities_regulated_ldc,2021-08-27,-0.010259666040634876,0.006046323205667793,-0.016305989246302673
power_utilities_regulated_ldc,2021-09-03,-0.02404493519317421,0.009488862661442318,-0.03353379785461653
power_utilities_regulated_ldc,2021-09-10,-0.05952493029590192,0.0030761755561895445,-0.06260110585209146
power_utilities_regulated_ldc,2021-09-17,-0.06666175211827174,-0.00110375504557314,-0.0655579970726986
power_utilities_regulated_ldc,2021-09-24,-0.062180664257697256,-0.007881261220539745,-0.05429940303715751
power_utilities_regulated_ldc,2021-10-01,-0.053409251095834394,-0.020606577926956082,-0.032802673168878305
power_utilities_regulated_ldc,2021-10-08,0.0005798880961309545,-0.018045927879283132,0.01862581597541409
power_utilities_regulated_ldc,2021-10-15,0.04894693377587866,-0.0027420041606181517,0.051688937936496815
power_utilities_regulated_ldc,2021-10-22,0.0646105409579952,0.006241239538711811,0.0583693014192834
power_utilities_regulated_ldc,2021-10-29,0.03459376238888317,0.022616976524161246,0.01197678586472192
power_utilities_regulated_ldc,2021-11-05,0.04195508982438201,0.03568841500767711,0.006266674816704898
power_utilities_regulated_ldc,2021-11-12,0.015614226910960103,0.017151562084590902,-0.0015373351736307998
power_utilities_regulated_ldc,2021-11-19,0.0028229320616510838,0.011160938048315474,-0.00833800598666439
power_utilities_regulated_ldc,2021-11-26,0.006470352992121319,0.0037235007075509304,0.0027468522845703874
power_utilities_regulated_ldc,2021-12-03,-0.02216685447252466,-0.014701063885738087,-0.007465790586786572
power_utilities_regulated_ldc,2021-12-10,0.025565298299087796,-0.0007874263318996778,0.02635272463098748
power_utilities_regulated_ldc,2021-12-17,0.05238740249449968,-0.0026666161535802103,0.05505401864807989
power_utilities_regulated_ldc,2021-12-24,0.07122422061457082,0.0014834539903934001,0.06974076662417741
power_utilities_regulated_ldc,2021-12-31,0.08755107983378516,0.010810929126329043,0.07674015070745611
power_utilities_regulated_ldc,2022-01-07,0.038887552489664856,-0.013511230564944347,0.0523987830546092
power_utilities_regulated_ldc,2022-01-14,0.013847819601439666,-0.010570587965469275,0.024418407566908946
power_utilities_regulated_ldc,2022-01-21,-0.03149578366544299,-0.03808586609979034,0.006590082434347342
power_utilities_regulated_ldc,2022-01-28,-0.026040691359009018,-0.037200870559370595,0.011160179200361584
power_utilities_regulated_ldc,2022-02-04,-0.03755846354137967,-0.017818523500594957,-0.019739940040784706
power_utilities_regulated_ldc,2022-02-11,-0.03750946866932874,-0.024052880202957833,-0.013456588466370904
power_utilities_regulated_ldc,2022-02-18,-0.014606661942853986,-0.008779737444929254,-0.005826924497924726
power_utilities_regulated_ldc,2022-02-25,0.008189414051141326,-0.010800862247311999,0.018990276298453332
power_utilities_regulated_ldc,2022-03-04,0.07388034198099387,0.017862034087066672,0.0560183078939272
power_utilities_regulated_ldc,2022-03-11,0.057389962108936904,-0.004957007033576547,0.06234696914251345
power_utilities_regulated_ldc,2022-03-18,0.06605081146532556,0.011135029092232919,0.054915782373092636
power_utilities_regulated_ldc,2022-03-25,0.05739980025181944,0.01729118340887385,0.040108616842945595
power_utilities_regulated_ldc,2022-04-01,0.04409189491203063,-0.027177203127864574,0.07126909803989522
power_utilities_regulated_ldc,2022-04-08,0.06490296772487392,-0.01477624351099897,0.07967921123587289
power_utilities_regulated_ldc,2022-04-15,0.06436049957126656,-0.028967201940874886,0.09332770151214147
power_utilities_regulated_ldc,2022-04-22,0.04367283499340637,-0.05546192345793948,0.09913475845134587
power_utilities_regulated_ldc,2022-04-29,-0.03927212865053537,-0.054040252496125936,0.01476812384559057
power_utilities_regulated_ldc,2022-05-06,-0.019617633651421284,-0.04283213597427808,0.023214502322856805
power_utilities_regulated_ldc,2022-05-13,-0.013713334351223249,-0.03764362166680966,0.023930287315586413
power_utilities_regulated_ldc,2022-05-20,-0.0060580962522087355,-0.01863209476007185,0.012573998507863123
power_utilities_regulated_ldc,2022-05-27,0.08408151053960933,0.018921438713460963,0.06516007182614837
power_utilities_regulated_ldc,2022-06-03,0.056909059851780436,0.015018551764588745,0.041890508087191705
power_utilities_regulated_ldc,2022-06-10,0.0342967394509157,-0.010298484939337969,0.04459522439025368
power_utilities_regulated_ldc,2022-06-17,-0.07452248173197452,-0.054125048410176506,-0.02039743332179802
power_utilities_regulated_ldc,2022-06-24,-0.07764848279305783,-0.051464072242279765,-0.02618441055077805
power_utilities_regulated_ldc,2022-07-01,-0.028655045785525635,-0.037877772342210264,0.009222726556684626
power_utilities_regulated_ldc,2022-07-08,-0.05001631838621921,-0.017225413252636837,-0.032790905133582376
power_utilities_regulated_ldc,2022-07-15,0.04529484033641325,0.019929934872274686,0.02536490546413855
power_utilities_regulated_ldc,2022-07-22,0.009956429122677727,0.00917116752961003,0.0007852615930676876
power_utilities_regulated_ldc,2022-07-29,0.02969681674644515,0.030352329474016112,-0.0006555127275709657
power_utilities_regulated_ldc,2022-08-05,0.01864940186183134,0.021023152535376573,-0.0023737506735452413
power_utilities_regulated_ldc,2022-08-12,0.03934764378747614,0.041232997953506476,-0.0018853541660303359
power_utilities_regulated_ldc,2022-08-19,0.054612808703352125,0.014350233123515297,0.04026257557983683
power_utilities_regulated_ldc,2022-08-26,-0.03461304498637052,-0.029004039015581323,-0.005609005970789199
power_utilities_regulated_ldc,2022-09-02,-0.008773757881587692,-0.036397350426698206,0.027623592545110518
power_utilities_regulated_ldc,2022-09-09,-0.020715725055825335,-0.04022273326594174,0.01950700821011641
power_utilities_regulated_ldc,2022-09-16,-0.058064050557451646,-0.055456446449270835,-0.0026076041081808127
power_utilities_regulated_ldc,2022-09-23,-0.06736273205233195,-0.07218804142445862,0.004825309372126661
power_utilities_regulated_ldc,2022-09-30,-0.11887919231701316,-0.06852293625456327,-0.05035625606244989
power_utilities_regulated_ldc,2022-10-07,-0.1425860946841418,-0.06624601279063251,-0.0763400818935093
power_utilities_regulated_ldc,2022-10-14,-0.11178200108174853,-0.05907451291960406,-0.05270748816214446
power_utilities_regulated_ldc,2022-10-21,-0.04200317556327906,-0.01613592684772741,-0.025867248715551655
power_utilities_regulated_ldc,2022-10-28,0.09139571416615805,0.024704423089949457,0.0666912910762086
power_utilities_regulated_ldc,2022-11-04,0.07242918337172369,-0.0017142209148799225,0.0741434042866036
power_utilities_regulated_ldc,2022-11-11,0.08273281899458346,0.05159219801384683,0.03114062098073663
power_utilities_regulated_ldc,2022-11-18,0.07958730150913731,0.034073630046233275,0.04551367146290403
power_utilities_regulated_ldc,2022-11-25,0.06039376214828626,0.02289951526354564,0.037494246884740616
power_utilities_regulated_ldc,2022-12-02,0.04639895824178377,0.0512070929055527,-0.004808134663768934
power_utilities_regulated_ldc,2022-12-09,0.041271709606110075,-0.0006088951982805915,0.04188060480439066
power_utilities_regulated_ldc,2022-12-16,-0.021151171833367836,0.004606806583869927,-0.02575797841723777
power_utilities_regulated_ldc,2022-12-23,-0.03984123963171201,-0.01688306745500643,-0.022958172176705587
power_utilities_regulated_ldc,2022-12-30,-0.00947221117867592,-0.03728042270536647,0.027808211526690538
power_utilities_regulated_ldc,2023-01-06,-0.0002882965004594486,-0.0019353750492520222,0.001647078548792565
power_utilities_regulated_ldc,2023-01-13,0.05309722316201646,0.0153512638404854,0.037745959321531054
power_utilities_regulated_ldc,2023-01-20,0.004646058888002423,0.02223351914995162,-0.017587460261949208
power_utilities_regulated_ldc,2023-01-27,0.02636057611355029,0.03659211503724682,-0.010231538923696546
power_utilities_regulated_ldc,2023-02-03,0.038465436770002547,0.021238112962772865,0.017227323807229668
power_utilities_regulated_ldc,2023-02-10,-0.00822220041016078,-0.003873662783405736,-0.004348537626755059
power_utilities_regulated_ldc,2023-02-17,0.02204902598130727,-0.00742204402201632,0.029471070003323573
power_utilities_regulated_ldc,2023-02-24,0.002667314975801329,-0.031037665989132115,0.033704980964933434
power_utilities_regulated_ldc,2023-03-03,-0.043585407982786206,-0.02738391120997159,-0.016201496772814628
power_utilities_regulated_ldc,2023-03-10,-0.0652189907656843,-0.0225531672376302,-0.04266582352805412
power_utilities_regulated_ldc,2023-03-17,-0.03204120312454516,0.0021678602378816525,-0.03420906336242683
power_utilities_regulated_ldc,2023-03-24,-0.04111588416852996,0.02277663195522452,-0.06389251612375449
power_utilities_regulated_ldc,2023-03-31,-0.0024528639106424915,0.025120221477123415,-0.02757308538776592
power_utilities_regulated_ldc,2023-04-07,0.05627738483474711,0.04036076783681133,0.01591661699793577
power_utilities_regulated_ldc,2023-04-14,-0.00023881693463823767,0.016168692159342083,-0.016407509093980338
power_utilities_regulated_ldc,2023-04-21,0.019524724090341297,0.007091114989655853,0.012433609100685425
power_utilities_regulated_ldc,2023-04-28,-0.03512018560226965,0.007093009057160003,-0.042213194659429666
power_utilities_regulated_ldc,2023-05-05,-0.047057605187927544,-0.0043213253535367875,-0.04273627983439077
power_utilities_regulated_ldc,2023-05-12,-0.03633894236789796,-0.0005493613275428376,-0.03578958104035514
power_utilities_regulated_ldc,2023-05-19,-0.04769212619130005,-2.5287002650786414e-05,-0.04766683918864928
power_utilities_regulated_ldc,2023-05-26,-0.026268530362986292,-0.014741407498410769,-0.011527122864575537
power_utilities_regulated_ldc,2023-06-02,-0.012466091011498615,0.0018218898678295722,-0.0142879808793282
power_utilities_regulated_ldc,2023-06-09,0.01669316734611183,0.0026650218837491694,0.014028145462362644
power_utilities_regulated_ldc,2023-06-16,0.0023529735190300424,0.015040124506588978,-0.012687150987558952
power_utilities_regulated_ldc,2023-06-23,-0.02933127634280507,0.016281517898620614,-0.0456127942414257
power_utilities_regulated_ldc,2023-06-30,-0.022420128166803298,0.008423005024948494,-0.03084313319175181
power_utilities_regulated_ldc,2023-07-07,-0.0589996972465628,-0.006234907792576041,-0.05276478945398677
power_utilities_regulated_ldc,2023-07-14,-0.018940464528085888,0.005539837791766859,-0.024480302319852765
power_utilities_regulated_ldc,2023-07-21,0.041578052856736714,0.01133169004350043,0.030246362813236265
power_utilities_regulated_ldc,2023-07-28,0.007632671980399731,0.004670232238047407,0.002962439742352309
power_utilities_regulated_ldc,2023-08-04,-0.002642695444509166,0.009067812046265363,-0.011710507490774544
power_utilities_regulated_ldc,2023-08-11,-0.021554876201955203,-0.016679288250733542,-0.004875587951221678
power_utilities_regulated_ldc,2023-08-18,-0.06408352512107102,-0.031071393783310166,-0.033012131337760875
power_utilities_regulated_ldc,2023-08-25,-0.054473093265992444,-0.02631795714470039,-0.02815513612129207
power_utilities_regulated_ldc,2023-09-01,-0.019853219275088655,0.0013125576934035037,-0.021165776968492173
power_utilities_regulated_ldc,2023-09-08,-0.032209996709241115,-0.0003184175734686958,-0.03189157913577244
power_utilities_regulated_ldc,2023-09-15,0.016622111343097382,0.012410780432033586,0.004211330911063779
power_utilities_regulated_ldc,2023-09-22,-0.007669600497080445,-0.006728405236001541,-0.0009411952610789247
power_utilities_regulated_ldc,2023-09-29,-0.057370246710446375,-0.03157252880596309,-0.025797717904483302
power_utilities_regulated_ldc,2023-10-06,-0.05857778385645563,-0.03615766040008594,-0.022420123456369706
power_utilities_regulated_ldc,2023-10-13,-0.07713343513724154,-0.027123018893983504,-0.05001041624325804
power_utilities_regulated_ldc,2023-10-20,-0.06412275070083776,-0.03121987145292658,-0.032902879247911174
power_utilities_regulated_ldc,2023-10-27,-0.05122439386438526,-0.03056837021975959,-0.020656023644625685
power_utilities_regulated_ldc,2023-11-03,0.0208603202191776,0.01239905315726874,0.008461267061908837
power_utilities_regulated_ldc,2023-11-10,-0.04148781392741521,0.002399458179000201,-0.04388727210641544
power_utilities_regulated_ldc,2023-11-17,0.024836693809742,0.04126128889045903,-0.016424595080717058
power_utilities_regulated_ldc,2023-11-24,0.04366562058503997,0.051086721103377475,-0.007421100518337529
power_utilities_regulated_ldc,2023-12-01,0.006099542531862616,0.03396828940661036,-0.027868746874747777
power_utilities_regulated_ldc,2023-12-08,0.07006876917344329,0.03434527890607668,0.03572349026736658
power_utilities_regulated_ldc,2023-12-15,0.03276830089071095,0.03770936652570549,-0.004941065634994567
power_utilities_regulated_ldc,2023-12-22,0.07229665165235602,0.03938465760833317,0.03291199404402282
power_utilities_regulated_ldc,2023-12-29,0.044687148082365444,0.028956823520347078,0.01573032456201834
power_utilities_regulated_ldc,2024-01-05,0.035679081779711935,0.016681891388222965,0.01899719039148894
power_utilities_regulated_ldc,2024-01-12,-0.00717134435781272,0.007983599830328685,-0.015154944188141437
power_utilities_regulated_ldc,2024-01-19,-0.06739599352944618,-0.0032080818409381956,-0.06418791168850801
power_utilities_regulated_ldc,2024-01-26,-0.05124682339129942,-0.002095848270852807,-0.04915097512044664
power_utilities_regulated_ldc,2024-02-02,-0.049319932635113875,0.019958851709915036,-0.06927878434502895
power_utilities_regulated_ldc,2024-02-09,-0.024669676777966797,0.003680366838352726,-0.02835004361631955
power_utilities_regulated_ldc,2024-02-16,0.02417180984902779,0.005911997691052115,0.018259812157975647
power_utilities_regulated_ldc,2024-02-23,0.01409712484717105,0.006354190841470608,0.007742934005700412
power_utilities_regulated_ldc,2024-03-01,0.026866729784454632,0.006978395179158789,0.019888334605295814
power_utilities_regulated_ldc,2024-03-08,0.06861565723889768,0.011121337438435111,0.05749431980046253
power_utilities_regulated_ldc,2024-03-15,0.03509669384868538,0.007911184250476537,0.027185509598208812
power_utilities_regulated_ldc,2024-03-22,0.04745684802925728,0.014980847143461918,0.03247600088579534
power_utilities_regulated_ldc,2024-03-29,0.058961893295421564,0.009322984969728547,0.049638908325692996
power_utilities_regulated_ldc,2024-04-05,0.006408466518518067,-0.0021606863657888586,0.008569152884306897
power_utilities_regulated_ldc,2024-04-12,0.003421153467998421,-0.00689535057535699,0.01031650404335538
power_utilities_regulated_ldc,2024-04-19,0.027242513812340295,-0.03577317026500187,0.06301568407734214
power_utilities_regulated_ldc,2024-04-26,-0.0018382897436366725,-0.03211706136059199,0.03027877161695529
power_utilities_regulated_ldc,2024-05-03,0.026164330146000038,-0.013687691165756044,0.03985202131175606
power_utilities_regulated_ldc,2024-05-10,0.055213963300921744,0.0069610249611713184,0.04825293833975039
power_utilities_regulated_ldc,2024-05-17,0.027309699270920543,0.036409123953098935,-0.00909942468217842
power_utilities_regulated_ldc,2024-05-24,-0.012249383805534426,0.024901864588882692,-0.03715124839441715
power_utilities_regulated_ldc,2024-05-31,0.005676082045645448,0.01151988961750403,-0.0058438075718586155
power_utilities_regulated_ldc,2024-06-07,-0.033060325320118523,0.011259769363101553,-0.04432009468322011
power_utilities_regulated_ldc,2024-06-14,-0.05104150393604154,0.014346639419672855,-0.06538814335571443
power_utilities_regulated_ldc,2024-06-21,-0.011156276311517598,0.017028423728677106,-0.02818470004019473
power_utilities_regulated_ldc,2024-06-28,-0.02995196049835988,0.018053213141734695,-0.04800517364009461
power_utilities_regulated_ldc,2024-07-05,-0.009257827419974305,0.02190643614835984,-0.03116426356833417
power_utilities_regulated_ldc,2024-07-12,0.04802371773408988,0.01385595160235311,0.03416776613173674
power_utilities_regulated_ldc,2024-07-19,0.07763130447799652,0.002539076016273286,0.0750922284617232
power_utilities_regulated_ldc,2024-07-26,0.0893214636108809,0.0040199088997659475,0.08530155471111493
power_utilities_regulated_ldc,2024-08-02,0.09664656739627926,0.00041045260734633507,0.0962361147889329
power_utilities_regulated_ldc,2024-08-09,0.020900473765873544,-0.012835474443641377,0.03373594820951489
power_utilities_regulated_ldc,2024-08-16,-0.0006597599031222395,0.015602760925000462,-0.016262520828122726
power_utilities_regulated_ldc,2024-08-23,-0.012392075648445976,0.02646190140467759,-0.038853977053123594
power_utilities_regulated_ldc,2024-08-30,0.001709778452896566,0.013979777039385563,-0.012269998586489021
power_utilities_regulated_ldc,2024-09-06,0.015928794059508866,0.012321523997341901,0.0036072700621669375
power_utilities_regulated_ldc,2024-09-13,0.03979483301624734,0.014621432823955862,0.025173400192291452
power_utilities_regulated_ldc,2024-09-20,0.03570034070453796,0.00895215456335179,0.026748186141186146
power_utilities_regulated_ldc,2024-09-27,0.03477637183781874,0.016989086579962516,0.017787285257856195
power_utilities_regulated_ldc,2024-10-04,0.0413110917738118,0.01437019302010053,0.02694089875371125
power_utilities_regulated_ldc,2024-10-11,-0.0009515829701597367,-0.00442725488684487,0.0034756719166851094
power_utilities_regulated_ldc,2024-10-18,0.01910339713875491,-0.0023451685740643593,0.021448565712819244
power_utilities_regulated_ldc,2024-10-25,-0.00854128098232159,-0.017525579612214452,0.008984298629892837
power_utilities_regulated_ldc,2024-11-01,-0.029580510916122564,-0.01943512615916391,-0.01014538475695868
power_utilities_regulated_ldc,2024-11-08,0.011612256233216763,-7.025138144401213e-05,0.011682507614660748
power_utilities_regulated_ldc,2024-11-15,0.007570517566722123,-0.01927519513664004,0.026845712703362133
power_utilities_regulated_ldc,2024-11-22,0.08024844409901055,0.0021971473520852863,0.07805129674692524
power_utilities_regulated_ldc,2024-11-29,0.1233105537522823,0.02755375431051256,0.09575679944176971
power_utilities_regulated_ldc,2024-12-06,0.03924525007416871,0.013004108453026155,0.02624114162114253
power_utilities_regulated_ldc,2024-12-13,0.0019423793266616762,0.013396812583063454,-0.011454433256401806
power_utilities_regulated_ldc,2024-12-20,-0.08135471596708964,-0.009563294697302709,-0.07179142126978695
power_utilities_regulated_ldc,2024-12-27,-0.08487486475382591,-0.024424631041130684,-0.060450233712695256
power_utilities_regulated_ldc,2025-01-03,-0.023528322660235385,-0.02822773931401962,0.004699416653784214
power_utilities_regulated_ldc,2025-01-10,-0.0319898426087606,-0.029948235093346674,-0.0020416075154139467
power_utilities_regulated_ldc,2025-01-17,0.058260924303437656,0.0021932756134599544,0.05606764868997768
power_utilities_regulated_ldc,2025-01-24,0.03922541214131352,0.008506484628979375,0.030718927512334127
power_utilities_regulated_ldc,2025-01-31,0.04533305557266559,0.0043350838559319555,0.04099797171673362
power_utilities_regulated_ldc,2025-02-07,0.07571155752823207,0.02367853329844786,0.05203302422978418
power_utilities_regulated_ldc,2025-02-14,0.02442218725173259,0.01042345172759934,0.013998735524133235
power_utilities_regulated_ldc,2025-02-21,0.05293363133293447,0.0005291797741119727,0.05240445155882247
power_utilities_regulated_ldc,2025-02-28,0.057338954676360354,0.007502482085616711,0.04983647259074363
power_utilities_regulated_ldc,2025-03-07,0.037044666363997565,-0.012094928073726368,0.049139594437723914
power_utilities_regulated_ldc,2025-03-14,0.03785448578865634,-0.02508820120464193,0.06294268699329825
power_utilities_regulated_ldc,2025-03-21,0.017109663930666662,-0.015255627368385174,0.03236529129905182
power_utilities_regulated_ldc,2025-03-28,0.009383648804897997,-0.026733746480312678,0.03611739528521066
power_utilities_regulated_ldc,2025-04-04,-0.014194121380948957,-0.03362889376209047,0.019434772381141493
power_utilities_regulated_ldc,2025-04-11,-0.009299219923215515,-0.02616766066408332,0.016868440740867786
power_utilities_regulated_ldc,2025-04-18,0.030073765024458958,-0.030711375715553164,0.0607851407400121
power_utilities_regulated_ldc,2025-04-25,0.006921323266597789,-0.0015661234242621037,0.008487446690859872
power_utilities_regulated_ldc,2025-05-02,0.06027136489153268,0.0334309296753639,0.026840435216168766
power_utilities_regulated_ldc,2025-05-09,0.03356851897498658,0.028787036622520364,0.004781482352466193
power_utilities_regulated_ldc,2025-05-16,-0.025579216687050155,0.04383099328060014,-0.06941020996765032
power_utilities_regulated_ldc,2025-05-23,-0.010437826954041246,0.011975851716645395,-0.02241367867068666
power_utilities_regulated_ldc,2025-05-30,-0.024681924993601206,0.011302550135953611,-0.035984475129554834
power_utilities_regulated_ldc,2025-06-06,-0.03139567807560324,0.016646995600636236,-0.04804267367623949
power_utilities_regulated_ldc,2025-06-13,-0.0034310410727390675,0.0042382794250378115,-0.007669320497776901
power_utilities_regulated_ldc,2025-06-20,0.0005825350644122866,0.01635795339834431,-0.015775418333932045
power_utilities_regulated_ldc,2025-06-27,-0.003539725120836375,0.022330740058196772,-0.02587046517903317
power_utilities_regulated_ldc,2025-07-04,0.018652343974526142,0.02464941928313938,-0.005997075308613262
power_utilities_regulated_ldc,2025-07-11,0.02035309426775461,0.01702955815613006,0.0033235361116245275
power_utilities_regulated_ldc,2025-07-18,0.027481635564231468,0.018948410688675858,0.008533224875555589
power_utilities_regulated_ldc,2025-07-25,0.025728972972190286,0.00908865899409985,0.016640313978090415
power_utilities_regulated_ldc,2025-08-01,0.012151970428114145,0.003704511589873688,0.008447458838240435
power_utilities_regulated_ldc,2025-08-08,0.02568958205253683,0.015519799054952016,0.010169782997584793
power_utilities_regulated_ldc,2025-08-15,0.01083343580764565,0.012774270644097278,-0.0019408348364516512
power_utilities_regulated_ldc,2025-08-22,0.029014961258658784,0.008301779990702156,0.020713181267956605
power_utilities_regulated_ldc,2025-08-29,0.028048270611597145,0.01296427945282642,0.015083991158770705
power_utilities_regulated_ldc,2025-09-05,0.003637748490926684,0.01497293834272094,-0.011335189851794278
power_utilities_regulated_ldc,2025-09-12,0.007177532378729556,0.019764587718509894,-0.012587055339780356
power_utilities_regulated_ldc,2025-09-19,-0.015164747269787886,0.020768068772189043,-0.03593281604197694
power_utilities_regulated_ldc,2025-09-26,0.03162860410434824,0.01339414121713266,0.01823446288721557
power_utilities_regulated_ldc,2025-10-03,0.030258433445459053,0.013892044673152557,0.016366388772306468
power_utilities_regulated_ldc,2025-10-10,0.02021783957213556,0.004202214681874582,0.016015624890260954
power_utilities_regulated_ldc,2025-10-17,0.03669488146877955,0.010361802252986552,0.02633307921579297
power_utilities_regulated_ldc,2025-10-24,0.0066506034297288946,0.019571910341964933,-0.012921306912236061
power_utilities_regulated_ldc,2025-10-31,-0.017724443377274718,0.009020452112091817,-0.026744895489366555
power_utilities_regulated_ldc,2025-11-07,0.014140412321596418,0.006260529756924077,0.00787988256467232
power_utilities_regulated_ldc,2025-11-14,0.00839509033385318,-0.007575847968103604,0.015970938301956762
power_utilities_regulated_ldc,2025-11-21,0.018601214614201056,-0.015015161253301159,0.03361637586750219
power_utilities_regulated_ldc,2025-11-28,0.06794019089571403,0.001939580641423147,0.06600061025429087
power_utilities_regulated_ldc,2025-12-05,-0.010339538956053877,0.005645906339024183,-0.015985445295078074
power_utilities_regulated_ldc,2025-12-12,-0.01022346186190093,0.0051833236481882514,-0.015406785510089192
power_utilities_regulated_ldc,2025-12-19,-0.029428818766296314,0.01157431170013232,-0.041003130466428644
power_utilities_regulated_ldc,2025-12-26,-0.04748298630634935,-0.0004717805091626571,-0.04701120579718671
power_utilities_regulated_ldc,2026-01-02,0.0031230926306009535,-0.0011779653783638706,0.004301058008964805
power_utilities_regulated_ldc,2026-01-09,-0.010870735894975773,0.007754468929567302,-0.018625204824543093
power_utilities_regulated_ldc,2026-01-16,0.018036487153323618,0.001125389048024483,0.016911098105299116
power_utilities_regulated_ldc,2026-01-23,0.008840519659998457,-0.0013297967865916547,0.01017031644659009
power_utilities_regulated_ldc,2026-01-30,0.031178825104622235,-0.00135212889261155,0.03253095399723376
power_utilities_regulated_ldc,2026-02-06,0.05431479546367308,-0.005737062786363622,0.06005185825003668
power_utilities_regulated_ldc,2026-02-13,0.07040548824098652,-0.0005584061120224454,0.07096389435300895
power_utilities_regulated_ldc,2026-02-20,0.07500281502530146,8.639989981169566e-05,0.07491641512548974
power_utilities_regulated_ldc,2026-02-27,0.06688894790414587,0.00860501330339554,0.05828393460075031
power_utilities_regulated_ldc,2026-03-06,0.049259257856326476,-0.0034863887494848613,0.052745646605811325
power_utilities_regulated_ldc,2026-03-13,0.018618144671144324,-0.011316202259831683,0.029934346930975995
power_utilities_regulated_ldc,2026-03-20,-0.02444173212453576,-0.03688196324199041,0.012440231117454636
power_utilities_regulated_ldc,2026-03-27,-0.012598543350000931,-0.04879155206190025,0.03619300871189931
power_utilities_regulated_ldc,2026-04-03,0.016342186961580865,-0.0009171243591587983,0.017259311320739656
power_utilities_regulated_ldc,2026-04-10,0.02139722488315874,-0.001431789568853049,0.022829014452011784
power_utilities_regulated_ldc,2026-04-17,0.036750587735966844,0.03796662821505223,-0.001216040479085384
power_utilities_regulated_ldc,2026-04-24,0.009746550278283854,0.052353220779905715,-0.04260667050162187
power_utilities_regulated_ldc,2026-05-01,-0.021187468898352695,0.02392444507555594,-0.04511191397390864
power_utilities_regulated_ldc,2026-05-08,-0.06182689451083183,0.048205971951883586,-0.11003286646271543
downstream_biofuels,2021-06-04,0.009858543103758347,0.012243676629862466,-0.00238513352610413
downstream_biofuels,2021-06-11,0.1878338427593816,0.04154504828340639,0.14628879447597518
downstream_biofuels,2021-06-18,0.14104677521154768,0.03290497321780911,0.10814180199373857
downstream_biofuels,2021-06-25,-0.006261907368157887,0.05448180036760504,-0.060743707735762945
downstream_biofuels,2021-07-02,0.012197070900854541,0.046942991198984554,-0.03474592029813003
downstream_biofuels,2021-07-09,-0.0412976107416507,0.03140842019033337,-0.07270603093198408
downstream_biofuels,2021-07-16,-0.10304820805415793,0.023362847850924726,-0.12641105590508267
downstream_biofuels,2021-07-23,-0.06790977981335972,0.005467251781211949,-0.07337703159457168
downstream_biofuels,2021-07-30,0.0015453289548600507,0.0016136761112374408,-6.834715637738659e-05
downstream_biofuels,2021-08-06,-0.018788157325504415,-0.018304612442818557,-0.0004835448826858574
downstream_biofuels,2021-08-13,0.07916162890664356,0.010632492042651053,0.0685291368639925
downstream_biofuels,2021-08-20,0.00999263741429779,-0.03760816333313485,0.04760080074743265
downstream_biofuels,2021-08-27,0.024351493633169678,-0.00048091660201914077,0.024832410235188812
downstream_biofuels,2021-09-03,-0.005068095741915295,0.03090874506549423,-0.03597684080740953
downstream_biofuels,2021-09-10,-0.012220726833733193,0.019843146783758384,-0.032063873617491585
downstream_biofuels,2021-09-17,-0.024774860473344096,0.05398542154522742,-0.07876028201857152
downstream_biofuels,2021-09-24,-0.0848242335597444,0.02127906539217621,-0.10610329895192061
downstream_biofuels,2021-10-01,0.0033317914154536166,0.009709196100987996,-0.0063774046855343824
downstream_biofuels,2021-10-08,0.011867997577700927,0.03278883763026793,-0.020920840052567016
downstream_biofuels,2021-10-15,0.07938183693848966,0.0524710811697414,0.02691075576874824
downstream_biofuels,2021-10-22,0.08854793929091866,0.053751942228087074,0.03479599706283159
downstream_biofuels,2021-10-29,0.07564645884522056,0.0523457364820355,0.023300722363185054
downstream_biofuels,2021-11-05,0.17253209015283782,0.03722663592942155,0.13530545422341628
downstream_biofuels,2021-11-12,0.07606104608496644,0.011202538414401978,0.06485850767056446
downstream_biofuels,2021-11-19,0.07048449827930055,-0.012795666102094034,0.08328016438139457
downstream_biofuels,2021-11-26,0.004383703280430404,-0.04458719818082286,0.04897090146125324
downstream_biofuels,2021-12-03,-0.06281522654017208,-0.07419408934950847,0.01137886280933638
downstream_biofuels,2021-12-10,0.05434382386008277,-0.029198145134434132,0.08354196899451688
downstream_biofuels,2021-12-17,-0.02537962614195137,-0.04491386937652618,0.019534243234574797
downstream_biofuels,2021-12-24,0.025716812507915267,0.020716603607559857,0.0050002089003553934
downstream_biofuels,2021-12-31,-0.044134177374172065,0.06377759779305947,-0.10791177516723156
downstream_biofuels,2022-01-07,-0.04655840045796701,0.02227945860547784,-0.06883785906344488
downstream_biofuels,2022-01-14,0.011185378252227984,0.0578573965495182,-0.046672018297290244
downstream_biofuels,2022-01-21,-0.09995563921743768,-0.015271117626302295,-0.0846845215911354
downstream_biofuels,2022-01-28,-0.09043243706857929,-0.017571152071921364,-0.07286128499665794
downstream_biofuels,2022-02-04,-0.07467356511166168,0.008953272258541648,-0.08362683737020335
downstream_biofuels,2022-02-11,-0.11329529784185119,-0.0023630627557708964,-0.1109322350860803
downstream_biofuels,2022-02-18,-0.11689756037797439,0.019514496620556397,-0.13641205699853082
downstream_biofuels,2022-02-25,-0.035108028349662194,0.01915956361582412,-0.054267591965486334
downstream_biofuels,2022-03-04,-0.05493641913905343,0.06903742728919371,-0.12397384642824716
downstream_biofuels,2022-03-11,0.039151566408937834,0.03889618414198172,0.00025538226695609456
downstream_biofuels,2022-03-18,0.1499793394380414,0.08519596494038105,0.06478337449766033
downstream_biofuels,2022-03-25,0.11775572108972561,0.10665601548127873,0.011099705608446885
downstream_biofuels,2022-04-01,0.08128389665344282,-0.023674942695012496,0.10495883934845532
downstream_biofuels,2022-04-08,-0.09450522391146894,-0.015908638315941474,-0.07859658559552747
downstream_biofuels,2022-04-15,-0.03323846239315799,-0.02773014612903294,-0.005508316264125054
downstream_biofuels,2022-04-22,-0.10930248713014154,-0.10478731603180746,-0.004515171098334075
downstream_biofuels,2022-04-29,-0.1440902435503882,-0.070253510080346,-0.07383673347004217
downstream_biofuels,2022-05-06,0.06741094914239766,-0.029361497982665366,0.09677244712506303
downstream_biofuels,2022-05-13,-0.008087226550733,-0.06802309060723956,0.05993586405650656
downstream_biofuels,2022-05-20,0.04917272083306032,-0.03629443811911831,0.08546715895217863
downstream_biofuels,2022-05-27,0.0920579630708203,0.041563746080414285,0.05049421699040603
downstream_biofuels,2022-06-03,0.07935762216830303,0.029767249712230187,0.04959037245607285
downstream_biofuels,2022-06-10,0.07800728837989226,0.017325505390249706,0.06068178298964256
downstream_biofuels,2022-06-17,-0.055584002823530154,-0.045208951652164944,-0.010375051171365217
downstream_biofuels,2022-06-24,-0.11811583400691128,-0.07229448728147228,-0.04582134672543902
downstream_biofuels,2022-07-01,-0.12406283704990415,-0.08476927102990968,-0.03929356601999445
downstream_biofuels,2022-07-08,-0.14925630623022587,-0.05592023597334884,-0.09333607025687703
downstream_biofuels,2022-07-15,0.01632603148325861,0.0033117353957509317,0.01301429608750767
downstream_biofuels,2022-07-22,0.09108570821113937,-0.030015760399049386,0.12110146861018875
downstream_biofuels,2022-07-29,0.15565784649469483,0.020852669861184524,0.13480517663351033
downstream_biofuels,2022-08-05,0.17563865617524005,-0.011681262845376256,0.1873199190206163
downstream_biofuels,2022-08-12,0.2061345875200407,0.03374507023140655,0.17238951728863416
downstream_biofuels,2022-08-19,0.14850913439389501,-0.004285812839135657,0.1527949472330307
downstream_biofuels,2022-08-26,0.04790832621952279,-0.06559057311183844,0.11349889933136123
downstream_biofuels,2022-09-02,-0.05508054869533857,-0.07155945253707516,0.016478903841736572
downstream_biofuels,2022-09-09,-0.08900634953928926,-0.08089148211480093,-0.008114867424488349
downstream_biofuels,2022-09-16,-0.14812606498318712,-0.08655939484833164,-0.06156667013485548
downstream_biofuels,2022-09-23,-0.26337405661812485,-0.1234959174846032,-0.13987813913352165
downstream_biofuels,2022-09-30,-0.12005838912706422,-0.08954106457616025,-0.03051732455090398
downstream_biofuels,2022-10-07,-0.15196007321404376,-0.0584206013113566,-0.09353947190268716
downstream_biofuels,2022-10-14,-0.05705635079538317,-0.055859508858963576,-0.0011968419364195917
downstream_biofuels,2022-10-21,0.03282763149989461,0.030387276205753287,0.0024403552941413206
downstream_biofuels,2022-10-28,0.02237384970706379,0.07530301229598549,-0.0529291625889217
downstream_biofuels,2022-11-04,0.0729370353865271,0.014387971911724046,0.05854906347480304
downstream_biofuels,2022-11-11,0.1740528583208818,0.09104881233314371,0.08300404598773806
downstream_biofuels,2022-11-18,0.16369565490416926,0.017916388670551633,0.14577926623361762
downstream_biofuels,2022-11-25,0.1365347669114322,-0.018261776425029658,0.15479654333646187
downstream_biofuels,2022-12-02,0.1186545432030913,0.010847908101165562,0.10780663510192573
downstream_biofuels,2022-12-09,-0.1460497476665788,-0.08379649296213028,-0.06225325470444854
downstream_biofuels,2022-12-16,-0.12362338393731626,-0.04149456992777141,-0.08212881400954487
downstream_biofuels,2022-12-23,-0.10529169309458983,-0.025729202158756508,-0.07956249093583335
downstream_biofuels,2022-12-30,-0.10653176651960031,-0.04752119648172799,-0.059010570037872356
downstream_biofuels,2023-01-06,0.06296697846417053,0.00370165787809296,0.059265320586077544
downstream_biofuels,2023-01-13,0.09901363002641728,0.04827857407191674,0.050735055954500514
downstream_biofuels,2023-01-20,0.03936364984037545,0.04077762540142133,-0.001413975561045902
downstream_biofuels,2023-01-27,0.008986085847215544,0.04980067686173193,-0.04081459101451641
downstream_biofuels,2023-02-03,0.07792529281448392,0.035522336182540803,0.04240295663194309
downstream_biofuels,2023-02-10,0.06083452010089042,0.009705545182389363,0.05112897491850103
downstream_biofuels,2023-02-17,0.0748530667367949,-0.015910454249744233,0.0907635209865391
downstream_biofuels,2023-02-24,0.07032143487175575,-0.03855414884543849,0.10887558371719422
downstream_biofuels,2023-03-03,0.025420634472117756,0.017488412942092163,0.007932221530025579
downstream_biofuels,2023-03-10,-0.09825592906490901,-0.0448106002872073,-0.05344532877770172
downstream_biofuels,2023-03-17,-0.09840166941600087,-0.05967302721566656,-0.038728642200334326
downstream_biofuels,2023-03-24,-0.14010553685393284,-0.026657920697503966,-0.1134476161564289
downstream_biofuels,2023-03-31,-0.14472016230513807,-0.00916098631532445,-0.13555917598981365
downstream_biofuels,2023-04-07,-0.056820405427154705,0.058427086380310175,-0.1152474918074649
downstream_biofuels,2023-04-14,0.0020102406869948602,0.10125746669262535,-0.09924722600563052
downstream_biofuels,2023-04-21,0.04320388927339023,0.06304747480238436,-0.01984358552899415
downstream_biofuels,2023-04-28,0.04356742706548292,0.011523046402784575,0.03204438066269833
downstream_biofuels,2023-05-05,0.019123395681095237,-0.04175833580997425,0.06088173149106948
downstream_biofuels,2023-05-12,-0.011193693438565695,-0.059376966739247104,0.048183273300681395
downstream_biofuels,2023-05-19,-0.003486863085550197,-0.028271071471732807,0.0247842083861826
downstream_biofuels,2023-05-26,0.047724191861182236,-0.028444380561476783,0.07616857242265901
downstream_biofuels,2023-06-02,0.09136809502538623,0.01318398720647982,0.07818410781890639
downstream_biofuels,2023-06-09,0.08630193583554187,0.02195260669746066,0.0643493291380812
downstream_biofuels,2023-06-16,0.07789605486862855,0.03474777221206981,0.043148282656558734
downstream_biofuels,2023-06-23,-0.033704973437166635,0.010374957734146904,-0.04407993117131355
downstream_biofuels,2023-06-30,0.018552752168196247,0.0156733615507579,0.002879390617438332
downstream_biofuels,2023-07-07,0.03819007213555195,0.018309548640144616,0.019880523495407317
downstream_biofuels,2023-07-14,0.02007879243478764,0.018634779578705716,0.001444012856081922
downstream_biofuels,2023-07-21,0.10240936381140935,0.05019001110269039,0.052219352708718955
downstream_biofuels,2023-07-28,0.0699115151129904,0.053081800797004634,0.01682971431598576
downstream_biofuels,2023-08-04,-0.005529419232058526,0.047447642743700724,-0.05297706197575926
downstream_biofuels,2023-08-11,0.04152126730402911,0.02526776698430343,0.01625350031972566
downstream_biofuels,2023-08-18,-0.01983240978706758,-0.005227602441944916,-0.014604807345122681
downstream_biofuels,2023-08-25,-0.013897293538718464,-0.023150517165940382,0.009253223627221904
downstream_biofuels,2023-09-01,0.030641766047843078,0.017598276607445257,0.013043489440397807
downstream_biofuels,2023-09-08,0.026450818275716124,0.015522670702640688,0.010928147573075427
downstream_biofuels,2023-09-15,0.06091679098673455,0.05506024001327246,0.005856550973462075
downstream_biofuels,2023-09-22,-0.008831594213097947,0.027249843020114826,-0.03608143723321279
downstream_biofuels,2023-09-29,-0.0019770137674108342,-0.009306497728900142,0.007329483961489292
downstream_biofuels,2023-10-06,-0.1051100804482518,-0.036265158470056395,-0.06884492197819543
downstream_biofuels,2023-10-13,-0.1769737426516819,-0.02751219166332137,-0.14946155098836056
downstream_biofuels,2023-10-20,-0.09647897109566823,-0.02086883115425975,-0.07561013994140849
downstream_biofuels,2023-10-27,-0.09410343841406957,-0.054490229874681204,-0.03961320853938838
downstream_biofuels,2023-11-03,0.012045621760749265,0.0019955630038381925,0.010050058756911059
downstream_biofuels,2023-11-10,0.01585652843933231,-0.02699251810895046,0.04284904654828276
downstream_biofuels,2023-11-17,-0.037996411447928057,0.009470506951712785,-0.047466918399640845
downstream_biofuels,2023-11-24,-0.059243654518442206,0.05075764622662581,-0.11000130074506802
downstream_biofuels,2023-12-01,0.01789893993538974,0.03377594803722819,-0.015877008101838466
downstream_biofuels,2023-12-08,-0.02088564745729181,0.02188627677066817,-0.04277192422795999
downstream_biofuels,2023-12-15,0.06196625344798297,0.031468428027019234,0.03049782542096372
downstream_biofuels,2023-12-22,0.11497329790595032,0.044521394287078186,0.07045190361887213
downstream_biofuels,2023-12-29,-0.002860624609876565,0.028289001022130816,-0.031149625632007395
downstream_biofuels,2024-01-05,0.07720797311921909,0.03314168747390317,0.04406628564531591
downstream_biofuels,2024-01-12,-0.08004055706832557,0.02187107748777058,-0.10191163455609616
downstream_biofuels,2024-01-19,-0.1418503324644943,0.01747742093760982,-0.15932775340210414
downstream_biofuels,2024-01-26,-0.13809148620468878,0.03985548507759089,-0.17794697128227968
downstream_biofuels,2024-02-02,-0.15567204926618475,0.04637827839286801,-0.2020503276590528
downstream_biofuels,2024-02-09,0.050508150616243155,0.057619239049404046,-0.0071110884331609114
downstream_biofuels,2024-02-16,0.050298970081317916,0.04516452265082347,0.005134447430494432
downstream_biofuels,2024-02-23,0.027323328678478226,0.03402808783813423,-0.006704759159656022
downstream_biofuels,2024-03-01,0.042820771668512336,0.05814901297082944,-0.015328241302317122
downstream_biofuels,2024-03-08,-0.0870935693277283,0.027344588228303518,-0.11443815755603183
downstream_biofuels,2024-03-15,-0.06044811709219362,0.025079652026500202,-0.08552776911869385
downstream_biofuels,2024-03-22,0.008296957269224733,0.02897999588680268,-0.020683038617577962
downstream_biofuels,2024-03-29,0.1421667940241386,0.016819500170013872,0.12534729385412471
downstream_biofuels,2024-04-05,0.15699677586481778,0.033237790209445395,0.12375898565537237
downstream_biofuels,2024-04-12,0.11004996034991894,0.021959826475513772,0.08809013387440516
downstream_biofuels,2024-04-19,0.07393562854884854,-0.031123341034508825,0.10505896958335734
downstream_biofuels,2024-04-26,-0.053082219113227,-0.014952189837513993,-0.03813002927571301
downstream_biofuels,2024-05-03,-0.08953004112049984,-0.04266825728756384,-0.046861783832936
downstream_biofuels,2024-05-10,-0.02541805201944103,-0.0192476487938601,-0.0061704032255809355
downstream_biofuels,2024-05-17,-0.07111863095104427,0.030380121890233397,-0.10149875284127768
downstream_biofuels,2024-05-24,-0.08808726145499207,-0.007946654295458534,-0.08014060715953353
downstream_biofuels,2024-05-31,-0.14726952441345084,0.0031938674383704714,-0.1504633918518213
downstream_biofuels,2024-06-07,-0.20836070948906743,-0.009490826509397433,-0.19886988297966998
downstream_biofuels,2024-06-14,-0.22372009711188395,0.005503672668791041,-0.229223769780675
downstream_biofuels,2024-06-21,-0.21856985020874198,0.04024237924434319,-0.25881222945308513
downstream_biofuels,2024-06-28,-0.08574905311121558,0.047066529124585615,-0.1328155822358012
downstream_biofuels,2024-07-05,-0.11861209454498357,0.06379413988075984,-0.18240623442574344
downstream_biofuels,2024-07-12,0.05067736725093733,0.046101377184909025,0.004575990066028282
downstream_biofuels,2024-07-19,0.07371972408547367,-0.000594587505256948,0.0743143115907306
downstream_biofuels,2024-07-26,0.08311509722599339,-0.02620976194570193,0.10932485917169531
downstream_biofuels,2024-08-02,0.12961575103584205,-0.0729456377415463,0.20256138877738836
downstream_biofuels,2024-08-09,-0.13244023427059726,-0.06953917438231605,-0.06290105988828124
downstream_biofuels,2024-08-16,-0.06044335826317476,-0.013826993602102156,-0.046616364661072635
downstream_biofuels,2024-08-23,-0.11202785377635849,0.014225728623192114,-0.12625358239955065
downstream_biofuels,2024-08-30,-0.09824650385716764,0.043355763417481645,-0.1416022672746493
downstream_biofuels,2024-09-06,0.012423327537938747,-0.029432319520731873,0.04185564705867059
downstream_biofuels,2024-09-13,-0.09546161873340926,-0.02477540116963793,-0.07068621756377136
downstream_biofuels,2024-09-20,-0.040290920844192904,-0.007327122591842365,-0.03296379825235057
downstream_biofuels,2024-09-27,-0.013951984178868811,-0.01818232897677065,0.004230344797901811
downstream_biofuels,2024-10-04,0.024595106523095597,0.0755557044438222,-0.05096059792072664
downstream_biofuels,2024-10-11,0.05968872610238536,0.04954645362280854,0.010142272479576796
downstream_biofuels,2024-10-18,-0.08267352759513466,0.0023492852155954924,-0.08502281281073018
downstream_biofuels,2024-10-25,-0.09374783294291006,0.012323299700877807,-0.1060711326437879
downstream_biofuels,2024-11-01,-0.08131193484900084,-0.040334276126177716,-0.040977658722823156
downstream_biofuels,2024-11-08,-0.058946131716418985,-0.009355706545515242,-0.04959042517090378
downstream_biofuels,2024-11-15,-0.01728421517331439,-0.007392753946071515,-0.00989146122724291
downstream_biofuels,2024-11-22,-0.003476842265880492,0.01641483593469436,-0.019891678200574886
downstream_biofuels,2024-11-29,-0.06147449696195468,0.03181138774151773,-0.09328588470347246
downstream_biofuels,2024-12-06,-0.12256985032367433,-0.0016366106856521793,-0.12093323963802219
downstream_biofuels,2024-12-13,-0.06579026999438753,0.016725747049676314,-0.0825160170440639
downstream_biofuels,2024-12-20,-0.15723772677126407,-0.029368436251079256,-0.12786929052018486
downstream_biofuels,2024-12-27,-0.1072384042958342,-0.015285632775540865,-0.09195277152029335
downstream_biofuels,2025-01-03,-0.01735760958402946,-0.007544507135367412,-0.00981310244866209
downstream_biofuels,2025-01-10,-0.03706335903870938,-0.006589788175195318,-0.030473570863514102
downstream_biofuels,2025-01-17,0.06550218711446329,0.04204846243674136,0.023453724677721884
downstream_biofuels,2025-01-24,0.009303688536695255,0.030086125875009563,-0.02078243733831436
downstream_biofuels,2025-01-31,-0.05614504368534433,0.005273091805122605,-0.06141813549046698
downstream_biofuels,2025-02-07,-0.184329071552502,-5.463451283849348e-05,-0.18427443703966354
downstream_biofuels,2025-02-14,-0.16140771304736842,-0.01761810437438001,-0.14378960867298846
downstream_biofuels,2025-02-21,-0.17192988370530313,-0.024131334021293104,-0.14779854968401004
downstream_biofuels,2025-02-28,-0.21501289175971044,-0.02032530883594548,-0.19468758292376498
downstream_biofuels,2025-03-07,-0.11188369081707651,-0.04546107220322708,-0.06642261861384945
downstream_biofuels,2025-03-14,-0.22118384383505255,-0.06795228788490107,-0.15323155595015148
downstream_biofuels,2025-03-21,-0.13252685105805478,-0.047939483060891415,-0.08458736799716338
downstream_biofuels,2025-03-28,-0.10381762297694384,-0.04918160276147723,-0.054636020215466624
downstream_biofuels,2025-04-04,-0.1829695958873362,-0.11869350889875459,-0.0642760869885816
downstream_biofuels,2025-04-11,-0.11392655037064409,-0.07071766167973369,-0.04320888869091041
downstream_biofuels,2025-04-18,-0.18224786674895307,-0.07505172190347584,-0.10719614484547725
downstream_biofuels,2025-04-25,-0.11941557397718881,-0.03869630808913271,-0.0807192658880561
downstream_biofuels,2025-05-02,0.022479639001034175,0.062336739201826696,-0.039857100200792535
downstream_biofuels,2025-05-09,0.06058990036601567,0.03737411705067338,0.02321578331534228
downstream_biofuels,2025-05-16,0.23822506845332142,0.0743491074490247,0.1638759610042967
downstream_biofuels,2025-05-23,0.0839511814799683,0.03035389428577147,0.053597287194196805
downstream_biofuels,2025-05-30,0.05279336368132284,0.04049383851760945,0.012299525163713392
downstream_biofuels,2025-06-06,0.029428013907708373,0.06289482491206462,-0.033466811004356244
downstream_biofuels,2025-06-13,0.05021739755048664,0.060393462605374426,-0.010176065054887773
downstream_biofuels,2025-06-20,0.20141468642553384,0.08625448994917564,0.11516019647635821
downstream_biofuels,2025-06-27,0.22639901030172552,0.06318901703349275,0.16320999326823277
downstream_biofuels,2025-07-04,0.32414473467454114,0.05294870637262268,0.27119602830191847
downstream_biofuels,2025-07-11,0.2564262213305612,0.022837090178090318,0.23358913115247087
downstream_biofuels,2025-07-18,0.2115267213081818,0.018702441895126806,0.19282427941305497
downstream_biofuels,2025-07-25,0.21381162512768764,0.03483656498382397,0.17897506014386366
downstream_biofuels,2025-08-01,0.04357763541731908,0.004378083009380189,0.03919955240793888
downstream_biofuels,2025-08-08,-0.05975736792172604,-0.00045475551489380234,-0.05930261240683225
downstream_biofuels,2025-08-15,0.04450339878560819,-0.0005988944403094078,0.045102293225917585
downstream_biofuels,2025-08-22,0.08731681915430618,0.0058576956471392515,0.08145912350716691
downstream_biofuels,2025-08-29,0.2740870057524719,0.015741322389949443,0.2583456833625224
downstream_biofuels,2025-09-05,0.2618720021223517,0.0012628928730104658,0.2606091092493413
downstream_biofuels,2025-09-12,0.11623457043101826,0.018806351949337267,0.09742821848168098
downstream_biofuels,2025-09-19,0.048360962980063864,0.02339566822429447,0.024965294755769384
downstream_biofuels,2025-09-26,-0.09626125270936409,0.03712873260806547,-0.13338998531742957
downstream_biofuels,2025-10-03,-0.03610350416393802,0.03178722925988871,-0.06789073342382673
downstream_biofuels,2025-10-10,-0.02653591410295665,-0.011155314827864839,-0.015380599275091823
downstream_biofuels,2025-10-17,0.09696231835906433,-0.02208864796297004,0.11905096632203434
downstream_biofuels,2025-10-24,0.11091681719537391,-0.004979831080491499,0.11589664827586538
downstream_biofuels,2025-10-31,0.03790463647809844,0.016385028775035886,0.02151960770306252
downstream_biofuels,2025-11-07,0.07688140124328006,0.014594314390761184,0.06228708685251884
downstream_biofuels,2025-11-14,-0.052522445293323436,0.011942012849866134,-0.0644644581431896
downstream_biofuels,2025-11-21,-0.0602941355377706,-0.03940811895207688,-0.02088601658569375
downstream_biofuels,2025-11-28,0.017191826151569937,-0.014582561872965707,0.03177438802453562
downstream_biofuels,2025-12-05,0.006317571371063351,0.017390228182719843,-0.011072656811656523
downstream_biofuels,2025-12-12,0.0012189081989208306,-0.000793631509222889,0.00201253970814369
downstream_biofuels,2025-12-19,0.0023562125564867697,0.01703468115040481,-0.01467846859391807
downstream_biofuels,2025-12-26,-0.004551800952808119,0.001871607449353425,-0.006423408402161577
downstream_biofuels,2026-01-02,0.007606705677159143,-0.017242929160693143,0.02484963483785226
downstream_biofuels,2026-01-09,0.04028386985345698,0.030828513609678053,0.009455356243778893
downstream_biofuels,2026-01-16,0.10169839210287601,0.04341793878527253,0.05828045331760344
downstream_biofuels,2026-01-23,0.08147052712299162,0.03315002488745882,0.04832050223553277
downstream_biofuels,2026-01-30,0.07563033400411201,0.06797719993571802,0.007653134068393956
downstream_biofuels,2026-02-06,0.17069555068452455,0.028160815870735732,0.14253473481378878
downstream_biofuels,2026-02-13,0.07561261606553736,0.01013571894691569,0.06547689711862163
downstream_biofuels,2026-02-20,0.09351566833417832,0.028953224976032838,0.06456244335814545
downstream_biofuels,2026-02-27,0.11559263187558916,-0.00026212298135793767,0.11585475485694707
downstream_biofuels,2026-03-06,0.09204929550599993,0.0809875639775915,0.011061731528408399
downstream_biofuels,2026-03-13,0.16934835769051224,0.10333540782724025,0.06601294986327197
downstream_biofuels,2026-03-20,0.11240618199534623,0.1002960738524945,0.012110108142851704
downstream_biofuels,2026-03-27,0.23189694124634277,0.09927185564022162,0.13262508560612113
downstream_biofuels,2026-04-03,0.11293196027172184,0.07973730998581352,0.03319465028590829
downstream_biofuels,2026-04-10,0.008398247008559928,0.06136148575259359,-0.05296323874403369
downstream_biofuels,2026-04-17,0.011859274825204498,0.013123015497152689,-0.0012637406719482151
downstream_biofuels,2026-04-24,-0.04005263293998326,0.06509835915064427,-0.10515099209062755
downstream_biofuels,2026-05-01,0.07089084105226212,0.04486911776273197,0.02602172328953014
downstream_biofuels,2026-05-08,0.09542325756489317,0.06774650462125796,0.02767675294363521
uranium_nuclear_fuel,2021-06-04,-0.05075496226144994,0.010670435764834172,-0.0614253980262841
uranium_nuclear_fuel,2021-06-11,0.16487983048426252,-0.006096427676604418,0.17097625816086692
uranium_nuclear_fuel,2021-06-18,0.07126385322083287,-0.006634569855786289,0.07789842307661915
uranium_nuclear_fuel,2021-06-25,0.0022430070425074194,0.0015283170487393125,0.0007146899937681139
uranium_nuclear_fuel,2021-07-02,-0.07442260172050116,0.020384587881309,-0.09480718960181017
uranium_nuclear_fuel,2021-07-09,-0.19583142229706904,0.03607199995915475,-0.23190342225622376
uranium_nuclear_fuel,2021-07-16,-0.2800514571055198,0.04786136143425406,-0.3279128185397739
uranium_nuclear_fuel,2021-07-23,-0.14178260196898748,0.024807720374867677,-0.16659032234385515
uranium_nuclear_fuel,2021-07-30,-0.13733426917565528,-0.00932805124231062,-0.12800621793334463
uranium_nuclear_fuel,2021-08-06,-0.03514024433532466,0.002414337017578697,-0.03755458135290335
uranium_nuclear_fuel,2021-08-13,0.04390313065430018,0.02285288516821869,0.02105024548608149
uranium_nuclear_fuel,2021-08-20,-0.04577586326452919,-0.02499622992767469,-0.0207796333368545
uranium_nuclear_fuel,2021-08-27,0.08376399181402164,0.01654421966729056,0.06721977214673107
uranium_nuclear_fuel,2021-09-03,0.2801083451861095,0.029302390050597656,0.25080595513551185
uranium_nuclear_fuel,2021-09-10,0.3944683902673771,-0.008309079029994768,0.40277746929737185
uranium_nuclear_fuel,2021-09-17,0.4582704742425875,0.01640208000153534,0.4418683942410522
uranium_nuclear_fuel,2021-09-24,0.2781513329180927,-0.008654751487675071,0.28680608440576777
uranium_nuclear_fuel,2021-10-01,0.13890779158949798,-0.07319464907241253,0.21210244066191056
uranium_nuclear_fuel,2021-10-08,0.02430536442720249,-0.017268367519942394,0.041573731947144935
uranium_nuclear_fuel,2021-10-15,0.17370937472635078,0.028574142196745457,0.14513523252960536
uranium_nuclear_fuel,2021-10-22,0.3051563647135681,0.06382732057984991,0.24132904413371822
uranium_nuclear_fuel,2021-10-29,0.2637199327136605,0.12521465824170233,0.13850527447195826
uranium_nuclear_fuel,2021-11-05,0.4793843286830298,0.14571172339159297,0.3336726052914369
uranium_nuclear_fuel,2021-11-12,0.5105862996108148,0.1112457869114581,0.3993405126993568
uranium_nuclear_fuel,2021-11-19,0.18269330429262115,0.04329500911414273,0.13939829517847843
uranium_nuclear_fuel,2021-11-26,0.07430981519833531,0.0008336848398225599,0.07347613035851278
uranium_nuclear_fuel,2021-12-03,-0.29901248126918156,-0.1288527959519678,-0.1701596853172137
uranium_nuclear_fuel,2021-12-10,-0.4223833652858195,-0.05081332294305288,-0.3715700423427666
uranium_nuclear_fuel,2021-12-17,-0.2764552159833759,-0.05052046712028195,-0.22593474886309395
uranium_nuclear_fuel,2021-12-24,-0.14131584211375148,0.008652057236951005,-0.14996789935070245
uranium_nuclear_fuel,2021-12-31,0.016752257851465994,0.10070765738250652,-0.08395539953104049
uranium_nuclear_fuel,2022-01-07,-0.00013795397648269647,0.02719716247808154,-0.0273351164545642
uranium_nuclear_fuel,2022-01-14,-0.017145126396865884,0.0690752198482116,-0.08622034624507745
uranium_nuclear_fuel,2022-01-21,-0.2603900036808135,-0.04154328926872587,-0.21884671441208758
uranium_nuclear_fuel,2022-01-28,-0.26340399846107343,-0.033867025179795646,-0.2295369732812777
uranium_nuclear_fuel,2022-02-04,-0.2846589196700106,0.0012506735201469193,-0.2859095931901575
uranium_nuclear_fuel,2022-02-11,-0.06749388719020702,-0.06242873732419967,-0.005065149866007285
uranium_nuclear_fuel,2022-02-18,0.025746379271202657,-0.010795079883762337,0.03654145915496505
uranium_nuclear_fuel,2022-02-25,0.17986371469585574,-0.004021264716834564,0.18388497941269039
uranium_nuclear_fuel,2022-03-04,0.1598511897948019,-0.056771396987152174,0.21662258678195412
uranium_nuclear_fuel,2022-03-11,0.19348352499742622,-0.056259926572298044,0.24974345156972433
uranium_nuclear_fuel,2022-03-18,0.18758509670963408,0.06404342033176395,0.12354167637787022
uranium_nuclear_fuel,2022-03-25,0.08555036089472687,0.1428631465068746,-0.05731278561214766
uranium_nuclear_fuel,2022-04-01,-0.010383599441142546,0.10263668620191808,-0.11302028564306056
uranium_nuclear_fuel,2022-04-08,-0.07671027922969598,0.16871586307472755,-0.24542614230442342
uranium_nuclear_fuel,2022-04-15,0.10750309166873215,0.06945029761115568,0.038052794057576556
uranium_nuclear_fuel,2022-04-22,-0.07622349647353122,-0.07387301929781835,-0.002350477175712795
uranium_nuclear_fuel,2022-04-29,-0.10070042378423505,-0.07471047081891455,-0.02598995296532043
uranium_nuclear_fuel,2022-05-06,-0.180389156114953,-0.07672021419324673,-0.1036689419217062
uranium_nuclear_fuel,2022-05-13,-0.49131548019363636,-0.12360530945407765,-0.36771017073955864
uranium_nuclear_fuel,2022-05-20,-0.2673930474727563,-0.14594947089633442,-0.1214435765764218
uranium_nuclear_fuel,2022-05-27,-0.08584850982285325,0.012605408735246543,-0.09845391855809975
uranium_nuclear_fuel,2022-06-03,-0.03220166985659073,-0.001970075294893428,-0.03023159456169726
uranium_nuclear_fuel,2022-06-10,0.25121512536170404,0.004455840519918215,0.2467592848417859
uranium_nuclear_fuel,2022-06-17,0.07152940890837275,-0.045346205195384195,0.116875614103757
uranium_nuclear_fuel,2022-06-24,0.018967510334014587,-0.05593660799877319,0.07490411833278782
uranium_nuclear_fuel,2022-07-01,-0.07995717108500779,-0.11953560397635138,0.03957843289134365
uranium_nuclear_fuel,2022-07-08,-0.1234364865479974,-0.018131315741816034,-0.10530517080618132
uranium_nuclear_fuel,2022-07-15,0.013904036482769333,0.04050282444358329,-0.0265987879608139
uranium_nuclear_fuel,2022-07-22,-0.08942933086598569,-0.023693290948210197,-0.06573603991777544
uranium_nuclear_fuel,2022-07-29,0.22669627870523623,0.10550460113125402,0.12119167757398228
uranium_nuclear_fuel,2022-08-05,0.2792115767102964,0.06782521024369667,0.2113863664665998
uranium_nuclear_fuel,2022-08-12,0.34614716890715247,0.18618625881661605,0.1599609100905365
uranium_nuclear_fuel,2022-08-19,0.22625097255326987,0.16231871010490778,0.06393226244836217
uranium_nuclear_fuel,2022-08-26,0.09720752877015228,0.04411424435224302,0.05309328441790931
uranium_nuclear_fuel,2022-09-02,0.0852865510093369,-0.03371605353751479,0.11900260454685174
uranium_nuclear_fuel,2022-09-09,0.12662357077735223,-0.02580854485775301,0.15243211563510528
uranium_nuclear_fuel,2022-09-16,0.13573404372760933,-0.10886577917013032,0.24459982289773968
uranium_nuclear_fuel,2022-09-23,-0.17064270821903965,-0.14240121978544637,-0.02824148843359324
uranium_nuclear_fuel,2022-09-30,-0.15620772142910838,-0.10904273437913052,-0.04716498704997782
uranium_nuclear_fuel,2022-10-07,-0.21996761850321878,-0.12834578112891043,-0.09162183737430832
uranium_nuclear_fuel,2022-10-14,-0.13603335330238606,-0.07826790887369883,-0.05776544442868722
uranium_nuclear_fuel,2022-10-21,0.2040402015449844,0.08986547748143078,0.11417472406355361
uranium_nuclear_fuel,2022-10-28,0.16270569533775814,0.17192643927206916,-0.009220743934311007
uranium_nuclear_fuel,2022-11-04,0.03494894097888375,0.09213876573435416,-0.0571898247554704
uranium_nuclear_fuel,2022-11-11,0.08443965809787085,0.15482560486375777,-0.0703859467658869
uranium_nuclear_fuel,2022-11-18,-0.10509382367850303,0.055062440819965364,-0.16015626449846837
uranium_nuclear_fuel,2022-11-25,-0.15385336909138878,-0.006473869096103282,-0.1473794999952855
uranium_nuclear_fuel,2022-12-02,-0.0801411312908827,0.027162498015904972,-0.10730362930678766
uranium_nuclear_fuel,2022-12-09,-0.17699869090887785,-0.09404305828239534,-0.0829556326264825
uranium_nuclear_fuel,2022-12-16,-0.16943601947092501,-0.11570669096425149,-0.053729328506673515
uranium_nuclear_fuel,2022-12-23,-0.1100086025832846,-0.08161576750232014,-0.028392835080964456
uranium_nuclear_fuel,2022-12-30,-0.06204605735588629,-0.07932683978233603,0.01728078242644973
uranium_nuclear_fuel,2023-01-06,0.09063259881753802,-0.02955544672893532,0.12018804554647333
uranium_nuclear_fuel,2023-01-13,0.16636967970226282,0.05274614501471623,0.11362353468754663
uranium_nuclear_fuel,2023-01-20,0.06359521852990171,0.012824546796928907,0.050770671732972804
uranium_nuclear_fuel,2023-01-27,0.13658284278261265,0.05230219395960044,0.0842806488230122
uranium_nuclear_fuel,2023-02-03,0.09205873303200048,0.11238507598824435,-0.020326342956243887
uranium_nuclear_fuel,2023-02-10,0.07062279872137628,0.07313960869435439,-0.002516809972978108
uranium_nuclear_fuel,2023-02-17,0.10939039824752159,0.09030646960959415,0.019083928637927416
uranium_nuclear_fuel,2023-02-24,0.01967934034701231,-0.005893793814561239,0.025573134161573557
uranium_nuclear_fuel,2023-03-03,-0.008271856375253479,-0.019191272110778326,0.010919415735524858
uranium_nuclear_fuel,2023-03-10,-0.15801991187803166,-0.1433344491743468,-0.014685462703684886
uranium_nuclear_fuel,2023-03-17,-0.21014704695101738,-0.17071413131130148,-0.03943291563971586
uranium_nuclear_fuel,2023-03-24,-0.34370992161876257,-0.09662639728281623,-0.24708352433594633
uranium_nuclear_fuel,2023-03-31,-0.27188093363271393,-0.04356499877922934,-0.22831593485348456
uranium_nuclear_fuel,2023-04-07,-0.20924432554831487,0.056925460587481935,-0.2661697861357968
uranium_nuclear_fuel,2023-04-14,-0.09675859305397504,0.12126086833409097,-0.21801946138806602
uranium_nuclear_fuel,2023-04-21,-0.07265843843074714,0.09455961399036523,-0.16721805242111237
uranium_nuclear_fuel,2023-04-28,-0.09640956950142753,0.029859229481370955,-0.12626879898279847
uranium_nuclear_fuel,2023-05-05,-0.021465861091114428,0.02394374086133724,-0.04540960195245167
uranium_nuclear_fuel,2023-05-12,-0.048273260190096375,-0.017186047587175644,-0.031087212602920734
uranium_nuclear_fuel,2023-05-19,0.015668310792455575,0.042735873559498636,-0.027067562767043057
uranium_nuclear_fuel,2023-05-26,0.007736067964517227,0.0643416625975143,-0.05660559463299705
uranium_nuclear_fuel,2023-06-02,0.08506617478646193,0.10399975062313835,-0.018933575836676403
uranium_nuclear_fuel,2023-06-09,0.101954951374773,0.10539154881218778,-0.0034365974374147706
uranium_nuclear_fuel,2023-06-16,0.20500773217546714,0.09662587372969898,0.10838185844576817
uranium_nuclear_fuel,2023-06-23,0.17884705966470846,0.04092654171312056,0.13792051795158788
uranium_nuclear_fuel,2023-06-30,0.09596266658333169,0.07838618834541587,0.01757647823791582
uranium_nuclear_fuel,2023-07-07,0.013777925815273213,0.09363542100742661,-0.07985749519215339
uranium_nuclear_fuel,2023-07-14,-0.08409644323959647,0.06080900625963917,-0.14490544949923562
uranium_nuclear_fuel,2023-07-21,-0.006828091572093908,0.11197822205182278,-0.11880631362391669
uranium_nuclear_fuel,2023-07-28,0.029908291540758303,0.08544399869687351,-0.05553570715611521
uranium_nuclear_fuel,2023-08-04,0.20385890625950492,0.03938717407614126,0.1644717321833637
uranium_nuclear_fuel,2023-08-11,0.252989582179215,0.020859898463437707,0.23212968371577733
uranium_nuclear_fuel,2023-08-18,0.2023263450017772,-0.03098383010200131,0.23331017510377855
uranium_nuclear_fuel,2023-08-25,0.23973273471866913,-0.04594254503351991,0.2856752797521891
uranium_nuclear_fuel,2023-09-01,0.168464183125638,0.024630237459597307,0.14383394566604069
uranium_nuclear_fuel,2023-09-08,0.18909833950807597,0.009674717268391069,0.1794236222396849
uranium_nuclear_fuel,2023-09-15,0.27754112764018174,0.045199454952806424,0.23234167268737532
uranium_nuclear_fuel,2023-09-22,0.19759870796388881,-0.008603086713612252,0.2062017946775011
uranium_nuclear_fuel,2023-09-29,0.1512843210686076,-0.050139489385059265,0.2014238104536669
uranium_nuclear_fuel,2023-10-06,0.10312375065759644,-0.024078065097096438,0.12720181575469292
uranium_nuclear_fuel,2023-10-13,-0.025148027119410832,-0.0323526398170226,0.007204612697611801
uranium_nuclear_fuel,2023-10-20,-0.012881628114703858,0.00030835167628113103,-0.013189979790984956
uranium_nuclear_fuel,2023-10-27,-0.03434325346897951,-0.03879708616905285,0.004453832700073369
uranium_nuclear_fuel,2023-11-03,0.03995250789443787,-0.001371149032706409,0.041323656927144306
uranium_nuclear_fuel,2023-11-10,0.023282301349053368,0.004407435218858417,0.018874866130194977
uranium_nuclear_fuel,2023-11-17,0.09782310064763927,0.012229455302416049,0.08559364534522326
uranium_nuclear_fuel,2023-11-24,0.09534364441649976,0.04566540211901172,0.04967824229748808
uranium_nuclear_fuel,2023-12-01,0.005928810194481094,-0.04619125798144014,0.052120068175921276
uranium_nuclear_fuel,2023-12-08,0.09577173078950661,-0.03428952799741934,0.13006125878692598
uranium_nuclear_fuel,2023-12-15,-0.0023370156355870843,-0.04839281599707766,0.04605580036149061
uranium_nuclear_fuel,2023-12-22,0.04119661536019575,-0.04038080709114488,0.08157742245134066
uranium_nuclear_fuel,2023-12-29,0.04062672607284223,-0.00436591534246368,0.044992641415305935
uranium_nuclear_fuel,2024-01-05,-0.03575789942590466,-0.011700959599184131,-0.024056939826720504
uranium_nuclear_fuel,2024-01-12,0.12114467596255464,0.04321548705126405,0.07792918891129061
uranium_nuclear_fuel,2024-01-19,0.07843000601137155,0.03933921816580815,0.039090787845563434
uranium_nuclear_fuel,2024-01-26,0.04751904782664394,0.07558171895291055,-0.028062671126266585
uranium_nuclear_fuel,2024-02-02,0.1205614390251861,0.06066975173253899,0.059891687292647135
uranium_nuclear_fuel,2024-02-09,-0.09222007955397213,0.04550112964421828,-0.1377212091981904
uranium_nuclear_fuel,2024-02-16,-0.12715538858089798,0.047678289723435005,-0.17483367830433297
uranium_nuclear_fuel,2024-02-23,-0.19353871589865757,0.026277730378744275,-0.2198164462774018
uranium_nuclear_fuel,2024-03-01,-0.17602671509245257,0.03308143487256552,-0.20910814996501803
uranium_nuclear_fuel,2024-03-08,-0.16133475597913882,-0.01920432395035026,-0.14213043202878853
uranium_nuclear_fuel,2024-03-15,-0.15162911461444634,0.009099546601131058,-0.16072866121557736
uranium_nuclear_fuel,2024-03-22,0.04088040254602826,0.037223347029103834,0.003657055516924468
uranium_nuclear_fuel,2024-03-29,-0.012794907220942951,0.05499645398762666,-0.06779136120856957
uranium_nuclear_fuel,2024-04-05,0.12258218442793259,0.09208099883679913,0.03050118559113351
uranium_nuclear_fuel,2024-04-12,0.13577805599898282,0.03482959983712159,0.10094845616186127
uranium_nuclear_fuel,2024-04-19,-0.0022802706505110765,-0.034362836214467445,0.03208256556395642
uranium_nuclear_fuel,2024-04-26,0.012194914243437494,0.0012345045655890521,0.01096040967784849
uranium_nuclear_fuel,2024-05-03,-0.001825275616184771,-0.03476469518401265,0.032939419567827935
uranium_nuclear_fuel,2024-05-10,-0.0070546497180961135,0.019711030619525085,-0.02676568033762114
uranium_nuclear_fuel,2024-05-17,0.10399365016689247,0.08814158550382412,0.015852064663068405
uranium_nuclear_fuel,2024-05-24,0.09630366985181499,0.03647655058780581,0.05982711926400925
uranium_nuclear_fuel,2024-05-31,0.04353317253312821,0.052790178440519,-0.009257005907390734
uranium_nuclear_fuel,2024-06-07,-0.07662948965373814,0.03701869915773734,-0.11364818881147544
uranium_nuclear_fuel,2024-06-14,-0.15830476295900517,0.014554695352257209,-0.17285945831126234
uranium_nuclear_fuel,2024-06-21,-0.13145100534797913,0.025033809935315822,-0.1564848152832949
uranium_nuclear_fuel,2024-06-28,-0.16075714337976263,0.0348934221679832,-0.19565056554774576
uranium_nuclear_fuel,2024-07-05,-0.034739461327777124,0.053067202205462696,-0.08780666353323976
uranium_nuclear_fuel,2024-07-12,0.13532090583811648,0.041473913011879075,0.09384699282623746
uranium_nuclear_fuel,2024-07-19,-0.01489569495260569,0.0006798717794125157,-0.015575566732018153
uranium_nuclear_fuel,2024-07-26,-0.024556889678537967,-0.017784396417742897,-0.006772493260795013
uranium_nuclear_fuel,2024-08-02,-0.17402969346428274,-0.12732476993380482,-0.04670492353047788
uranium_nuclear_fuel,2024-08-09,-0.3039271502789602,-0.10199452066425757,-0.20193262961470262
uranium_nuclear_fuel,2024-08-16,-0.18087712381763746,-0.020873692136345497,-0.16000343168129194
uranium_nuclear_fuel,2024-08-23,-0.06623797665414864,0.002904449826208067,-0.06914242648035668
uranium_nuclear_fuel,2024-08-30,0.08253863181005346,0.08443566610681226,-0.0018970342967587657
uranium_nuclear_fuel,2024-09-06,-0.08866085355069096,-0.026491909260094676,-0.06216894429059624
uranium_nuclear_fuel,2024-09-13,0.051931519956096336,-0.01826062765135804,0.07019214760745442
uranium_nuclear_fuel,2024-09-20,0.0758374472696556,0.0032754807476032613,0.07256196652205238
uranium_nuclear_fuel,2024-09-27,0.28698142261046455,0.006109301359966603,0.280872121250498
uranium_nuclear_fuel,2024-10-04,0.5689332257944139,0.13008619291617768,0.4388470328782363
uranium_nuclear_fuel,2024-10-11,0.3708090356190592,0.10502250510203623,0.26578653051702295
uranium_nuclear_fuel,2024-10-18,0.5189068025784787,0.08969322525048443,0.42921357732799426
uranium_nuclear_fuel,2024-10-25,0.21125520772445963,0.09253719218826573,0.1187180155361939
uranium_nuclear_fuel,2024-11-01,0.1801794324123524,0.046223795947393356,0.13395563646495903
uranium_nuclear_fuel,2024-11-08,0.18810705866908292,0.06354186983065505,0.12456518883842785
uranium_nuclear_fuel,2024-11-15,-0.2356807549236919,0.01792222907642424,-0.25360298400011616
uranium_nuclear_fuel,2024-11-22,0.05009590129919708,0.06248007925823898,-0.012384177959041925
uranium_nuclear_fuel,2024-11-29,-0.027191424049462065,0.07325484872255097,-0.10044627277201305
uranium_nuclear_fuel,2024-12-06,-0.04291014364431027,0.03306707222203899,-0.07597721586634927
uranium_nuclear_fuel,2024-12-13,0.045926464862227734,0.09075024540531165,-0.04482378054308393
uranium_nuclear_fuel,2024-12-20,-0.22027731504398546,0.012831540701865308,-0.2331088557458508
uranium_nuclear_fuel,2024-12-27,-0.21119721975691197,0.03692128862928225,-0.24811850838619423
uranium_nuclear_fuel,2025-01-03,-0.03931731690687236,0.018095740116251285,-0.05741305702312367
uranium_nuclear_fuel,2025-01-10,-0.0681704980810978,-0.024382988117078293,-0.04378750996401953
uranium_nuclear_fuel,2025-01-17,0.07641192913501788,0.0546870279630885,0.021724901171929357
uranium_nuclear_fuel,2025-01-24,0.19827732016902316,0.05375863597851256,0.1445186841905106
uranium_nuclear_fuel,2025-01-31,-0.030279200417430208,0.017685868080847683,-0.04796506849827789
uranium_nuclear_fuel,2025-02-07,0.20939705878065368,0.017844924340865854,0.19155213443978783
uranium_nuclear_fuel,2025-02-14,0.13952203628803517,-0.009940306095522829,0.149462342383558
uranium_nuclear_fuel,2025-02-21,-0.13890470298940363,-0.0775582179978577,-0.061346484991545935
uranium_nuclear_fuel,2025-02-28,-0.06708075363614521,-0.07444000374737304,0.007359250111227851
uranium_nuclear_fuel,2025-03-07,-0.32108943782625865,-0.10659256886945628,-0.21449686895680237
uranium_nuclear_fuel,2025-03-14,-0.31490643079676145,-0.17713793668032957,-0.1377684941164319
uranium_nuclear_fuel,2025-03-21,-0.15507341282222165,-0.1281724164116475,-0.026900996410574148
uranium_nuclear_fuel,2025-03-28,-0.21689970906599554,-0.10337450194889147,-0.1135252071171041
uranium_nuclear_fuel,2025-04-04,-0.2751670434049217,-0.22567259917220742,-0.04949444423271429
uranium_nuclear_fuel,2025-04-11,-0.12677627713362813,-0.05021896638109652,-0.07655731075253167
uranium_nuclear_fuel,2025-04-18,-0.09328455797555585,-0.09329183057461127,7.27259905537736e-06
uranium_nuclear_fuel,2025-04-25,0.053682375281169856,-0.023322392179966282,0.07700476746113612
uranium_nuclear_fuel,2025-05-02,0.26168596710033354,0.19364936110234993,0.06803660599798356
uranium_nuclear_fuel,2025-05-09,0.2860084852085491,0.07064592761797733,0.2153625575905717
uranium_nuclear_fuel,2025-05-16,0.19980242379517943,0.19367006040640228,0.006132363388777096
uranium_nuclear_fuel,2025-05-23,0.3449054994404028,0.10794052043030535,0.2369649790100974
uranium_nuclear_fuel,2025-05-30,0.33172932288299906,0.07513157370530471,0.2565977491776943
uranium_nuclear_fuel,2025-06-06,0.259946706315417,0.09696102364774492,0.16298568266767205
uranium_nuclear_fuel,2025-06-13,0.3470496756447861,0.0016012003653240736,0.345448475279462
uranium_nuclear_fuel,2025-06-20,0.25941642624328776,0.029721663689916952,0.22969476255337076
uranium_nuclear_fuel,2025-06-27,0.20392167281804136,0.04632329121763249,0.15759838160040884
uranium_nuclear_fuel,2025-07-04,0.12959938771746726,0.04229999571294221,0.08729939200452501
uranium_nuclear_fuel,2025-07-11,0.1468555788477992,0.03792646666286345,0.1089291121849357
uranium_nuclear_fuel,2025-07-18,0.24456902112237938,0.043063857158326585,0.20150516396405274
uranium_nuclear_fuel,2025-07-25,0.32027333793099694,0.026957613062267453,0.2933157248687294
uranium_nuclear_fuel,2025-08-01,0.22020173634813506,-0.05449090931799235,0.2746926456661274
uranium_nuclear_fuel,2025-08-08,0.25644991455950816,-0.006433661431632598,0.26288357599114065
uranium_nuclear_fuel,2025-08-15,-0.008617144512043179,0.001587651503283126,-0.010204796015326381
uranium_nuclear_fuel,2025-08-22,-0.04473624113925247,-0.024559940697340063,-0.02017630044191248
uranium_nuclear_fuel,2025-08-29,0.08862333246460048,0.026819095905538513,0.06180423655906189
uranium_nuclear_fuel,2025-09-05,0.00493651146662414,-0.011376940622943456,0.016313452089567526
uranium_nuclear_fuel,2025-09-12,0.14625469956069792,-0.0050976931031372595,0.15135239266383513
uranium_nuclear_fuel,2025-09-19,0.30820121594470967,0.030616319415542985,0.2775848965291666
uranium_nuclear_fuel,2025-09-26,0.3302117508619028,0.03858785991458313,0.2916238909473196
uranium_nuclear_fuel,2025-10-03,0.3409949321956242,0.05361067409750897,0.2873842580981152
uranium_nuclear_fuel,2025-10-10,0.3517600578510057,-0.01922251362463928,0.37098257147564495
uranium_nuclear_fuel,2025-10-17,0.22054472541501025,-0.024729446881509454,0.24527417229651968
uranium_nuclear_fuel,2025-10-24,0.11292224808908007,0.008171298480793492,0.10475094960828657
uranium_nuclear_fuel,2025-10-31,0.10158094457658821,0.015997987629042112,0.08558295694754608
uranium_nuclear_fuel,2025-11-07,-0.19761867359305357,0.040665172694920544,-0.2382838462879741
uranium_nuclear_fuel,2025-11-14,-0.3341934849547289,0.023119012666185823,-0.3573124976209147
uranium_nuclear_fuel,2025-11-21,-0.342961347385753,-0.05923904494602995,-0.2837223024397231
uranium_nuclear_fuel,2025-11-28,-0.2790755199017754,-0.02400861277500617,-0.25506690712676916
uranium_nuclear_fuel,2025-12-05,0.010283350844522879,0.024125436406100147,-0.013842085561577268
uranium_nuclear_fuel,2025-12-12,0.052332975060511,0.014984356429969845,0.03734861863054115
uranium_nuclear_fuel,2025-12-19,0.10388589980930427,0.0539560500772073,0.049929849732096965
uranium_nuclear_fuel,2025-12-26,-0.012186482911288085,0.016245790224971655,-0.02843227313625974
uranium_nuclear_fuel,2026-01-02,-0.012556300772796472,-0.004101449348652399,-0.008454851424144066
uranium_nuclear_fuel,2026-01-09,0.1699285642246997,0.01531757644582064,0.15461098777887905
uranium_nuclear_fuel,2026-01-16,0.30048822057906177,0.008805132765711772,0.29168308781335
uranium_nuclear_fuel,2026-01-23,0.28723374488957715,0.011631418647412184,0.2756023262421649
uranium_nuclear_fuel,2026-01-30,0.14742308146856242,-0.0066426576168083125,0.1540657390853707
uranium_nuclear_fuel,2026-02-06,-0.031063181834572906,-0.021608991644770786,-0.009454190189802154
uranium_nuclear_fuel,2026-02-13,-0.32447183928204587,-0.0590659076919661,-0.2654059315900798
uranium_nuclear_fuel,2026-02-20,-0.25517449492816896,-0.05515467259333809,-0.20001982233483087
uranium_nuclear_fuel,2026-02-27,-0.2174320732714132,-0.05604424969595652,-0.16138782357545672
uranium_nuclear_fuel,2026-03-06,-0.27664262754113567,-0.013469344861457976,-0.26317328267967777
uranium_nuclear_fuel,2026-03-13,-0.047498121328273246,0.04130417274051934,-0.08880229406879261
uranium_nuclear_fuel,2026-03-20,-0.19134272883044268,-0.011287737391889947,-0.18005499143855275
uranium_nuclear_fuel,2026-03-27,-0.13663993789987638,-0.012186571783578654,-0.12445336611629777
uranium_nuclear_fuel,2026-04-03,0.008889737854141863,0.01210221082301148,-0.003212472968869645
uranium_nuclear_fuel,2026-04-10,-0.0520993160135332,0.017274443716924076,-0.06937375973045731
uranium_nuclear_fuel,2026-04-17,0.15007492193646174,0.08449308881495853,0.0655818331215032
uranium_nuclear_fuel,2026-04-24,0.10049242207432016,0.14889259882554023,-0.04840017675122009
uranium_nuclear_fuel,2026-05-01,0.10826288677254724,0.11185515690459946,-0.003592270132052232
uranium_nuclear_fuel,2026-05-08,0.18235883502239084,0.13921314048120026,0.043145694541190584
downstream_retail,2021-06-04,-0.02171847788745681,-0.004253100088935086,-0.017465377798521725
downstream_retail,2021-06-11,-0.04982294350694125,-0.01469257079586539,-0.03513037271107586
downstream_retail,2021-06-18,-0.08604252678452248,-0.00581803580633334,-0.08022449097818915
downstream_retail,2021-06-25,-0.06762488922289413,-0.007670392208898928,-0.059954497013995196
downstream_retail,2021-07-02,-0.06687302540813413,0.011194114638251384,-0.07806714004638551
downstream_retail,2021-07-09,-0.020386211148732715,0.02362770014158557,-0.044013911290318286
downstream_retail,2021-07-16,0.042411504639925456,0.026093321071186285,0.016318183568739163
downstream_retail,2021-07-23,0.037859890094186506,0.023993753215375814,0.013866136878810687
downstream_retail,2021-07-30,0.052371213427980796,0.005944451842578502,0.04642676158540229
downstream_retail,2021-08-06,0.03315996225227359,0.009097607062040108,0.024062355190233486
downstream_retail,2021-08-13,0.047340494415911,0.010905599488690024,0.036434894927220976
downstream_retail,2021-08-20,0.05828918147470462,0.004678288622922818,0.053610892851781805
downstream_retail,2021-08-27,0.04512041562366014,0.006954565307757003,0.03816585031590314
downstream_retail,2021-09-03,0.05223221088451371,-0.005657282585781777,0.0578894934702955
downstream_retail,2021-09-10,-0.03751054170091932,-0.02976687626688181,-0.007743665434037497
downstream_retail,2021-09-17,0.009878413866561436,-0.031349895717987124,0.04122830958454857
downstream_retail,2021-09-24,-0.009971231431862144,-0.021404952487394113,0.011433721055531983
downstream_retail,2021-10-01,-0.014539230059214186,-0.03782854425956228,0.023289314200348108
downstream_retail,2021-10-08,0.06681008154432999,-0.010671626776341443,0.07748170832067144
downstream_retail,2021-10-15,-0.015008842164673832,-0.004870714705241534,-0.010138127459432288
downstream_retail,2021-10-22,0.04160451104212262,-0.0008295157484705246,0.04243402679059316
downstream_retail,2021-10-29,-0.004742917106098955,0.032942850567878254,-0.03768576767397719
downstream_retail,2021-11-05,0.04213130722552702,0.04299509726168515,-0.0008637900361581075
downstream_retail,2021-11-12,0.08375866668965634,0.037686154635509145,0.04607251205414721
downstream_retail,2021-11-19,0.00909341519060217,0.02784643962021365,-0.01875302442961146
downstream_retail,2021-11-26,0.05591854306088369,0.003574405348114547,0.05234413771276915
downstream_retail,2021-12-03,0.016338282695841963,-0.022630106840320033,0.03896838953616201
downstream_retail,2021-12-10,-0.01790468710915721,0.002688294771414284,-0.020592981880571477
downstream_retail,2021-12-17,0.035587474903606336,-0.004036632094541999,0.039624106998148355
downstream_retail,2021-12-24,0.033867507422829984,0.01356207343958347,0.020305433983246534
downstream_retail,2021-12-31,0.043263208710235035,0.025773118956661234,0.01749008975357382
downstream_retail,2022-01-07,0.040237782420571494,-0.0029848324843674712,0.043222614904938984
downstream_retail,2022-01-14,-0.003046379897993074,0.010820102981934393,-0.013866482879927453
downstream_retail,2022-01-21,-0.04261352521021049,-0.013048095124603885,-0.029565430085606588
downstream_retail,2022-01-28,-0.04346482002243669,-0.010138433744302285,-0.033326386278134404
downstream_retail,2022-02-04,-0.05738036928824247,0.007333772519985335,-0.0647141418082278
downstream_retail,2022-02-11,-0.05829561752570767,-0.024408519339925397,-0.03388709818578227
downstream_retail,2022-02-18,-0.0033827234536765553,-0.010219931835516623,0.006837208381840071
downstream_retail,2022-02-25,-0.02904640689235733,-0.013089099431609928,-0.0159573074607474
downstream_retail,2022-03-04,0.006414746666149933,-0.02379314272989894,0.03020788939604888
downstream_retail,2022-03-11,-0.03261063876983712,-0.031036245926906507,-0.0015743928429306012
downstream_retail,2022-03-18,0.04842136399866927,0.006495900115066292,0.04192546388360297
downstream_retail,2022-03-25,0.06086413365121883,0.03379749965341777,0.02706663399780105
downstream_retail,2022-04-01,0.07258849595177605,0.014910174288487427,0.05767832166328862
downstream_retail,2022-04-08,0.20311393635134117,0.040162679649881704,0.16295125670145943
downstream_retail,2022-04-15,0.12533910470376933,0.003574389984025322,0.12176471471974398
downstream_retail,2022-04-22,0.14485918394726605,-0.0352392966034553,0.18009848055072133
downstream_retail,2022-04-29,0.08348550093799009,-0.031099870329207788,0.11458537126719785
downstream_retail,2022-05-06,0.008990990717738054,-0.01936053654416534,0.02835152726190338
downstream_retail,2022-05-13,0.03808090664533664,-0.026946574939106606,0.06502748158444324
downstream_retail,2022-05-20,-0.03459856175671269,-0.04195121254967235,0.007352650792959652
downstream_retail,2022-05-27,0.06439989455236639,0.013361545155123646,0.05103834939724273
downstream_retail,2022-06-03,0.0687970799416929,0.005233671204290429,0.06356340873740245
downstream_retail,2022-06-10,-0.06135446356458661,-0.0014294383913409058,-0.05992502517324573
downstream_retail,2022-06-17,-0.08480959454142248,-0.010964236835606166,-0.07384535770581634
downstream_retail,2022-06-24,-0.08318230976001979,-0.016517510294726506,-0.06666479946529331
downstream_retail,2022-07-01,-0.0922536423212565,-0.030903507284823377,-0.06135013503643317
downstream_retail,2022-07-08,0.04280882039311408,0.002575785604300265,0.04023303478881378
downstream_retail,2022-07-15,0.15990176789851035,0.023165545829039586,0.13673622206947073
downstream_retail,2022-07-22,0.0850364455390867,-0.0022089094530290225,0.08724535499211566
downstream_retail,2022-07-29,0.13347999201037586,0.035076772299690244,0.0984032197106856
downstream_retail,2022-08-05,0.09126518594874988,0.024695828046857965,0.06656935790189189
downstream_retail,2022-08-12,0.0509343132333828,0.059561122170237776,-0.008626808936855005
downstream_retail,2022-08-19,0.11059561265555848,0.05335494109844942,0.057240671557109025
downstream_retail,2022-08-26,0.04953239491129339,0.00944099448217705,0.0400914004291163
downstream_retail,2022-09-02,0.017233737354143863,-0.021753266056026222,0.03898700341017006
downstream_retail,2022-09-09,0.025887655536163803,-0.025794279597661,0.05168193513382477
downstream_retail,2022-09-16,-0.054712288143209414,-0.053367107284725546,-0.0013451808584839103
downstream_retail,2022-09-23,-0.08276138629713455,-0.05466976586686191,-0.028091620430272666
downstream_retail,2022-09-30,-0.04831849321443554,-0.03854226551948115,-0.009776227694954426
downstream_retail,2022-10-07,-0.08600407717326647,-0.04688535972250891,-0.0391187174507576
downstream_retail,2022-10-14,-0.030211606284519386,-0.027112498639643816,-0.0030991076448756046
downstream_retail,2022-10-21,0.06018089616309412,0.020056733815890744,0.04012416234720334
downstream_retail,2022-10-28,0.13868956266860727,0.0533628586634215,0.0853267040051857
downstream_retail,2022-11-04,0.11940280887130358,0.032614344263254325,0.0867884646080492
downstream_retail,2022-11-11,0.09599706649789065,0.051461714336567654,0.044535352161322955
downstream_retail,2022-11-18,0.06718545768358526,0.03067983341001903,0.03650562427356618
downstream_retail,2022-11-25,-0.01843605357960138,0.006146706840196917,-0.02458276041979835
downstream_retail,2022-12-02,-0.005449587857158891,0.021089667508547558,-0.026539255365706504
downstream_retail,2022-12-09,0.017328461466909324,-0.018207992677548804,0.035536454144458066
downstream_retail,2022-12-16,-0.004581714237780447,-0.03449613172516611,0.0299144174873856
downstream_retail,2022-12-23,-0.011454299365975699,-0.03351880456596766,0.0220645051999919
downstream_retail,2022-12-30,-0.03660258953745631,-0.037114469298403466,0.0005118797609470899
downstream_retail,2023-01-06,-0.07568306122007543,-0.020969417101352,-0.05471364411872348
downstream_retail,2023-01-13,-0.06096280222409181,0.005335608067442396,-0.06629841029153424
downstream_retail,2023-01-20,-0.08892668884509479,0.002959812072047993,-0.09188650091714283
downstream_retail,2023-01-27,-0.021231399878966238,0.018153586568691954,-0.03938498644765824
downstream_retail,2023-02-03,-0.02853948461981848,0.04363403335942169,-0.07217351797924022
downstream_retail,2023-02-10,0.002237614720530176,0.02521903450479505,-0.02298141978426492
downstream_retail,2023-02-17,0.016652485077661094,0.03285840254804283,-0.016205917470381782
downstream_retail,2023-02-24,-0.03140302181506813,-3.9865535897375126e-05,-0.0313631562791708
downstream_retail,2023-03-03,-0.012901970008241509,-0.018241229491062712,0.005339259482821159
downstream_retail,2023-03-10,-0.06340100765982824,-0.04354697161883882,-0.019854036040989467
downstream_retail,2023-03-17,-0.08444603482507099,-0.0438309123713542,-0.04061512245371683
downstream_retail,2023-03-24,-0.04376424511817354,-0.016773306371389518,-0.026990938746784068
downstream_retail,2023-03-31,0.005314708866730175,-0.002641726897890804,0.007956435764620934
downstream_retail,2023-04-07,0.009107822775886244,0.028459086192544832,-0.019351263416658635
downstream_retail,2023-04-14,0.10301597967718876,0.032292737130392594,0.07072324254679611
downstream_retail,2023-04-21,0.08742430047995318,0.02589595346463691,0.06152834701531622
downstream_retail,2023-04-28,0.06082869979226106,0.012378278315731624,0.048450421476529386
downstream_retail,2023-05-05,0.11199345602569168,0.007240375091036064,0.10475308093465557
downstream_retail,2023-05-12,0.04191968734549539,-0.00022219090738000852,0.04214187825287535
downstream_retail,2023-05-19,0.019341369879913844,0.013136821224613474,0.006204548655300318
downstream_retail,2023-05-26,0.015190891723161322,0.021983251411291958,-0.006792359688130687
downstream_retail,2023-06-02,-0.013804137386145058,0.0311550140388628,-0.04495915142500791
downstream_retail,2023-06-09,-0.03796862374948047,0.02948259920825096,-0.06745122295773147
downstream_retail,2023-06-16,-0.0009564641204484678,0.027586221436641217,-0.02854268555708972
downstream_retail,2023-06-23,0.006732061826654581,0.01341104640284725,-0.006678984576192707
downstream_retail,2023-06-30,0.06779567552726527,0.02529460680860067,0.04250106871866456
downstream_retail,2023-07-07,0.08754353065692953,0.03137180580685566,0.05617172485007382
downstream_retail,2023-07-14,0.08575554250868415,0.022584113405390144,0.06317142910329397
downstream_retail,2023-07-21,0.10763466196257425,0.03394527201907983,0.07368938994349439
downstream_retail,2023-07-28,0.0008577749689262226,0.02331431109619653,-0.022456536127270346
downstream_retail,2023-08-04,-0.003926684727574936,0.005041455753676106,-0.008968140481251082
downstream_retail,2023-08-11,0.018673171245699977,-0.006215279795462437,0.024888451041162378
downstream_retail,2023-08-18,-0.01942909633399219,-0.02334494679007698,0.003915850456084759
downstream_retail,2023-08-25,0.015221155981936978,-0.026599189965346062,0.041820345947283004
downstream_retail,2023-09-01,0.028336348137252075,-0.00018677400710328737,0.028523122144355328
downstream_retail,2023-09-08,-0.015500964749566538,-0.004318621239809033,-0.011182343509757543
downstream_retail,2023-09-15,0.07067294536013494,3.15759132576152e-05,0.0706413694468773
downstream_retail,2023-09-22,0.08119656937239762,-0.01977842679501793,0.10097499616741552
downstream_retail,2023-09-29,0.07353574111138668,-0.03474288517898291,0.10827862629036956
downstream_retail,2023-10-06,0.10268753132100801,-0.02201238241777421,0.12469991373878218
downstream_retail,2023-10-13,0.01486998813736402,-0.012097403590110464,0.026967391727474446
downstream_retail,2023-10-20,-0.0019756181514336696,-0.005075087364033816,0.003099469212600108
downstream_retail,2023-10-27,0.025754243456376096,-0.013771882958170905,0.03952612641454696
downstream_retail,2023-11-03,0.03923047923355073,0.0030676419724294662,0.036162837261121225
downstream_retail,2023-11-10,0.02451808962486108,0.001564870055514503,0.02295321956934654
downstream_retail,2023-11-17,0.03152947381151656,0.007959103153259973,0.023570370658256554
downstream_retail,2023-11-24,0.03322875835007075,0.015006073881459372,0.018222684468611333
downstream_retail,2023-12-01,-0.005985494878333872,-0.018429542476847773,0.012444047598513861
downstream_retail,2023-12-08,-0.028459960581792915,-0.01260129973836754,-0.01585866084342541
downstream_retail,2023-12-15,-0.026055561509389574,-0.00935954052018388,-0.01669602098920573
downstream_retail,2023-12-22,-0.0266172416439713,-0.006353182473418318,-0.020264059170553017
downstream_retail,2023-12-29,-0.022186342067747906,0.003836463089966242,-0.026022805157714185
downstream_retail,2024-01-05,0.059980072413931315,-0.00465937102725765,0.06463944344118892
downstream_retail,2024-01-12,0.06446242080712254,0.0020711646227999283,0.06239125618432257
downstream_retail,2024-01-19,0.029022990561497222,0.0028197992175370626,0.026203191343960118
downstream_retail,2024-01-26,0.0021171005577447846,0.01390472227269033,-0.01178762171494558
downstream_retail,2024-02-02,-0.04066633281802541,0.013583362521653288,-0.05424969533967873
downstream_retail,2024-02-09,0.019778760801144872,0.015271731927164384,0.004507028873980461
downstream_retail,2024-02-16,0.04578009644895036,0.014029929312277792,0.031750167136672544
downstream_retail,2024-02-23,0.11677361365388952,0.01503003993912173,0.10174357371476776
downstream_retail,2024-03-01,0.13372440181564635,0.009034428230446187,0.12468997358520013
downstream_retail,2024-03-08,0.05530252854814896,-0.00482903839280329,0.06013156694095221
downstream_retail,2024-03-15,0.05956444161864084,0.001936756818984392,0.05762768479965642
downstream_retail,2024-03-22,0.026118639492778102,0.005225915270597504,0.020892724222180567
downstream_retail,2024-03-29,0.018923050793289885,0.016727385130573858,0.0021956656627159944
downstream_retail,2024-04-05,0.025156708687405046,0.021376605627863154,0.003780103059541858
downstream_retail,2024-04-12,-0.003928252750968831,0.005324939996687395,-0.009253192747656257
downstream_retail,2024-04-19,-0.004107631903433851,-0.01982656485907959,0.015718932955645706
downstream_retail,2024-04-26,0.005020676963833246,-0.0075780714395094345,0.012598748403342647
downstream_retail,2024-05-03,-0.03508873697188536,-0.014830553761509555,-0.020258183210375837
downstream_retail,2024-05-10,0.0707646584280095,0.0036636469464588987,0.06710101148155057
downstream_retail,2024-05-17,0.07039550277095913,0.02428872312323178,0.04610677964772734
downstream_retail,2024-05-24,0.06272711753206325,0.009645811445870478,0.05308130608619277
downstream_retail,2024-05-31,0.08394084860421358,0.01530533812088158,0.06863551048333198
downstream_retail,2024-06-07,-0.001617950043971349,0.018245848397142675,-0.01986379844111404
downstream_retail,2024-06-14,0.07397089367108348,0.017983929318696256,0.0559869643523872
downstream_retail,2024-06-21,0.07043386590213964,0.019918531472673636,0.050515334429465986
downstream_retail,2024-06-28,0.09608492347428726,0.022689624852626877,0.07339529862166036
downstream_retail,2024-07-05,0.05958878798899986,0.021984867846220786,0.03760392014277905
downstream_retail,2024-07-12,0.010820539675420314,0.011500678883705576,-0.0006801392082852881
downstream_retail,2024-07-19,0.0383888935679721,0.0035623550980321203,0.03482653846993995
downstream_retail,2024-07-26,0.05408318362884294,0.0003115055521979936,0.053771678076644916
downstream_retail,2024-08-02,0.06587765139158053,-0.022126859264710884,0.0880045106562914
downstream_retail,2024-08-09,0.03444873512738393,-0.015229051810729225,0.04967778693811314
downstream_retail,2024-08-16,0.005815755200505849,0.007220869434836123,-0.0014051142343302972
downstream_retail,2024-08-23,-0.02419545969653256,0.012530278114222606,-0.036725737810755194
downstream_retail,2024-08-30,-0.006380715111552005,0.026805978643911675,-0.03318669375546371
downstream_retail,2024-09-06,-0.0034573278185601724,0.005190471174947253,-0.008647798993507452
downstream_retail,2024-09-13,0.02303739697034371,0.0021337088650668252,0.02090368810527686
downstream_retail,2024-09-20,-0.01892748667580988,0.001813231398953146,-0.020740718074763048
downstream_retail,2024-09-27,-0.004710223099051107,-0.002075828860316399,-0.00263439423873473
downstream_retail,2024-10-04,-0.029209118405167878,0.0197408507786449,-0.0489499691838128
downstream_retail,2024-10-11,-0.036698519653806265,0.01580055622796691,-0.0524990758817732
downstream_retail,2024-10-18,0.012990710740148537,0.015350636408518466,-0.0023599256683699537
downstream_retail,2024-10-25,-0.003639701242888529,0.02018746334515585,-0.023827164588044403
downstream_retail,2024-11-01,0.031493181085266345,0.015280326165454817,0.016212854919811504
downstream_retail,2024-11-08,0.06286918422875612,0.021350919693739256,0.04151826453501685
downstream_retail,2024-11-15,0.0634894714532144,0.011233858916206985,0.052255612537007404
downstream_retail,2024-11-22,0.11679770753551307,0.017053959926941323,0.09974374760857173
downstream_retail,2024-11-29,0.09565254198200747,0.027563328490671397,0.06808921349133604
downstream_retail,2024-12-06,0.03144734615317714,0.01547499197063177,0.01597235418254535
downstream_retail,2024-12-13,0.04898582307819827,0.03187506514843101,0.01711075792976724
downstream_retail,2024-12-20,-0.05355459971786725,0.0157244655537249,-0.06927906527159218
downstream_retail,2024-12-27,-0.060951340623430675,0.012089572514730428,-0.07304091313816113
downstream_retail,2025-01-03,-0.06735681960444966,-0.0025925920169308407,-0.06476422758751885
downstream_retail,2025-01-10,-0.10767492469199479,-0.01712236961434989,-0.09055255507764493
downstream_retail,2025-01-17,-0.05855253479014415,0.010422875095037986,-0.06897540988518215
downstream_retail,2025-01-24,-0.019914595867324296,0.010631564191892809,-0.030546160059217124
downstream_retail,2025-01-31,0.03158377690434057,0.011129760663319103,0.020454016241021444
downstream_retail,2025-02-07,0.042285649782508664,0.011079294761838755,0.03120635502066989
downstream_retail,2025-02-14,0.06100268001775545,0.003252283771844156,0.05775039624591127
downstream_retail,2025-02-21,-0.039324479192594596,-0.013114224347742256,-0.026210254844852364
downstream_retail,2025-02-28,-0.04254981709520011,-0.011659092612323056,-0.03089072448287708
downstream_retail,2025-03-07,-0.060822143004364615,-0.020087698103327365,-0.04073444490103728
downstream_retail,2025-03-14,-0.08170666200592819,-0.05011397872852878,-0.03159268327739945
downstream_retail,2025-03-21,-0.007465142288281747,-0.04118799511193756,0.03372285282365578
downstream_retail,2025-03-28,0.011495168837016526,-0.03409458667076084,0.045589755507777344
downstream_retail,2025-04-04,0.036749898131627566,-0.06257033184086602,0.09932022997249357
downstream_retail,2025-04-11,0.13747596433377482,-0.011658008683783437,0.14913397301755824
downstream_retail,2025-04-18,0.13808052644458427,-0.02549327869214122,0.16357380513672545
downstream_retail,2025-04-25,0.05020239028638235,-0.008923092253817665,0.05912548254019999
downstream_retail,2025-05-02,0.08367290922257242,0.05020216329492251,0.03347074592764991
downstream_retail,2025-05-09,-0.07649743140589238,0.012256033957330199,-0.0887534653632226
downstream_retail,2025-05-16,-0.058004790028480704,0.05485014112447528,-0.112854931152956
downstream_retail,2025-05-23,-0.0517096076882141,0.01759567723333575,-0.06930528492154987
downstream_retail,2025-05-30,-0.1051287119930349,0.010048372341291266,-0.11517708433432618
downstream_retail,2025-06-06,-0.03176939593338926,0.01611191980571262,-0.047881315739101885
downstream_retail,2025-06-13,-0.02339711103666195,-0.025541285116153105,0.0021441740794911415
downstream_retail,2025-06-20,0.0023230998167249484,-0.007259171443566082,0.009582271260291018
downstream_retail,2025-06-27,0.03883755305430838,0.0009163198919770049,0.037921233162331355
downstream_retail,2025-07-04,0.06255615888663443,0.0062242084214163464,0.056331950465218064
downstream_retail,2025-07-11,0.037232012251609936,0.012080558422928435,0.025151453828681496
downstream_retail,2025-07-18,0.027696669706769005,0.00908566049653508,0.018611009210233915
downstream_retail,2025-07-25,0.03836474191111735,-0.00026268279777945207,0.038627424708896796
downstream_retail,2025-08-01,-0.05258414522737151,-0.021083728708943275,-0.03150041651842825
downstream_retail,2025-08-08,-0.03632692445846886,-0.0019414351447463504,-0.034385489313722525
downstream_retail,2025-08-15,-0.016222516997420833,0.009848460124426521,-0.026070977121847364
downstream_retail,2025-08-22,-0.05883845156777555,-0.0011340146995944544,-0.05770443686818111
downstream_retail,2025-08-29,-0.007711628255360576,0.008272541996548241,-0.015984170251908833
downstream_retail,2025-09-05,3.9535256634141286e-05,3.0379990017491247e-05,9.155266616638763e-06
downstream_retail,2025-09-12,0.03966069111974375,-0.001479923348590411,0.04114061446833415
downstream_retail,2025-09-19,0.04825367250790802,-0.0021641251142157873,0.0504177976221238
downstream_retail,2025-09-26,0.07164403797979269,0.0013715106907614904,0.07027252728903119
downstream_retail,2025-10-03,0.06805071627609097,0.006808186559768439,0.06124252971632251
downstream_retail,2025-10-10,-0.013287211669082998,-0.019316014616041485,0.006028802946958475
downstream_retail,2025-10-17,0.023490545551395018,-0.008423012698994412,0.03191355825038941
downstream_retail,2025-10-24,-0.031956626956011126,0.004324653208335891,-0.036281280164347035
downstream_retail,2025-10-31,-0.09920884829409639,-0.0032839184908145507,-0.09592492980328185
downstream_retail,2025-11-07,-0.04003051555252872,0.016958309358124125,-0.05698882491065285
downstream_retail,2025-11-14,-0.06600985166318275,0.014049551226181643,-0.08005940288936442
downstream_retail,2025-11-21,0.031200498888537376,-0.00566333565169956,0.03686383454023692
downstream_retail,2025-11-28,0.0899321910441148,0.010072572148762584,0.0798596188953522
downstream_retail,2025-12-05,0.06966373219986462,0.007735980557010998,0.0619277516428536
downstream_retail,2025-12-12,0.06715952804933187,0.007337516277423444,0.05982201177190842
downstream_retail,2025-12-19,0.02768982177705531,0.014612877905035725,0.013076943872019572
downstream_retail,2025-12-26,0.023773880321325123,0.006989445974957954,0.016784434346367158
downstream_retail,2026-01-02,0.00623948622211736,0.0015985652648408955,0.004640920957276454
downstream_retail,2026-01-09,0.0722380621520896,-0.003993055848767307,0.0762311180008569
downstream_retail,2026-01-16,0.11176355081651203,-0.015644842930305762,0.12740839374681778
downstream_retail,2026-01-23,0.07798494996547112,-0.026623234867937114,0.10460818483340822
downstream_retail,2026-01-30,0.06445674128267648,-0.02552117556486442,0.08997791684754086
downstream_retail,2026-02-06,-0.007199343488994515,-0.018375279550821945,0.011175936061827419
downstream_retail,2026-02-13,-0.020212020204726962,-0.021488480531123275,0.001276460326396299
downstream_retail,2026-02-20,-0.01660610134938026,-0.01831985429101537,0.0017137529416350952
downstream_retail,2026-02-27,0.023010480835458508,-0.018977483041741912,0.04198796387720041
downstream_retail,2026-03-06,0.07789820390151889,-0.013700042269542292,0.09159824617106116
downstream_retail,2026-03-13,0.054123369822548506,-0.0016049911370005889,0.05572836095954908
downstream_retail,2026-03-20,0.09175485449117075,-0.00025126291936265993,0.09200611741053338
downstream_retail,2026-03-27,0.14995386914746445,-0.0014851729854887417,0.15143904213295317
downstream_retail,2026-04-03,0.12414607009205755,0.008764068225862221,0.11538200186619532
downstream_retail,2026-04-10,0.09376104817700846,0.01488920367415341,0.07887184450285505
downstream_retail,2026-04-17,0.08596091151741792,0.01635486410814489,0.069606047409273
downstream_retail,2026-04-24,0.08056357705452863,0.039436150778893946,0.04112742627563467
downstream_retail,2026-05-01,0.14516594065953292,0.026908407177537112,0.11825753348199579
downstream_retail,2026-05-08,0.15353044181682146,0.032403161325000034,0.12112728049182142
